file,sample,iteration,method,KT,KT_gen,s_qualityGT,s_qualityRel,s_qualityAbs,jaccard,num_node,num_edges,node_coverage
progressive/rome_benchmark/grafo4613.77,12,1,degree,0.6263736263736264,0.3846153846153847,0.07625707625707626,4.0,1.375,0.0606060606060606,77,120,0.18181818181818182
progressive/rome_benchmark/grafo4613.77,12,1,closeness,0.03333333333333333,0.0,0.07625707625707626,3.0,3.0,0.0,77,120,0.2077922077922078
progressive/rome_benchmark/grafo4613.77,12,1,betweeness,0.07692307692307691,-0.29411764705882354,0.07625707625707626,4.5,0.07142857142857142,0.09783549783549783,77,120,0.16883116883116883
progressive/rome_benchmark/grafo4613.77,12,1,rmc,0.31666666666666665,0.0,0.07625707625707626,3.0,0.75,0.018181818181818184,77,120,0.2077922077922078
progressive/rome_benchmark/grafo4613.77,12,1,random,0.3846153846153845,-1.0,0.07625707625707626,3.0,0.75,0.045454545454545456,77,120,0.16883116883116883
progressive/rome_benchmark/grafo4613.77,12,1,spectral,0.2527472527472528,-1.0,0.07625707625707626,4.0,0.4375,0.0606060606060606,77,120,0.18181818181818182
progressive/rome_benchmark/grafo4613.77,24,2,degree,0.37333333333333324,-0.019455252918287893,0.07625707625707626,4.666666666666667,0.4166666666666667,0.15844155844155844,77,120,0.3246753246753247
progressive/rome_benchmark/grafo4613.77,24,2,closeness,0.35978835978835977,0.3333333333333334,0.07625707625707626,4.0,1.5,0.06818181818181818,77,120,0.36363636363636365
progressive/rome_benchmark/grafo4613.77,24,2,betweeness,0.29999999999999993,0.3613969441845963,0.07625707625707626,1.625,0.5,0.17662337662337663,77,120,0.3246753246753247
progressive/rome_benchmark/grafo4613.77,24,2,rmc,0.5335968379446641,0.0,0.07625707625707626,1.125,0.12053571428571429,0.03333333333333333,77,120,0.2987012987012987
progressive/rome_benchmark/grafo4613.77,24,2,random,0.4092307692307693,0.0,0.07625707625707626,1.125,0.12053571428571429,0.01515151515151515,77,120,0.33766233766233766
progressive/rome_benchmark/grafo4613.77,24,2,spectral,0.45333333333333325,-0.11111111111111108,0.07625707625707626,4.0,1.375,0.08484848484848485,77,120,0.3246753246753247
progressive/rome_benchmark/grafo4613.77,36,3,degree,0.4318181818181819,0.08815672306322352,0.07625707625707626,0.8333333333333334,0.19047619047619047,0.2545454545454545,77,120,0.42857142857142855
progressive/rome_benchmark/grafo4613.77,36,3,closeness,0.5436720142602497,0.3519074153450493,0.07625707625707626,0.8958333333333334,0.3010204081632653,0.15606060606060607,77,120,0.44155844155844154
progressive/rome_benchmark/grafo4613.77,36,3,betweeness,0.4402852049910874,0.3613969441845963,0.07625707625707626,0.8333333333333334,0.22685185185185183,0.18181818181818182,77,120,0.44155844155844154
progressive/rome_benchmark/grafo4613.77,36,3,rmc,0.5526881720430108,0.7381342062193127,0.07625707625707626,0.3888888888888889,0.21428571428571427,0.14112554112554113,77,120,0.4025974025974026
progressive/rome_benchmark/grafo4613.77,36,3,random,0.5193277310924369,0.7699910152740342,0.07625707625707626,1.25,0.35416666666666663,0.18181818181818182,77,120,0.45454545454545453
progressive/rome_benchmark/grafo4613.77,36,3,spectral,0.4937611408199645,0.8900343642611683,0.07625707625707626,0.5,0.39,0.18181818181818182,77,120,0.44155844155844154
progressive/rome_benchmark/grafo4613.77,48,4,degree,0.4889663182346109,0.627906976744186,0.07625707625707626,0.4166666666666667,0.23611111111111113,0.20454545454545456,77,120,0.5454545454545454
progressive/rome_benchmark/grafo4613.77,48,4,closeness,0.5761024182076815,0.44354937640564307,0.07625707625707626,0.37916666666666665,0.14616402116402114,0.2590909090909091,77,120,0.4935064935064935
progressive/rome_benchmark/grafo4613.77,48,4,betweeness,0.5102564102564103,0.43300110741971215,0.07625707625707626,0.33333333333333337,0.24074074074074073,0.16363636363636364,77,120,0.5194805194805194
progressive/rome_benchmark/grafo4613.77,48,4,rmc,0.6216216216216217,0.7209171472780982,0.07625707625707626,0.33666666666666667,0.14682539682539683,0.19090909090909092,77,120,0.4935064935064935
progressive/rome_benchmark/grafo4613.77,48,4,random,0.5878048780487805,0.632183908045977,0.07625707625707626,0.5208333333333334,0.035881696428571426,0.10378787878787878,77,120,0.5324675324675324
progressive/rome_benchmark/grafo4613.77,48,4,spectral,0.5470383275261325,1.0,0.07625707625707626,0.40625,0.3,0.09090909090909091,77,120,0.5454545454545454
progressive/rome_benchmark/grafo4613.77,60,5,degree,0.6019323671497585,0.43557277394563615,0.07625707625707626,0.2333333333333333,0.13227513227513227,0.2,77,120,0.5974025974025974
progressive/rome_benchmark/grafo4613.77,60,5,closeness,0.688888888888889,0.4224158946855193,0.07625707625707626,0.33866666666666667,0.10562770562770561,0.2651515151515152,77,120,0.5974025974025974
progressive/rome_benchmark/grafo4613.77,60,5,betweeness,0.6242424242424242,0.38748261782483207,0.07625707625707626,0.14833333333333332,0.06476190476190477,0.2681818181818182,77,120,0.5844155844155844
progressive/rome_benchmark/grafo4613.77,60,5,rmc,0.5942028985507247,0.9640732616603929,0.07625707625707626,0.4305555555555556,0.1308982683982684,0.3477272727272727,77,120,0.5974025974025974
progressive/rome_benchmark/grafo4613.77,60,5,random,0.6124818577648767,0.6680497925311203,0.07625707625707626,0.22999999999999998,0.07711038961038962,0.15454545454545454,77,120,0.6883116883116883
progressive/rome_benchmark/grafo4613.77,60,5,spectral,0.6651248843663276,0.44946236559139785,0.07625707625707626,0.16666666666666666,0.08333333333333333,0.3181818181818182,77,120,0.6103896103896104
progressive/rome_benchmark/grafo4613.77,72,6,degree,0.6909803921568628,0.5446918750587256,0.07625707625707626,0.1455026455026455,0.09105180533751961,0.353030303030303,77,120,0.6623376623376623
progressive/rome_benchmark/grafo4613.77,72,6,closeness,0.767843137254902,0.8942102501311877,0.07625707625707626,0.12469135802469136,0.0659259259259259,0.3060606060606061,77,120,0.6623376623376623
progressive/rome_benchmark/grafo4613.77,72,6,betweeness,0.7453061224489795,0.8179832090134516,0.07625707625707626,0.11095238095238096,0.0673922902494331,0.3220779220779221,77,120,0.6493506493506493
progressive/rome_benchmark/grafo4613.77,72,6,rmc,0.5946763460375075,0.9640732616603929,0.07625707625707626,0.3666666666666667,0.10253246753246753,0.3477272727272727,77,120,0.7532467532467533
progressive/rome_benchmark/grafo4613.77,72,6,random,0.6696914700544464,1.0,0.07625707625707626,0.12777777777777777,0.09047619047619049,0.21060606060606057,77,120,0.7532467532467533
progressive/rome_benchmark/grafo4613.77,72,6,spectral,0.7431059506531205,0.9489652250837912,0.07625707625707626,0.11174242424242423,0.07604166666666666,0.3931818181818182,77,120,0.6883116883116883
progressive/rome_benchmark/grafo4613.77,84,7,degree,0.7555958862673925,0.8073843056225337,0.07625707625707626,0.11553030303030304,0.07920634920634921,0.45714285714285713,77,120,0.7532467532467533
progressive/rome_benchmark/grafo4613.77,84,7,closeness,0.7785310734463277,0.14537694803173573,0.07625707625707626,0.1298611111111111,0.054365079365079366,0.3229437229437229,77,120,0.7792207792207793
progressive/rome_benchmark/grafo4613.77,84,7,betweeness,0.7785310734463277,0.14537694803173573,0.07625707625707626,0.1298611111111111,0.054365079365079366,0.3229437229437229,77,120,0.7792207792207793
progressive/rome_benchmark/grafo4613.77,84,7,rmc,0.6807692307692308,0.97710420603039,0.07625707625707626,0.15850340136054422,0.09188311688311689,0.2827922077922078,77,120,0.8441558441558441
progressive/rome_benchmark/grafo4613.77,84,7,random,0.7398873527905785,0.8409793651795292,0.07625707625707626,0.18055555555555555,0.08829365079365079,0.42500000000000004,77,120,0.8181818181818182
progressive/rome_benchmark/grafo4613.77,84,7,spectral,0.7846339987900786,0.9940262412104851,0.07625707625707626,0.14583333333333331,0.08424908424908426,0.5909090909090909,77,120,0.7532467532467533
progressive/rome_benchmark/grafo4613.77,96,8,degree,0.8353174603174602,0.8081675486994708,0.07625707625707626,0.060882352941176464,0.041868530020703926,0.6704545454545454,77,120,0.8311688311688312
progressive/rome_benchmark/grafo4613.77,96,8,closeness,0.8153846153846154,0.30570646167129134,0.07625707625707626,0.13472222222222222,0.0757020757020757,0.47748917748917746,77,120,0.8571428571428571
progressive/rome_benchmark/grafo4613.77,96,8,betweeness,0.8153846153846154,0.30570646167129134,0.07625707625707626,0.13472222222222222,0.0757020757020757,0.47748917748917746,77,120,0.8571428571428571
progressive/rome_benchmark/grafo4613.77,96,8,rmc,0.7545271629778674,1.0,0.07625707625707626,0.1888888888888889,0.08961640211640212,0.4022727272727273,77,120,0.922077922077922
progressive/rome_benchmark/grafo4613.77,96,8,random,0.8098891730605284,0.7420679245283018,0.07625707625707626,0.13194444444444445,0.08151455026455026,0.3909090909090909,77,120,0.8961038961038961
progressive/rome_benchmark/grafo4613.77,96,8,spectral,0.8573426573426574,0.9824215453056249,0.07625707625707626,0.10750661375661376,0.06831501831501831,0.537878787878788,77,120,0.8571428571428571
progressive/rome_benchmark/grafo4613.77,108,9,degree,0.8898550724637683,0.8007933982350877,0.07625707625707626,0.07979142070051161,0.07124819624819625,0.7840909090909091,77,120,0.9090909090909091
progressive/rome_benchmark/grafo4613.77,108,9,closeness,0.8706240487062404,0.5500966491159268,0.07625707625707626,0.0945616883116883,0.07121598639455781,0.7045454545454546,77,120,0.948051948051948
progressive/rome_benchmark/grafo4613.77,108,9,betweeness,0.8706240487062404,0.5500966491159268,0.07625707625707626,0.0945616883116883,0.07121598639455781,0.7045454545454546,77,120,0.948051948051948
progressive/rome_benchmark/grafo4613.77,108,9,rmc,0.8659755646057016,1.0,0.07625707625707626,0.09330357142857143,0.07913961038961038,0.5954545454545455,77,120,0.961038961038961
progressive/rome_benchmark/grafo4613.77,108,9,random,0.9484909456740444,0.8043667173055395,0.07625707625707626,0.07186147186147186,0.05373299319727891,0.6477272727272727,77,120,0.922077922077922
progressive/rome_benchmark/grafo4613.77,108,9,spectral,0.8599695585996957,0.9979950110574497,0.07625707625707626,0.09173160173160172,0.07586080586080585,0.7878787878787878,77,120,0.948051948051948
progressive/rome_benchmark/grafo4613.77,120,10,degree,0.9999999999999999,1.0,0.07625707625707626,0.07625707625707626,0.07625707625707626,1.0,77,120,1.0
progressive/rome_benchmark/grafo4613.77,120,10,closeness,0.9999999999999999,1.0,0.07625707625707626,0.07625707625707626,0.07625707625707626,1.0,77,120,1.0
progressive/rome_benchmark/grafo4613.77,120,10,betweeness,0.9999999999999999,1.0,0.07625707625707626,0.07625707625707626,0.07625707625707626,1.0,77,120,1.0
progressive/rome_benchmark/grafo4613.77,120,10,rmc,0.9999999999999999,1.0,0.07625707625707626,0.07625707625707626,0.07625707625707626,1.0,77,120,1.0
progressive/rome_benchmark/grafo4613.77,120,10,random,0.9999999999999999,1.0,0.07625707625707626,0.07625707625707626,0.07625707625707626,1.0,77,120,1.0
progressive/rome_benchmark/grafo4613.77,120,10,spectral,0.9999999999999999,1.0,0.07625707625707626,0.07625707625707626,0.07625707625707626,1.0,77,120,1.0
progressive/rome_benchmark/grafo11567.35,5,1,degree,0.3333333333333333,1.0,0.75,5.0,1.25,0.3333333333333333,35,43,0.17142857142857143
progressive/rome_benchmark/grafo11567.35,5,1,closeness,0.6428571428571428,0.0,0.75,3.0,0.75,0.0,35,43,0.22857142857142856
progressive/rome_benchmark/grafo11567.35,5,1,betweeness,0.3333333333333333,0.0,0.75,4.0,0.4444444444444444,0.0,35,43,0.17142857142857143
progressive/rome_benchmark/grafo11567.35,5,1,rmc,0.4666666666666666,-0.5,0.75,0,0,0.0,35,43,0.17142857142857143
progressive/rome_benchmark/grafo11567.35,5,1,random,0.4666666666666666,-0.5,0.75,0,0,0.0,35,43,0.17142857142857143
progressive/rome_benchmark/grafo11567.35,5,1,spectral,0.6,-0.5,0.75,0,0,0.0,35,43,0.14285714285714285
progressive/rome_benchmark/grafo11567.35,9,2,degree,0.5555555555555555,1.0,0.75,5.0,1.25,0.3333333333333333,35,43,0.2857142857142857
progressive/rome_benchmark/grafo11567.35,9,2,closeness,0.4545454545454545,0.0,0.75,4.0,0.4444444444444444,0.0,35,43,0.34285714285714286
progressive/rome_benchmark/grafo11567.35,9,2,betweeness,0.5111111111111111,0.0,0.75,4.0,0.4444444444444444,0.0,35,43,0.2857142857142857
progressive/rome_benchmark/grafo11567.35,9,2,rmc,0.38181818181818183,0.0,0.75,3.0,3.0,0.0,35,43,0.3142857142857143
progressive/rome_benchmark/grafo11567.35,9,2,random,0.7454545454545454,0.0,0.75,3.0,3.0,0.0,35,43,0.3142857142857143
progressive/rome_benchmark/grafo11567.35,9,2,spectral,0.7857142857142856,0.0,0.75,0.75,0.75,0.0,35,43,0.22857142857142856
progressive/rome_benchmark/grafo11567.35,13,3,degree,0.5428571428571429,1.0,0.75,3.6666666666666665,0.33333333333333337,0.3333333333333333,35,43,0.42857142857142855
progressive/rome_benchmark/grafo11567.35,13,3,closeness,0.4945054945054945,0.0,0.75,4.0,0.4444444444444444,0.0,35,43,0.4
progressive/rome_benchmark/grafo11567.35,13,3,betweeness,0.5897435897435896,0.0,0.75,3.5,1.25,0.0,35,43,0.37142857142857144
progressive/rome_benchmark/grafo11567.35,13,3,rmc,0.8021978021978022,-0.5,0.75,0,0,0.0,35,43,0.4
progressive/rome_benchmark/grafo11567.35,13,3,random,0.561904761904762,0.0,0.75,4.0,0.4444444444444444,0.0,35,43,0.42857142857142855
progressive/rome_benchmark/grafo11567.35,13,3,spectral,0.5897435897435896,0.0,0.75,1.125,0.3125,0.0,35,43,0.37142857142857144
progressive/rome_benchmark/grafo11567.35,18,4,degree,0.52046783625731,1.0,0.75,4.0,0.2685185185185185,0.3333333333333333,35,43,0.5428571428571428
progressive/rome_benchmark/grafo11567.35,18,4,closeness,0.49999999999999994,0.0,0.75,1.3333333333333333,0.5,0.2,35,43,0.4857142857142857
progressive/rome_benchmark/grafo11567.35,18,4,betweeness,0.5789473684210525,1.0,0.75,4.0,0.8333333333333334,0.3333333333333333,35,43,0.5428571428571428
progressive/rome_benchmark/grafo11567.35,18,4,rmc,0.6842105263157894,1.0,0.75,4.0,0.4444444444444444,0.4,35,43,0.5428571428571428
progressive/rome_benchmark/grafo11567.35,18,4,random,0.5052631578947369,0.0,0.75,3.0,0.6666666666666666,0.0,35,43,0.5714285714285714
progressive/rome_benchmark/grafo11567.35,18,4,spectral,0.75,0.0,0.75,1.0,0.611111111111111,0.0,35,43,0.45714285714285713
progressive/rome_benchmark/grafo11567.35,22,5,degree,0.6103896103896104,1.0,0.75,3.75,0.425,0.3333333333333333,35,43,0.6285714285714286
progressive/rome_benchmark/grafo11567.35,22,5,closeness,0.6947368421052632,1.0,0.75,1.75,0.75,0.3333333333333333,35,43,0.5714285714285714
progressive/rome_benchmark/grafo11567.35,22,5,betweeness,0.6103896103896104,1.0,0.75,4.0,0.8333333333333334,0.3333333333333333,35,43,0.6285714285714286
progressive/rome_benchmark/grafo11567.35,22,5,rmc,0.9181286549707602,1.0,0.75,4.0,4.0,0.75,35,43,0.5428571428571428
progressive/rome_benchmark/grafo11567.35,22,5,random,0.6363636363636365,0.0,0.75,3.3333333333333335,0.28888888888888886,0.0,35,43,0.6571428571428571
progressive/rome_benchmark/grafo11567.35,22,5,spectral,0.6374269005847952,0.0,0.75,0.5833333333333334,0.5833333333333334,0.0,35,43,0.5428571428571428
progressive/rome_benchmark/grafo11567.35,26,6,degree,0.6666666666666667,1.0,0.75,4.0,0.8333333333333334,0.3333333333333333,35,43,0.6857142857142857
progressive/rome_benchmark/grafo11567.35,26,6,closeness,0.7402597402597402,1.0,0.75,1.6666666666666667,0.36666666666666664,0.3333333333333333,35,43,0.6285714285714286
progressive/rome_benchmark/grafo11567.35,26,6,betweeness,0.6231884057971014,1.0,0.75,3.1666666666666665,0.7222222222222222,0.3333333333333333,35,43,0.6857142857142857
progressive/rome_benchmark/grafo11567.35,26,6,rmc,0.8333333333333333,1.0,0.75,4.0,4.0,0.75,35,43,0.6857142857142857
progressive/rome_benchmark/grafo11567.35,26,6,random,0.5466666666666665,1.0,0.75,4.0,0.4375,0.3333333333333333,35,43,0.7142857142857143
progressive/rome_benchmark/grafo11567.35,26,6,spectral,0.6521739130434783,1.0,0.75,1.0555555555555556,0.5416666666666666,0.2857142857142857,35,43,0.6571428571428571
progressive/rome_benchmark/grafo11567.35,31,7,degree,0.7301587301587301,1.0,0.75,4.5,0.75,0.3333333333333333,35,43,0.8
progressive/rome_benchmark/grafo11567.35,31,7,closeness,0.8133333333333331,1.0,0.75,1.75,1.75,0.3333333333333333,35,43,0.7142857142857143
progressive/rome_benchmark/grafo11567.35,31,7,betweeness,0.737891737891738,1.0,0.75,3.1666666666666665,0.7222222222222222,0.3333333333333333,35,43,0.7714285714285715
progressive/rome_benchmark/grafo11567.35,31,7,rmc,0.6878306878306878,1.0,0.75,3.5,0.8333333333333334,0.75,35,43,0.8
progressive/rome_benchmark/grafo11567.35,31,7,random,0.6551724137931033,0.0,0.75,1.5,0.41666666666666663,0.0,35,43,0.8285714285714286
progressive/rome_benchmark/grafo11567.35,31,7,spectral,0.7150997150997151,1.0,0.75,0.875,0.2708333333333333,0.4,35,43,0.7714285714285715
progressive/rome_benchmark/grafo11567.35,35,8,degree,0.8022988505747127,1.0,0.75,3.5,1.375,0.75,35,43,0.8571428571428571
progressive/rome_benchmark/grafo11567.35,35,8,closeness,0.8472906403940885,1.0,0.75,1.75,1.75,0.3333333333333333,35,43,0.8285714285714286
progressive/rome_benchmark/grafo11567.35,35,8,betweeness,0.7747126436781608,1.0,0.75,5.0,5.0,0.3333333333333333,35,43,0.8571428571428571
progressive/rome_benchmark/grafo11567.35,35,8,rmc,0.6975806451612904,1.0,0.75,3.5,0.8333333333333334,0.75,35,43,0.9142857142857143
progressive/rome_benchmark/grafo11567.35,35,8,random,0.6856060606060606,1.0,0.75,3.5,0.8333333333333334,0.75,35,43,0.9428571428571428
progressive/rome_benchmark/grafo11567.35,35,8,spectral,0.8965517241379308,0.0,0.75,0.5,0.325,0.2,35,43,0.8285714285714286
progressive/rome_benchmark/grafo11567.35,39,9,degree,0.7992424242424243,1.0,0.75,1.125,0.5,1.0,35,43,0.9428571428571428
progressive/rome_benchmark/grafo11567.35,39,9,closeness,0.9556451612903226,1.0,0.75,4.0,4.0,0.75,35,43,0.9142857142857143
progressive/rome_benchmark/grafo11567.35,39,9,betweeness,0.8901515151515151,1.0,0.75,4.0,4.0,0.75,35,43,0.9428571428571428
progressive/rome_benchmark/grafo11567.35,39,9,rmc,0.8039215686274511,1.0,0.75,0.5,0.3125,1.0,35,43,0.9714285714285714
progressive/rome_benchmark/grafo11567.35,39,9,random,0.903225806451613,1.0,0.75,0.75,0.75,1.0,35,43,0.9142857142857143
progressive/rome_benchmark/grafo11567.35,39,9,spectral,0.931451612903226,1.0,0.75,0.4166666666666667,0.4166666666666667,1.0,35,43,0.9142857142857143
progressive/rome_benchmark/grafo11567.35,43,10,degree,1.0,1.0,0.75,0.75,0.75,1.0,35,43,1.0
progressive/rome_benchmark/grafo11567.35,43,10,closeness,1.0,1.0,0.75,0.75,0.75,1.0,35,43,1.0
progressive/rome_benchmark/grafo11567.35,43,10,betweeness,1.0,1.0,0.75,0.75,0.75,1.0,35,43,1.0
progressive/rome_benchmark/grafo11567.35,43,10,rmc,1.0,1.0,0.75,0.75,0.75,1.0,35,43,1.0
progressive/rome_benchmark/grafo11567.35,43,10,random,1.0,1.0,0.75,0.75,0.75,1.0,35,43,1.0
progressive/rome_benchmark/grafo11567.35,43,10,spectral,1.0,1.0,0.75,0.75,0.75,1.0,35,43,1.0
progressive/rome_benchmark/grafo5265.40,6,1,degree,0.7142857142857143,0.6,0.7000000000000001,6.0,0.6666666666666666,0.2,40,56,0.175
progressive/rome_benchmark/grafo5265.40,6,1,closeness,0.4222222222222222,-0.5,0.7000000000000001,0,0,0.0,40,56,0.25
progressive/rome_benchmark/grafo5265.40,6,1,betweeness,0.14285714285714288,0.0,0.7000000000000001,3.0,0.3333333333333333,0.0,40,56,0.175
progressive/rome_benchmark/grafo5265.40,6,1,rmc,0.05555555555555555,-0.5,0.7000000000000001,0,0,0.0,40,56,0.225
progressive/rome_benchmark/grafo5265.40,6,1,random,0.0,0.0,0.7000000000000001,3.0,0.75,0.0,40,56,0.225
progressive/rome_benchmark/grafo5265.40,6,1,spectral,0.4285714285714286,0.0,0.7000000000000001,3.0,0.75,0.025,40,56,0.175
progressive/rome_benchmark/grafo5265.40,12,2,degree,0.45054945054945056,0.5094339622641509,0.7000000000000001,5.0,0.25,0.3333333333333333,40,56,0.35
progressive/rome_benchmark/grafo5265.40,12,2,closeness,0.42857142857142855,0.0,0.7000000000000001,0.75,0.75,0.0,40,56,0.35
progressive/rome_benchmark/grafo5265.40,12,2,betweeness,0.42857142857142855,0.0,0.7000000000000001,0.75,0.75,0.0,40,56,0.35
progressive/rome_benchmark/grafo5265.40,12,2,rmc,0.1764705882352941,0.0,0.7000000000000001,3.0,0.75,0.0,40,56,0.425
progressive/rome_benchmark/grafo5265.40,12,2,random,0.3626373626373627,0.3333333333333334,0.7000000000000001,6.0,0.375,0.2,40,56,0.35
progressive/rome_benchmark/grafo5265.40,12,2,spectral,0.3186813186813187,0.4666666666666667,0.7000000000000001,6.0,0.6666666666666666,0.2,40,56,0.35
progressive/rome_benchmark/grafo5265.40,17,3,degree,0.28654970760233917,0.4666666666666667,0.7000000000000001,6.0,0.625,0.4,40,56,0.475
progressive/rome_benchmark/grafo5265.40,17,3,closeness,0.5672514619883041,0.0,0.7000000000000001,0.625,0.625,0.0,40,56,0.475
progressive/rome_benchmark/grafo5265.40,17,3,betweeness,0.5672514619883041,0.0,0.7000000000000001,0.625,0.625,0.0,40,56,0.475
progressive/rome_benchmark/grafo5265.40,17,3,rmc,0.30526315789473685,1.0,0.7000000000000001,4.0,0.6666666666666666,0.16666666666666669,40,56,0.5
progressive/rome_benchmark/grafo5265.40,17,3,random,0.4736842105263158,0.19999999999999993,0.7000000000000001,6.0,1.5,0.2,40,56,0.5
progressive/rome_benchmark/grafo5265.40,17,3,spectral,0.21666666666666667,0.4666666666666667,0.7000000000000001,5.5,0.27380952380952384,0.22000000000000003,40,56,0.4
progressive/rome_benchmark/grafo5265.40,23,4,degree,0.5844155844155845,0.4574712643678161,0.7000000000000001,5.666666666666667,0.5,0.5800000000000001,40,56,0.55
progressive/rome_benchmark/grafo5265.40,23,4,closeness,0.6837944664031621,1.0,0.7000000000000001,1.1875,0.375,0.13333333333333333,40,56,0.575
progressive/rome_benchmark/grafo5265.40,23,4,betweeness,0.6837944664031621,1.0,0.7000000000000001,1.1875,0.375,0.13333333333333333,40,56,0.575
progressive/rome_benchmark/grafo5265.40,23,4,rmc,0.4266666666666666,0.4666666666666667,0.7000000000000001,3.5,0.34375,0.2,40,56,0.625
progressive/rome_benchmark/grafo5265.40,23,4,random,0.5757575757575758,0.0,0.7000000000000001,1.625,1.625,0.02,40,56,0.55
progressive/rome_benchmark/grafo5265.40,23,4,spectral,0.4571428571428572,0.8666666666666668,0.7000000000000001,4.666666666666667,0.22222222222222224,0.22000000000000003,40,56,0.525
progressive/rome_benchmark/grafo5265.40,28,5,degree,0.7199999999999999,0.6436781609195402,0.7000000000000001,2.3125,0.2578125,0.5800000000000001,40,56,0.625
progressive/rome_benchmark/grafo5265.40,28,5,closeness,0.5714285714285714,0.4666666666666667,0.7000000000000001,1.4166666666666667,0.375,0.2,40,56,0.7
progressive/rome_benchmark/grafo5265.40,28,5,betweeness,0.5714285714285714,0.4666666666666667,0.7000000000000001,1.4166666666666667,0.375,0.2,40,56,0.7
progressive/rome_benchmark/grafo5265.40,28,5,rmc,0.6246153846153847,0.5333333333333333,0.7000000000000001,4.0,0.4375,0.4,40,56,0.65
progressive/rome_benchmark/grafo5265.40,28,5,random,0.5333333333333332,0.5109717868338558,0.7000000000000001,2.0625,0.2619047619047619,0.5322222222222223,40,56,0.625
progressive/rome_benchmark/grafo5265.40,28,5,spectral,0.6376811594202899,0.8666666666666668,0.7000000000000001,5.5,2.0,0.22000000000000003,40,56,0.6
progressive/rome_benchmark/grafo5265.40,34,6,degree,0.7199999999999999,0.6666666666666666,0.7000000000000001,2.35,0.6,0.5800000000000001,40,56,0.625
progressive/rome_benchmark/grafo5265.40,34,6,closeness,0.6091954022988506,0.5970695970695971,0.7000000000000001,2.375,0.3,0.3,40,56,0.75
progressive/rome_benchmark/grafo5265.40,34,6,betweeness,0.6091954022988506,0.5970695970695971,0.7000000000000001,2.375,0.3,0.3,40,56,0.75
progressive/rome_benchmark/grafo5265.40,34,6,rmc,0.632183908045977,0.6,0.7000000000000001,2.125,0.38333333333333336,0.4,40,56,0.75
progressive/rome_benchmark/grafo5265.40,34,6,random,0.4734848484848485,0.3333333333333334,0.7000000000000001,1.3125,0.2708333333333333,0.1,40,56,0.825
progressive/rome_benchmark/grafo5265.40,34,6,spectral,0.6923076923076924,0.6666666666666666,0.7000000000000001,4.15,0.9833333333333334,0.42000000000000004,40,56,0.675
progressive/rome_benchmark/grafo5265.40,40,7,degree,0.8518518518518519,0.8137776033677002,0.7000000000000001,1.2714285714285716,0.31349206349206354,0.9333333333333332,40,56,0.7
progressive/rome_benchmark/grafo5265.40,40,7,closeness,0.6934046345811052,0.5992219890464248,0.7000000000000001,0.6666666666666666,0.225,0.38,40,56,0.85
progressive/rome_benchmark/grafo5265.40,40,7,betweeness,0.6934046345811052,0.5992219890464248,0.7000000000000001,0.6666666666666666,0.225,0.38,40,56,0.85
progressive/rome_benchmark/grafo5265.40,40,7,rmc,0.7112299465240642,0.68,0.7000000000000001,1.0833333333333333,0.5625,0.4,40,56,0.85
progressive/rome_benchmark/grafo5265.40,40,7,random,0.7096774193548389,0.7725358045492839,0.7000000000000001,1.0178571428571428,0.4494047619047619,0.7666666666666667,40,56,0.8
progressive/rome_benchmark/grafo5265.40,40,7,spectral,0.7505376344086023,0.6742671009771987,0.7000000000000001,1.5357142857142858,0.3988095238095238,0.7,40,56,0.775
progressive/rome_benchmark/grafo5265.40,45,8,degree,0.849462365591398,0.7705286839145107,0.7000000000000001,2.4166666666666665,0.7222222222222222,0.8,40,56,0.775
progressive/rome_benchmark/grafo5265.40,45,8,closeness,0.7365079365079366,0.9941262848751835,0.7000000000000001,0.394,0.325,0.3,40,56,0.9
progressive/rome_benchmark/grafo5265.40,45,8,betweeness,0.7365079365079366,0.9941262848751835,0.7000000000000001,0.394,0.325,0.3,40,56,0.9
progressive/rome_benchmark/grafo5265.40,45,8,rmc,0.8031746031746033,0.681668496158068,0.7000000000000001,0.8333333333333334,0.30833333333333335,0.62,40,56,0.9
progressive/rome_benchmark/grafo5265.40,45,8,random,0.7460317460317462,0.8293838862559242,0.7000000000000001,1.0178571428571428,0.4375,0.6,40,56,0.9
progressive/rome_benchmark/grafo5265.40,45,8,spectral,0.750445632798574,0.8827361563517916,0.7000000000000001,1.7291666666666667,0.4444444444444444,0.7,40,56,0.85
progressive/rome_benchmark/grafo5265.40,51,9,degree,0.9260504201680673,0.8840787119856888,0.7000000000000001,1.125,0.7222222222222222,1.0,40,56,0.875
progressive/rome_benchmark/grafo5265.40,51,9,closeness,0.8110661268556005,1.0,0.7000000000000001,0.4895833333333333,0.4895833333333333,0.6,40,56,0.975
progressive/rome_benchmark/grafo5265.40,51,9,betweeness,0.8110661268556005,1.0,0.7000000000000001,0.4895833333333333,0.4895833333333333,0.6,40,56,0.975
progressive/rome_benchmark/grafo5265.40,51,9,rmc,0.963963963963964,1.0,0.7000000000000001,1.0833333333333333,0.7129629629629629,0.9166666666666667,40,56,0.925
progressive/rome_benchmark/grafo5265.40,51,9,random,0.8858858858858859,0.8713251720132249,0.7000000000000001,0.5650000000000001,0.44666666666666666,0.7333333333333333,40,56,0.925
progressive/rome_benchmark/grafo5265.40,51,9,spectral,0.8948948948948949,0.9860555196901226,0.7000000000000001,1.125,0.5347222222222222,0.9666666666666668,40,56,0.925
progressive/rome_benchmark/grafo5265.40,56,10,degree,1.0,1.0,0.7000000000000001,0.7000000000000001,0.7000000000000001,1.0,40,56,1.0
progressive/rome_benchmark/grafo5265.40,56,10,closeness,1.0,1.0,0.7000000000000001,0.7000000000000001,0.7000000000000001,1.0,40,56,1.0
progressive/rome_benchmark/grafo5265.40,56,10,betweeness,1.0,1.0,0.7000000000000001,0.7000000000000001,0.7000000000000001,1.0,40,56,1.0
progressive/rome_benchmark/grafo5265.40,56,10,rmc,1.0,1.0,0.7000000000000001,0.7000000000000001,0.7000000000000001,1.0,40,56,1.0
progressive/rome_benchmark/grafo5265.40,56,10,random,1.0,1.0,0.7000000000000001,0.7000000000000001,0.7000000000000001,1.0,40,56,1.0
progressive/rome_benchmark/grafo5265.40,56,10,spectral,1.0,1.0,0.7000000000000001,0.7000000000000001,0.7000000000000001,1.0,40,56,1.0
progressive/rome_benchmark/grafo10785.94,14,1,degree,0.6380952380952382,0.0,0.062454212454212454,5.0,0.8333333333333334,0.0404040404040404,94,134,0.1595744680851064
progressive/rome_benchmark/grafo10785.94,14,1,closeness,0.45588235294117646,0.0,0.062454212454212454,1.125,0.3125,0.03333333333333333,94,134,0.18085106382978725
progressive/rome_benchmark/grafo10785.94,14,1,betweeness,0.14285714285714288,1.0,0.062454212454212454,1.25,0.5,0.08,94,134,0.1595744680851064
progressive/rome_benchmark/grafo10785.94,14,1,rmc,0.338235294117647,1.0,0.062454212454212454,1.25,0.3125,0.12,94,134,0.18085106382978725
progressive/rome_benchmark/grafo10785.94,14,1,random,0.48333333333333334,0.0,0.062454212454212454,3.5,0.8333333333333334,0.0,94,134,0.1702127659574468
progressive/rome_benchmark/grafo10785.94,14,1,spectral,0.4285714285714286,1.0,0.062454212454212454,1.25,0.5,0.15,94,134,0.1595744680851064
progressive/rome_benchmark/grafo10785.94,27,2,degree,0.5132275132275131,0.0,0.062454212454212454,4.5,0.5,0.0404040404040404,94,134,0.2978723404255319
progressive/rome_benchmark/grafo10785.94,27,2,closeness,0.4708994708994709,0.0,0.062454212454212454,3.5,0.21666666666666667,0.025,94,134,0.2978723404255319
progressive/rome_benchmark/grafo10785.94,27,2,betweeness,0.4708994708994709,1.0,0.062454212454212454,1.75,0.35,0.10500000000000001,94,134,0.2978723404255319
progressive/rome_benchmark/grafo10785.94,27,2,rmc,0.4206896551724138,1.0,0.062454212454212454,1.5,0.19444444444444442,0.17857142857142855,94,134,0.3191489361702128
progressive/rome_benchmark/grafo10785.94,27,2,random,0.4757834757834758,0.0,0.062454212454212454,0.5833333333333334,0.19166666666666665,0.02222222222222222,94,134,0.2872340425531915
progressive/rome_benchmark/grafo10785.94,27,2,spectral,0.46031746031746035,1.0,0.062454212454212454,1.8333333333333333,0.5,0.175,94,134,0.2978723404255319
progressive/rome_benchmark/grafo10785.94,41,3,degree,0.5414634146341464,0.0,0.062454212454212454,0.5833333333333334,0.17361111111111108,0.03333333333333333,94,134,0.43617021276595747
progressive/rome_benchmark/grafo10785.94,41,3,closeness,0.5106685633001423,0.48936170212765956,0.062454212454212454,0.3888888888888889,0.17129629629629628,0.155,94,134,0.40425531914893614
progressive/rome_benchmark/grafo10785.94,41,3,betweeness,0.5974358974358975,1.0,0.062454212454212454,1.0,0.25,0.08,94,134,0.425531914893617
progressive/rome_benchmark/grafo10785.94,41,3,rmc,0.6205128205128205,1.0,0.062454212454212454,0.5833333333333334,0.16666666666666666,0.15,94,134,0.425531914893617
progressive/rome_benchmark/grafo10785.94,41,3,random,0.5902439024390244,0.0,0.062454212454212454,0.3125,0.084375,0.07333333333333333,94,134,0.43617021276595747
progressive/rome_benchmark/grafo10785.94,41,3,spectral,0.543859649122807,1.0,0.062454212454212454,0.5833333333333334,0.16666666666666666,0.15,94,134,0.4148936170212766
progressive/rome_benchmark/grafo10785.94,54,4,degree,0.5680272108843537,1.0,0.062454212454212454,0.1875,0.10633116883116883,0.13833333333333334,94,134,0.5212765957446809
progressive/rome_benchmark/grafo10785.94,54,4,closeness,0.6648936170212766,1.0,0.062454212454212454,0.3888888888888889,0.06419753086419752,0.11499999999999999,94,134,0.5106382978723404
progressive/rome_benchmark/grafo10785.94,54,4,betweeness,0.5762411347517731,0.8461538461538461,0.062454212454212454,0.390625,0.13333333333333333,0.17714285714285713,94,134,0.5106382978723404
progressive/rome_benchmark/grafo10785.94,54,4,rmc,0.6081277213352685,1.0,0.062454212454212454,1.0,0.25,0.15,94,134,0.5638297872340425
progressive/rome_benchmark/grafo10785.94,54,4,random,0.5918367346938775,1.0,0.062454212454212454,0.6,0.10204081632653061,0.08,94,134,0.5319148936170213
progressive/rome_benchmark/grafo10785.94,54,4,spectral,0.6454901960784315,1.0,0.062454212454212454,0.25925925925925924,0.07142857142857144,0.3083333333333333,94,134,0.5425531914893617
progressive/rome_benchmark/grafo10785.94,67,5,degree,0.6454545454545455,1.0,0.062454212454212454,0.2222222222222222,0.08873456790123457,0.13555555555555557,94,134,0.5957446808510638
progressive/rome_benchmark/grafo10785.94,67,5,closeness,0.6979949874686718,0.3333333333333334,0.062454212454212454,0.1904761904761905,0.10069444444444443,0.13999999999999999,94,134,0.6063829787234043
progressive/rome_benchmark/grafo10785.94,67,5,betweeness,0.6662337662337663,0.33333333333333337,0.062454212454212454,0.265,0.08425925925925926,0.08571428571428572,94,134,0.5957446808510638
progressive/rome_benchmark/grafo10785.94,67,5,rmc,0.6975196612220205,0.9705949919595682,0.062454212454212454,0.1984126984126984,0.1984126984126984,0.4,94,134,0.6170212765957447
progressive/rome_benchmark/grafo10785.94,67,5,random,0.7475160724722384,1.0,0.062454212454212454,0.14285714285714285,0.09920634920634921,0.35,94,134,0.6276595744680851
progressive/rome_benchmark/grafo10785.94,67,5,spectral,0.6497175141242938,1.0,0.062454212454212454,0.2777777777777778,0.07936507936507937,0.3416666666666667,94,134,0.6382978723404256
progressive/rome_benchmark/grafo10785.94,81,6,degree,0.7377049180327868,0.7202797202797202,0.062454212454212454,0.11439909297052155,0.06678814382896016,0.34285714285714286,94,134,0.648936170212766
progressive/rome_benchmark/grafo10785.94,81,6,closeness,0.7559523809523808,0.7600000000000001,0.062454212454212454,0.12670068027210885,0.05038156288156288,0.2542857142857143,94,134,0.6808510638297872
progressive/rome_benchmark/grafo10785.94,81,6,betweeness,0.7748633879781421,0.4202898550724638,0.062454212454212454,0.19714285714285715,0.09611992945326278,0.25,94,134,0.648936170212766
progressive/rome_benchmark/grafo10785.94,81,6,rmc,0.7547785547785548,0.8963142972863507,0.062454212454212454,0.15625,0.06962962962962962,0.43166666666666664,94,134,0.7021276595744681
progressive/rome_benchmark/grafo10785.94,81,6,random,0.7092924126172209,1.0,0.062454212454212454,0.12380952380952381,0.06283068783068783,0.13714285714285715,94,134,0.7340425531914894
progressive/rome_benchmark/grafo10785.94,81,6,spectral,0.7620985979194935,1.0,0.062454212454212454,0.20476190476190476,0.07976190476190477,0.3422222222222222,94,134,0.7127659574468085
progressive/rome_benchmark/grafo10785.94,94,7,degree,0.7910447761194029,0.6095617529880478,0.062454212454212454,0.07537878787878788,0.055432728647014366,0.39476190476190476,94,134,0.723404255319149
progressive/rome_benchmark/grafo10785.94,94,7,closeness,0.8028169014084507,0.7437185929648242,0.062454212454212454,0.09027777777777778,0.0556998556998557,0.26285714285714284,94,134,0.7553191489361702
progressive/rome_benchmark/grafo10785.94,94,7,betweeness,0.80703933747412,0.4097144142118282,0.062454212454212454,0.08125,0.05137085137085136,0.22285714285714286,94,134,0.7446808510638298
progressive/rome_benchmark/grafo10785.94,94,7,rmc,0.8036529680365297,1.0,0.062454212454212454,0.07916666666666666,0.03755952380952381,0.445,94,134,0.776595744680851
progressive/rome_benchmark/grafo10785.94,94,7,random,0.7747336377473364,0.8841479182829067,0.062454212454212454,0.14365079365079364,0.10283950617283952,0.4447619047619048,94,134,0.776595744680851
progressive/rome_benchmark/grafo10785.94,94,7,spectral,0.7942097026604067,0.9890539483971853,0.062454212454212454,0.10461760461760462,0.06407407407407407,0.62,94,134,0.7659574468085106
progressive/rome_benchmark/grafo10785.94,108,8,degree,0.8449122807017545,0.7269957343083486,0.062454212454212454,0.13194444444444445,0.09383818342151674,0.4333333333333334,94,134,0.8085106382978723
progressive/rome_benchmark/grafo10785.94,108,8,closeness,0.8605604921394394,0.712945376324401,0.062454212454212454,0.11069264069264069,0.09896825396825397,0.51,94,134,0.8191489361702128
progressive/rome_benchmark/grafo10785.94,108,8,betweeness,0.8408258408258409,0.8433231032759975,0.062454212454212454,0.06725088183421517,0.05500755857898715,0.7214285714285715,94,134,0.8297872340425532
progressive/rome_benchmark/grafo10785.94,108,8,rmc,0.8825056799740344,0.9202228317492718,0.062454212454212454,0.07064935064935064,0.05222222222222222,0.6642857142857143,94,134,0.8404255319148937
progressive/rome_benchmark/grafo10785.94,108,8,random,0.8289671785606746,0.39685008749756956,0.062454212454212454,0.10925925925925926,0.08614718614718614,0.425,94,134,0.8723404255319149
progressive/rome_benchmark/grafo10785.94,108,8,spectral,0.8290123456790124,0.9617750701785822,0.062454212454212454,0.07983058608058607,0.06515873015873015,0.7322222222222223,94,134,0.8617021276595744
progressive/rome_benchmark/grafo10785.94,121,9,degree,0.9100793417572729,0.9103456127211864,0.062454212454212454,0.08079805996472662,0.07033730158730159,0.7314285714285715,94,134,0.8829787234042553
progressive/rome_benchmark/grafo10785.94,121,9,closeness,0.8974789915966387,1.0,0.062454212454212454,0.062454212454212454,0.062454212454212454,1.0,94,134,0.9042553191489362
progressive/rome_benchmark/grafo10785.94,121,9,betweeness,0.8845417236662106,1.0,0.062454212454212454,0.062454212454212454,0.062454212454212454,1.0,94,134,0.9148936170212766
progressive/rome_benchmark/grafo10785.94,121,9,rmc,0.9017763845350053,1.0,0.062454212454212454,0.04992063492063492,0.039763374485596706,0.8833333333333332,94,134,0.9361702127659575
progressive/rome_benchmark/grafo10785.94,121,9,random,0.897596656217346,0.9468470972684561,0.062454212454212454,0.06664462081128748,0.06664462081128748,0.7666666666666667,94,134,0.9361702127659575
progressive/rome_benchmark/grafo10785.94,121,9,spectral,0.8980392156862745,0.9493999280253624,0.062454212454212454,0.06951058201058201,0.06951058201058201,0.9714285714285715,94,134,0.9042553191489362
progressive/rome_benchmark/grafo10785.94,134,10,degree,1.0,1.0,0.062454212454212454,0.062454212454212454,0.062454212454212454,1.0,94,134,1.0
progressive/rome_benchmark/grafo10785.94,134,10,closeness,1.0,1.0,0.062454212454212454,0.062454212454212454,0.062454212454212454,1.0,94,134,1.0
progressive/rome_benchmark/grafo10785.94,134,10,betweeness,1.0,1.0,0.062454212454212454,0.062454212454212454,0.062454212454212454,1.0,94,134,1.0
progressive/rome_benchmark/grafo10785.94,134,10,rmc,1.0,1.0,0.062454212454212454,0.062454212454212454,0.062454212454212454,1.0,94,134,1.0
progressive/rome_benchmark/grafo10785.94,134,10,random,1.0,1.0,0.062454212454212454,0.062454212454212454,0.062454212454212454,1.0,94,134,1.0
progressive/rome_benchmark/grafo10785.94,134,10,spectral,1.0,1.0,0.062454212454212454,0.062454212454212454,0.062454212454212454,1.0,94,134,1.0
progressive/rome_benchmark/grafo10966.96,14,1,degree,0.4285714285714286,0.950976637303715,0.09107142857142857,5.5,0.9166666666666666,0.2152777777777778,96,132,0.15625
progressive/rome_benchmark/grafo10966.96,14,1,closeness,0.6023391812865496,0.0,0.09107142857142857,2.5,0.20238095238095236,0.025,96,132,0.19791666666666666
progressive/rome_benchmark/grafo10966.96,14,1,betweeness,0.4285714285714286,0.950976637303715,0.09107142857142857,5.5,0.9166666666666666,0.2152777777777778,96,132,0.15625
progressive/rome_benchmark/grafo10966.96,14,1,rmc,0.21904761904761905,0.0,0.09107142857142857,0.75,0.75,0.0,96,132,0.15625
progressive/rome_benchmark/grafo10966.96,14,1,random,0.75,0.0,0.09107142857142857,4.0,0.6666666666666666,0.0,96,132,0.16666666666666666
progressive/rome_benchmark/grafo10966.96,14,1,spectral,0.3904761904761905,1.0,0.09107142857142857,4.0,0.325,0.075,96,132,0.15625
progressive/rome_benchmark/grafo10966.96,27,2,degree,0.48148148148148145,0.8296531955775348,0.09107142857142857,4.625,0.4625,0.4295634920634921,96,132,0.2916666666666667
progressive/rome_benchmark/grafo10966.96,27,2,closeness,0.4866310160427808,0.0,0.09107142857142857,0.75,0.3333333333333333,0.0,96,132,0.3541666666666667
progressive/rome_benchmark/grafo10966.96,27,2,betweeness,0.6296296296296297,0.8527131782945736,0.09107142857142857,2.5833333333333335,0.5333333333333333,0.17222222222222222,96,132,0.2916666666666667
progressive/rome_benchmark/grafo10966.96,27,2,rmc,0.4074074074074074,0.0,0.09107142857142857,1.25,0.3533333333333333,0.0,96,132,0.2916666666666667
progressive/rome_benchmark/grafo10966.96,27,2,random,0.6129032258064516,0.9459459459459458,0.09107142857142857,6.0,1.0,0.09027777777777778,96,132,0.3229166666666667
progressive/rome_benchmark/grafo10966.96,27,2,spectral,0.5938461538461539,-0.33333333333333326,0.09107142857142857,2.3333333333333335,2.3333333333333335,0.1,96,132,0.2708333333333333
progressive/rome_benchmark/grafo10966.96,40,3,degree,0.5735492577597842,0.4882917325295005,0.09107142857142857,1.85,0.26666666666666666,0.4642857142857143,96,132,0.40625
progressive/rome_benchmark/grafo10966.96,40,3,closeness,0.5200845665961945,0.4,0.09107142857142857,6.0,0.6666666666666666,0.08928571428571429,96,132,0.4583333333333333
progressive/rome_benchmark/grafo10966.96,40,3,betweeness,0.6642958748221908,0.7713324926439681,0.09107142857142857,5.375,0.40277777777777773,0.3561507936507936,96,132,0.3958333333333333
progressive/rome_benchmark/grafo10966.96,40,3,rmc,0.5829268292682928,0.0,0.09107142857142857,2.8333333333333335,0.5555555555555556,0.0,96,132,0.4270833333333333
progressive/rome_benchmark/grafo10966.96,40,3,random,0.5829268292682928,-0.027027027027027025,0.09107142857142857,6.5,1.0833333333333333,0.10813492063492064,96,132,0.4270833333333333
progressive/rome_benchmark/grafo10966.96,40,3,spectral,0.6130867709815079,0.9751346871114794,0.09107142857142857,1.1875,0.640625,0.19027777777777777,96,132,0.3958333333333333
progressive/rome_benchmark/grafo10966.96,53,4,degree,0.6096618357487923,0.5087221246871616,0.09107142857142857,0.7291666666666666,0.16388888888888892,0.5767857142857142,96,132,0.4791666666666667
progressive/rome_benchmark/grafo10966.96,53,4,closeness,0.6128581411600279,0.5082128157686063,0.09107142857142857,1.0,0.1685185185185185,0.41428571428571426,96,132,0.5625
progressive/rome_benchmark/grafo10966.96,53,4,betweeness,0.6564625850340134,0.5047833427124367,0.09107142857142857,1.0333333333333334,0.2041666666666667,0.47678571428571426,96,132,0.5104166666666666
progressive/rome_benchmark/grafo10966.96,53,4,rmc,0.5897435897435898,1.0,0.09107142857142857,1.25,0.611111111111111,0.0625,96,132,0.5416666666666666
progressive/rome_benchmark/grafo10966.96,53,4,random,0.5892597968069666,-0.3333333333333332,0.09107142857142857,0.9444444444444445,0.41111111111111115,0.1375,96,132,0.5520833333333334
progressive/rome_benchmark/grafo10966.96,53,4,spectral,0.6479591836734694,0.6235294117647059,0.09107142857142857,0.65,0.375,0.2152777777777778,96,132,0.5104166666666666
progressive/rome_benchmark/grafo10966.96,66,5,degree,0.6942760942760944,0.5058215716371534,0.09107142857142857,0.7083333333333334,0.21180555555555555,0.5892857142857143,96,132,0.5729166666666666
progressive/rome_benchmark/grafo10966.96,66,5,closeness,0.6754098360655737,0.4380170028529239,0.09107142857142857,0.6527777777777778,0.20138888888888892,0.4330357142857143,96,132,0.6354166666666666
progressive/rome_benchmark/grafo10966.96,66,5,betweeness,0.7323202805376972,0.4347137167573123,0.09107142857142857,0.9166666666666666,0.20138888888888892,0.4330357142857143,96,132,0.6145833333333334
progressive/rome_benchmark/grafo10966.96,66,5,rmc,0.6612021857923497,0.9675867308179286,0.09107142857142857,1.4375,0.7083333333333334,0.3482142857142857,96,132,0.6354166666666666
progressive/rome_benchmark/grafo10966.96,66,5,random,0.6116152450090743,1.0,0.09107142857142857,0.3333333333333333,0.20535714285714285,0.5729166666666667,96,132,0.6041666666666666
progressive/rome_benchmark/grafo10966.96,66,5,spectral,0.6974025974025975,-0.02216568459202899,0.09107142857142857,0.5083333333333333,0.20238095238095238,0.2777777777777778,96,132,0.5833333333333334
progressive/rome_benchmark/grafo10966.96,80,6,degree,0.6490384615384617,1.0,0.09107142857142857,0.2698412698412698,0.1313131313131313,0.5020833333333333,96,132,0.6770833333333334
progressive/rome_benchmark/grafo10966.96,80,6,closeness,0.7183098591549295,0.9990240811368098,0.09107142857142857,0.18425925925925926,0.09460034013605442,0.5020833333333333,96,132,0.75
progressive/rome_benchmark/grafo10966.96,80,6,betweeness,0.7183098591549295,0.9990240811368098,0.09107142857142857,0.18425925925925926,0.09460034013605442,0.5020833333333333,96,132,0.75
progressive/rome_benchmark/grafo10966.96,80,6,rmc,0.6407914764079148,0.9546934730284581,0.09107142857142857,1.35,0.5083333333333334,0.3333333333333333,96,132,0.7604166666666666
progressive/rome_benchmark/grafo10966.96,80,6,random,0.681159420289855,1.0,0.09107142857142857,0.3194444444444445,0.203125,0.4598214285714286,96,132,0.71875
progressive/rome_benchmark/grafo10966.96,80,6,spectral,0.8310291858678954,0.8365493757094211,0.09107142857142857,0.20833333333333334,0.15803571428571428,0.33229166666666665,96,132,0.65625
progressive/rome_benchmark/grafo10966.96,93,7,degree,0.7392354124748493,1.0,0.09107142857142857,0.2346938775510204,0.16666666666666666,0.3964285714285714,96,132,0.7395833333333334
progressive/rome_benchmark/grafo10966.96,93,7,closeness,0.7296037296037297,0.9593908629441624,0.09107142857142857,0.25,0.1697530864197531,0.49017857142857146,96,132,0.8125
progressive/rome_benchmark/grafo10966.96,93,7,betweeness,0.7296037296037297,0.9593908629441624,0.09107142857142857,0.25,0.1697530864197531,0.49017857142857146,96,132,0.8125
progressive/rome_benchmark/grafo10966.96,93,7,rmc,0.7123456790123456,0.9791802212101497,0.09107142857142857,2.375,1.0833333333333333,0.22619047619047616,96,132,0.84375
progressive/rome_benchmark/grafo10966.96,93,7,random,0.7275675675675677,1.0,0.09107142857142857,0.2857142857142857,0.1507936507936508,0.525,96,132,0.78125
progressive/rome_benchmark/grafo10966.96,93,7,spectral,0.8309859154929579,0.9978327858860181,0.09107142857142857,0.13958333333333334,0.11272321428571429,0.6208333333333333,96,132,0.7395833333333334
progressive/rome_benchmark/grafo10966.96,106,8,degree,0.8156442713404739,1.0,0.09107142857142857,0.14285714285714285,0.12337662337662338,0.5089285714285714,96,132,0.8229166666666666
progressive/rome_benchmark/grafo10966.96,106,8,closeness,0.7658002735978111,1.0,0.09107142857142857,0.12992424242424241,0.09608843537414967,0.5651785714285714,96,132,0.8958333333333334
progressive/rome_benchmark/grafo10966.96,106,8,betweeness,0.7658002735978111,1.0,0.09107142857142857,0.12992424242424241,0.09608843537414967,0.5651785714285714,96,132,0.8958333333333334
progressive/rome_benchmark/grafo10966.96,106,8,rmc,0.7898957497995188,0.9792342634652823,0.09107142857142857,0.875,0.3611111111111111,0.35119047619047616,96,132,0.90625
progressive/rome_benchmark/grafo10966.96,106,8,random,0.8277627220716652,1.0,0.09107142857142857,0.1472222222222222,0.1472222222222222,0.5580357142857143,96,132,0.8541666666666666
progressive/rome_benchmark/grafo10966.96,106,8,spectral,0.8409607270366765,1.0,0.09107142857142857,0.12063492063492065,0.12063492063492065,0.8958333333333333,96,132,0.8229166666666666
progressive/rome_benchmark/grafo10966.96,119,9,degree,0.8584117032392895,1.0,0.09107142857142857,0.13636363636363635,0.11979166666666667,0.6666666666666667,96,132,0.9166666666666666
progressive/rome_benchmark/grafo10966.96,119,9,closeness,0.8908045977011495,1.0,0.09107142857142857,0.10185185185185185,0.0851521164021164,0.7229166666666667,96,132,0.9166666666666666
progressive/rome_benchmark/grafo10966.96,119,9,betweeness,0.8908045977011495,1.0,0.09107142857142857,0.10185185185185185,0.0851521164021164,0.7229166666666667,96,132,0.9166666666666666
progressive/rome_benchmark/grafo10966.96,119,9,rmc,0.8837606837606837,1.0,0.09107142857142857,0.2037037037037037,0.2037037037037037,0.5758928571428572,96,132,0.9479166666666666
progressive/rome_benchmark/grafo10966.96,119,9,random,0.9165998396150761,1.0,0.09107142857142857,0.19047619047619047,0.19047619047619047,0.825,96,132,0.90625
progressive/rome_benchmark/grafo10966.96,119,9,spectral,0.8526841448189763,1.0,0.09107142857142857,0.09107142857142857,0.09107142857142857,1.0,96,132,0.9375
progressive/rome_benchmark/grafo10966.96,132,10,degree,0.9999999999999998,1.0,0.09107142857142857,0.09107142857142857,0.09107142857142857,1.0,96,132,1.0
progressive/rome_benchmark/grafo10966.96,132,10,closeness,0.9999999999999998,1.0,0.09107142857142857,0.09107142857142857,0.09107142857142857,1.0,96,132,1.0
progressive/rome_benchmark/grafo10966.96,132,10,betweeness,0.9999999999999998,1.0,0.09107142857142857,0.09107142857142857,0.09107142857142857,1.0,96,132,1.0
progressive/rome_benchmark/grafo10966.96,132,10,rmc,0.9999999999999998,1.0,0.09107142857142857,0.09107142857142857,0.09107142857142857,1.0,96,132,1.0
progressive/rome_benchmark/grafo10966.96,132,10,random,0.9999999999999998,1.0,0.09107142857142857,0.09107142857142857,0.09107142857142857,1.0,96,132,1.0
progressive/rome_benchmark/grafo10966.96,132,10,spectral,0.9999999999999998,1.0,0.09107142857142857,0.09107142857142857,0.09107142857142857,1.0,96,132,1.0
progressive/rome_benchmark/grafo5647.78,10,1,degree,0.5636363636363636,0.7333333333333333,0.375,6.0,0.6666666666666666,0.25,78,96,0.14102564102564102
progressive/rome_benchmark/grafo5647.78,10,1,closeness,0.7435897435897434,-0.5,0.375,0,0,0.0,78,96,0.16666666666666666
progressive/rome_benchmark/grafo5647.78,10,1,betweeness,0.6363636363636362,0.0,0.375,3.0,0.75,0.0,78,96,0.15384615384615385
progressive/rome_benchmark/grafo5647.78,10,1,rmc,0.4725274725274726,0.0,0.375,3.0,0.3333333333333333,0.0,78,96,0.1794871794871795
progressive/rome_benchmark/grafo5647.78,10,1,random,0.5897435897435896,0.0,0.375,3.0,0.75,0.0,78,96,0.16666666666666666
progressive/rome_benchmark/grafo5647.78,10,1,spectral,0.5151515151515151,0.0,0.375,4.0,1.0,0.0,78,96,0.15384615384615385
progressive/rome_benchmark/grafo5647.78,20,2,degree,0.7660818713450293,0.7333333333333333,0.375,4.5,0.4375,0.25,78,96,0.24358974358974358
progressive/rome_benchmark/grafo5647.78,20,2,closeness,0.6866666666666665,-0.5,0.375,0,0,0.0,78,96,0.32051282051282054
progressive/rome_benchmark/grafo5647.78,20,2,betweeness,0.6952380952380953,0.0,0.375,2.5,0.47222222222222215,0.2,78,96,0.2692307692307692
progressive/rome_benchmark/grafo5647.78,20,2,rmc,0.4461538461538462,0.0,0.375,4.0,0.4444444444444444,0.0,78,96,0.3333333333333333
progressive/rome_benchmark/grafo5647.78,20,2,random,0.5731225296442688,0.0,0.375,3.3333333333333335,0.2222222222222222,0.0,78,96,0.2948717948717949
progressive/rome_benchmark/grafo5647.78,20,2,spectral,0.541501976284585,0.0,0.375,3.5,0.8333333333333334,0.0,78,96,0.2948717948717949
progressive/rome_benchmark/grafo5647.78,29,3,degree,0.6825396825396826,0.7333333333333333,0.375,4.0,0.5416666666666666,0.25,78,96,0.358974358974359
progressive/rome_benchmark/grafo5647.78,29,3,closeness,0.5650623885918004,0.0,0.375,4.0,4.0,0.0,78,96,0.4358974358974359
progressive/rome_benchmark/grafo5647.78,29,3,betweeness,0.6367816091954024,0.3333333333333333,0.375,3.0,0.5208333333333333,0.2,78,96,0.38461538461538464
progressive/rome_benchmark/grafo5647.78,29,3,rmc,0.4621848739495798,0.0,0.375,5.0,5.0,0.0,78,96,0.44871794871794873
progressive/rome_benchmark/grafo5647.78,29,3,random,0.6258064516129033,1.0,0.375,1.25,0.5555555555555556,0.25,78,96,0.3974358974358974
progressive/rome_benchmark/grafo5647.78,29,3,spectral,0.6367816091954024,0.0,0.375,1.4166666666666667,0.5416666666666666,0.0,78,96,0.38461538461538464
progressive/rome_benchmark/grafo5647.78,39,4,degree,0.6613190730837791,0.5980632470873051,0.375,1.088888888888889,0.3,0.45,78,96,0.4358974358974359
progressive/rome_benchmark/grafo5647.78,39,4,closeness,0.5903381642512078,0.3333333333333333,0.375,1.5,0.8888888888888888,0.2,78,96,0.5897435897435898
progressive/rome_benchmark/grafo5647.78,39,4,betweeness,0.5903381642512078,0.3333333333333333,0.375,1.5,0.8888888888888888,0.2,78,96,0.5897435897435898
progressive/rome_benchmark/grafo5647.78,39,4,rmc,0.6634146341463414,0.0,0.375,3.0,3.0,0.0,78,96,0.5256410256410257
progressive/rome_benchmark/grafo5647.78,39,4,random,0.5696969696969696,-0.5,0.375,0,0,0.0,78,96,0.5769230769230769
progressive/rome_benchmark/grafo5647.78,39,4,spectral,0.7155049786628734,1.0,0.375,0.625,0.4375,0.1875,78,96,0.48717948717948717
progressive/rome_benchmark/grafo5647.78,48,5,degree,0.7076923076923077,0.7219606100992152,0.375,0.8796296296296297,0.4833333333333333,0.45,78,96,0.5128205128205128
progressive/rome_benchmark/grafo5647.78,48,5,closeness,0.6666666666666666,0.8634625229620262,0.375,0.6770833333333333,0.24404761904761904,0.6,78,96,0.6282051282051282
progressive/rome_benchmark/grafo5647.78,48,5,betweeness,0.6666666666666666,0.8634625229620262,0.375,0.6770833333333333,0.24404761904761904,0.6,78,96,0.6282051282051282
progressive/rome_benchmark/grafo5647.78,48,5,rmc,0.7391304347826088,0.0,0.375,1.125,0.6666666666666666,0.0,78,96,0.5897435897435898
progressive/rome_benchmark/grafo5647.78,48,5,random,0.6611764705882355,0.6557863501483681,0.375,0.6666666666666666,0.2666666666666667,0.5,78,96,0.6538461538461539
progressive/rome_benchmark/grafo5647.78,48,5,spectral,0.7839721254355401,-0.16821465428276566,0.375,0.44642857142857145,0.2738095238095238,0.4,78,96,0.5384615384615384
progressive/rome_benchmark/grafo5647.78,58,6,degree,0.7448979591836734,0.6998903117982291,0.375,0.6845238095238095,0.28125,0.75,78,96,0.6282051282051282
progressive/rome_benchmark/grafo5647.78,58,6,closeness,0.6794612794612795,0.4662899855801771,0.375,0.4666666666666667,0.2857142857142857,0.6375,78,96,0.7051282051282052
progressive/rome_benchmark/grafo5647.78,58,6,betweeness,0.6794612794612795,0.4662899855801771,0.375,0.4666666666666667,0.2857142857142857,0.6375,78,96,0.7051282051282052
progressive/rome_benchmark/grafo5647.78,58,6,rmc,0.7246680642907057,0.0,0.375,0.5,0.5,0.0,78,96,0.6923076923076923
progressive/rome_benchmark/grafo5647.78,58,6,random,0.7023060796645701,0.396592314752005,0.375,0.5111111111111112,0.21141975308641978,0.7083333333333334,78,96,0.6923076923076923
progressive/rome_benchmark/grafo5647.78,58,6,spectral,0.767843137254902,0.06825797221490154,0.375,0.34666666666666673,0.1875,0.5,78,96,0.6538461538461539
progressive/rome_benchmark/grafo5647.78,68,7,degree,0.8154882154882156,0.7061376611496044,0.375,0.6111111111111112,0.3187830687830688,1.0,78,96,0.7051282051282052
progressive/rome_benchmark/grafo5647.78,68,7,closeness,0.6939890710382512,0.981467002577245,0.375,0.43888888888888883,0.35648148148148145,0.7,78,96,0.782051282051282
progressive/rome_benchmark/grafo5647.78,68,7,betweeness,0.6939890710382512,0.981467002577245,0.375,0.43888888888888883,0.35648148148148145,0.7,78,96,0.782051282051282
progressive/rome_benchmark/grafo5647.78,68,7,rmc,0.8294010889292196,0.6026165167620604,0.375,0.5416666666666666,0.34375,0.4375,78,96,0.7435897435897436
progressive/rome_benchmark/grafo5647.78,68,7,random,0.7355769230769231,0.4850707479064396,0.375,0.4166666666666667,0.1697530864197531,0.6,78,96,0.8333333333333334
progressive/rome_benchmark/grafo5647.78,68,7,spectral,0.8142857142857143,0.9724829652356662,0.375,0.35185185185185186,0.29166666666666663,0.9375,78,96,0.717948717948718
progressive/rome_benchmark/grafo5647.78,77,8,degree,0.8095238095238094,0.9703603313625506,0.375,0.8055555555555555,0.5833333333333334,1.0,78,96,0.8205128205128205
progressive/rome_benchmark/grafo5647.78,77,8,closeness,0.8194444444444444,0.9432550102491996,0.375,0.5714285714285714,0.35912698412698413,1.0,78,96,0.8205128205128205
progressive/rome_benchmark/grafo5647.78,77,8,betweeness,0.8194444444444444,0.9432550102491996,0.375,0.5714285714285714,0.35912698412698413,1.0,78,96,0.8205128205128205
progressive/rome_benchmark/grafo5647.78,77,8,rmc,0.9333685880486516,1.0,0.375,0.44791666666666663,0.3333333333333333,0.7,78,96,0.7948717948717948
progressive/rome_benchmark/grafo5647.78,77,8,random,0.8227046585255541,0.17306995725773344,0.375,0.1904761904761905,0.10500000000000001,0.8125,78,96,0.8589743589743589
progressive/rome_benchmark/grafo5647.78,77,8,spectral,0.8904249871991807,0.9728946788866489,0.375,0.3611111111111111,0.29960317460317454,1.0,78,96,0.8076923076923077
progressive/rome_benchmark/grafo5647.78,87,9,degree,0.8724569640062596,1.0,0.375,0.375,0.375,1.0,78,96,0.9230769230769231
progressive/rome_benchmark/grafo5647.78,87,9,closeness,0.8881064162754303,1.0,0.375,0.36,0.36,1.0,78,96,0.9230769230769231
progressive/rome_benchmark/grafo5647.78,87,9,betweeness,0.8881064162754303,1.0,0.375,0.36,0.36,1.0,78,96,0.9230769230769231
progressive/rome_benchmark/grafo5647.78,87,9,rmc,0.9693581780538303,1.0,0.375,0.375,0.375,1.0,78,96,0.8974358974358975
progressive/rome_benchmark/grafo5647.78,87,9,random,0.8732394366197181,0.7436182995809032,0.375,0.3229166666666667,0.23333333333333334,0.8125,78,96,0.9230769230769231
progressive/rome_benchmark/grafo5647.78,87,9,spectral,0.9569358178053831,1.0,0.375,0.36,0.36,1.0,78,96,0.8974358974358975
progressive/rome_benchmark/grafo5647.78,96,10,degree,1.0,1.0,0.375,0.375,0.375,1.0,78,96,1.0
progressive/rome_benchmark/grafo5647.78,96,10,closeness,1.0,1.0,0.375,0.375,0.375,1.0,78,96,1.0
progressive/rome_benchmark/grafo5647.78,96,10,betweeness,1.0,1.0,0.375,0.375,0.375,1.0,78,96,1.0
progressive/rome_benchmark/grafo5647.78,96,10,rmc,1.0,1.0,0.375,0.375,0.375,1.0,78,96,1.0
progressive/rome_benchmark/grafo5647.78,96,10,random,1.0,1.0,0.375,0.375,0.375,1.0,78,96,1.0
progressive/rome_benchmark/grafo5647.78,96,10,spectral,1.0,1.0,0.375,0.375,0.375,1.0,78,96,1.0
progressive/rome_benchmark/grafo1040.25,4,1,degree,0.39999999999999997,0.0,4.333333333333333,4.0,0.4444444444444444,0.16666666666666666,25,32,0.2
progressive/rome_benchmark/grafo1040.25,4,1,closeness,0.6,-0.5,4.333333333333333,0,0,0.0,25,32,0.24
progressive/rome_benchmark/grafo1040.25,4,1,betweeness,0.19999999999999998,-0.5,4.333333333333333,0,0,0.0,25,32,0.2
progressive/rome_benchmark/grafo1040.25,4,1,rmc,0.6,-0.5,4.333333333333333,0,0,0.0,25,32,0.2
progressive/rome_benchmark/grafo1040.25,4,1,random,0.4666666666666666,-0.5,4.333333333333333,0,0,0.0,25,32,0.24
progressive/rome_benchmark/grafo1040.25,4,1,spectral,0.3333333333333333,-0.3333333333333332,4.333333333333333,3.0,0.3333333333333333,0.125,25,32,0.24
progressive/rome_benchmark/grafo1040.25,7,2,degree,0.21428571428571427,-0.047619047619047665,4.333333333333333,7.0,0.7777777777777778,0.2916666666666667,25,32,0.32
progressive/rome_benchmark/grafo1040.25,7,2,closeness,0.2222222222222222,-0.33333333333333326,4.333333333333333,1.0,0.08571428571428572,0.14285714285714285,25,32,0.36
progressive/rome_benchmark/grafo1040.25,7,2,betweeness,0.2777777777777778,-0.5,4.333333333333333,0,0,0.0,25,32,0.36
progressive/rome_benchmark/grafo1040.25,7,2,rmc,0.1111111111111111,0.0,4.333333333333333,1.0,1.0,0.0,25,32,0.36
progressive/rome_benchmark/grafo1040.25,7,2,random,0.0,-0.5,4.333333333333333,0,0,0.0,25,32,0.36
progressive/rome_benchmark/grafo1040.25,7,2,spectral,0.14285714285714285,-0.06666666666666665,4.333333333333333,6.0,0.6666666666666666,0.25,25,32,0.32
progressive/rome_benchmark/grafo1040.25,10,3,degree,0.2727272727272727,0.42857142857142855,4.333333333333333,8.0,8.0,0.3333333333333333,25,32,0.44
progressive/rome_benchmark/grafo1040.25,10,3,closeness,0.2424242424242424,0.0,4.333333333333333,1.0,0.19642857142857142,0.19047619047619047,25,32,0.48
progressive/rome_benchmark/grafo1040.25,10,3,betweeness,0.3333333333333333,0.0,4.333333333333333,1.0,0.14285714285714285,0.19047619047619047,25,32,0.48
progressive/rome_benchmark/grafo1040.25,10,3,rmc,0.5151515151515151,1.0,4.333333333333333,2.0,2.0,0.125,25,32,0.48
progressive/rome_benchmark/grafo1040.25,10,3,random,0.5151515151515151,0.0,4.333333333333333,1.0,0.14285714285714285,0.19047619047619047,25,32,0.48
progressive/rome_benchmark/grafo1040.25,10,3,spectral,0.5111111111111111,0.3571428571428571,4.333333333333333,8.0,8.0,0.3333333333333333,25,32,0.4
progressive/rome_benchmark/grafo1040.25,13,4,degree,0.42857142857142855,0.42618384401114207,4.333333333333333,5.5,1.5,0.5037037037037037,25,32,0.56
progressive/rome_benchmark/grafo1040.25,13,4,closeness,0.2527472527472528,0.0,4.333333333333333,1.0,0.19642857142857142,0.19047619047619047,25,32,0.56
progressive/rome_benchmark/grafo1040.25,13,4,betweeness,0.2527472527472528,0.0,4.333333333333333,1.0,0.19642857142857142,0.19047619047619047,25,32,0.56
progressive/rome_benchmark/grafo1040.25,13,4,rmc,0.45054945054945056,0.4666666666666667,4.333333333333333,3.5,3.5,0.25,25,32,0.56
progressive/rome_benchmark/grafo1040.25,13,4,random,0.5164835164835165,0.6666666666666667,4.333333333333333,5.0,5.0,0.296969696969697,25,32,0.56
progressive/rome_benchmark/grafo1040.25,13,4,spectral,0.7272727272727272,0.7142857142857143,4.333333333333333,8.0,8.0,0.3333333333333333,25,32,0.48
progressive/rome_benchmark/grafo1040.25,16,5,degree,0.3666666666666667,0.4038876889848812,4.333333333333333,6.5,1.611111111111111,0.6303030303030303,25,32,0.64
progressive/rome_benchmark/grafo1040.25,16,5,closeness,0.4264705882352941,0.9,4.333333333333333,1.6666666666666667,0.38095238095238093,0.31547619047619047,25,32,0.68
progressive/rome_benchmark/grafo1040.25,16,5,betweeness,0.4264705882352941,0.9,4.333333333333333,1.6666666666666667,0.38095238095238093,0.31547619047619047,25,32,0.68
progressive/rome_benchmark/grafo1040.25,16,5,rmc,0.6761904761904762,0.7142857142857143,4.333333333333333,4.5,4.5,0.3333333333333333,25,32,0.6
progressive/rome_benchmark/grafo1040.25,16,5,random,0.5,0.0,4.333333333333333,0.75,0.3333333333333333,0.03333333333333333,25,32,0.64
progressive/rome_benchmark/grafo1040.25,16,5,spectral,0.7142857142857144,0.8571428571428571,4.333333333333333,4.5,4.5,0.3333333333333333,25,32,0.56
progressive/rome_benchmark/grafo1040.25,20,6,degree,0.7205882352941176,0.6326093374383198,4.333333333333333,4.583333333333333,1.119047619047619,0.7428571428571429,25,32,0.68
progressive/rome_benchmark/grafo1040.25,20,6,closeness,0.5294117647058824,0.42829457364341084,4.333333333333333,3.0,0.7142857142857143,0.48214285714285715,25,32,0.72
progressive/rome_benchmark/grafo1040.25,20,6,betweeness,0.5294117647058824,0.42829457364341084,4.333333333333333,3.0,0.7142857142857143,0.48214285714285715,25,32,0.72
progressive/rome_benchmark/grafo1040.25,20,6,rmc,0.6862745098039217,0.7745856353591161,4.333333333333333,4.333333333333333,1.1481481481481481,0.5666666666666668,25,32,0.72
progressive/rome_benchmark/grafo1040.25,20,6,random,0.4502923976608187,0.23837209302325585,4.333333333333333,4.0,0.2420634920634921,0.48214285714285715,25,32,0.76
progressive/rome_benchmark/grafo1040.25,20,6,spectral,0.6140350877192983,0.8571428571428571,4.333333333333333,4.5,4.5,0.3333333333333333,25,32,0.76
progressive/rome_benchmark/grafo1040.25,23,7,degree,0.7263157894736842,0.6327611657036818,4.333333333333333,4.583333333333333,1.119047619047619,0.7428571428571429,25,32,0.8
progressive/rome_benchmark/grafo1040.25,23,7,closeness,0.6210526315789474,0.6427081885166134,4.333333333333333,3.3333333333333335,1.0793650793650793,0.5714285714285715,25,32,0.8
progressive/rome_benchmark/grafo1040.25,23,7,betweeness,0.6210526315789474,0.6427081885166134,4.333333333333333,3.3333333333333335,1.0793650793650793,0.5714285714285715,25,32,0.8
progressive/rome_benchmark/grafo1040.25,23,7,rmc,0.7660818713450293,0.7926565874730022,4.333333333333333,6.5,6.5,0.6303030303030303,25,32,0.76
progressive/rome_benchmark/grafo1040.25,23,7,random,0.5844155844155845,0.9493670886075949,4.333333333333333,2.5,1.2142857142857142,0.6190476190476191,25,32,0.88
progressive/rome_benchmark/grafo1040.25,23,7,spectral,0.8245614035087718,0.9784066467040614,4.333333333333333,4.583333333333333,0.5608465608465608,0.7428571428571429,25,32,0.76
progressive/rome_benchmark/grafo1040.25,26,8,degree,0.761904761904762,0.5653351387948544,4.333333333333333,3.5,1.1428571428571428,0.9047619047619048,25,32,0.84
progressive/rome_benchmark/grafo1040.25,26,8,closeness,0.7056277056277056,0.6425897684735894,4.333333333333333,3.3333333333333335,1.642857142857143,0.6190476190476191,25,32,0.88
progressive/rome_benchmark/grafo1040.25,26,8,betweeness,0.7056277056277056,0.6425897684735894,4.333333333333333,3.3333333333333335,1.642857142857143,0.6190476190476191,25,32,0.88
progressive/rome_benchmark/grafo1040.25,26,8,rmc,0.8666666666666668,1.0,4.333333333333333,4.333333333333333,1.4126984126984128,0.9047619047619048,25,32,0.84
progressive/rome_benchmark/grafo1040.25,26,8,random,0.5942028985507246,0.500334597367834,4.333333333333333,2.2,1.0714285714285714,0.5238095238095238,25,32,0.96
progressive/rome_benchmark/grafo1040.25,26,8,spectral,0.8666666666666668,1.0,4.333333333333333,4.333333333333333,1.4126984126984128,0.9047619047619048,25,32,0.84
progressive/rome_benchmark/grafo1040.25,29,9,degree,0.7944664031620553,0.7045239702903444,4.333333333333333,3.5,1.7321428571428572,0.9523809523809524,25,32,0.92
progressive/rome_benchmark/grafo1040.25,29,9,closeness,0.83399209486166,0.7053877715746284,4.333333333333333,3.5,3.5,1.0,25,32,0.92
progressive/rome_benchmark/grafo1040.25,29,9,betweeness,0.83399209486166,0.7053877715746284,4.333333333333333,3.5,3.5,1.0,25,32,0.92
progressive/rome_benchmark/grafo1040.25,29,9,rmc,0.9051383399209486,0.9990583170780925,4.333333333333333,4.333333333333333,4.333333333333333,1.0,25,32,0.92
progressive/rome_benchmark/grafo1040.25,29,9,random,0.7898550724637681,0.9741709827133921,4.333333333333333,4.333333333333333,1.1481481481481481,1.0,25,32,0.96
progressive/rome_benchmark/grafo1040.25,29,9,spectral,0.9051383399209486,0.9990583170780925,4.333333333333333,4.333333333333333,4.333333333333333,1.0,25,32,0.92
progressive/rome_benchmark/grafo1040.25,32,10,degree,0.9999999999999998,1.0,4.333333333333333,4.333333333333333,4.333333333333333,1.0,25,32,1.0
progressive/rome_benchmark/grafo1040.25,32,10,closeness,0.9999999999999998,1.0,4.333333333333333,4.333333333333333,4.333333333333333,1.0,25,32,1.0
progressive/rome_benchmark/grafo1040.25,32,10,betweeness,0.9999999999999998,1.0,4.333333333333333,4.333333333333333,4.333333333333333,1.0,25,32,1.0
progressive/rome_benchmark/grafo1040.25,32,10,rmc,0.9999999999999998,1.0,4.333333333333333,4.333333333333333,4.333333333333333,1.0,25,32,1.0
progressive/rome_benchmark/grafo1040.25,32,10,random,0.9999999999999998,1.0,4.333333333333333,4.333333333333333,4.333333333333333,1.0,25,32,1.0
progressive/rome_benchmark/grafo1040.25,32,10,spectral,0.9999999999999998,1.0,4.333333333333333,4.333333333333333,4.333333333333333,1.0,25,32,1.0
progressive/rome_benchmark/grafo4712.64,9,1,degree,0.5636363636363636,-0.3333333333333332,0.3044444444444444,5.0,5.0,0.09999999999999999,64,85,0.171875
progressive/rome_benchmark/grafo4712.64,9,1,closeness,0.4065934065934066,0.0,0.3044444444444444,3.0,0.3333333333333333,0.016666666666666666,64,85,0.21875
progressive/rome_benchmark/grafo4712.64,9,1,betweeness,0.3333333333333333,0.3333333333333334,0.3044444444444444,4.0,1.0,0.125,64,85,0.15625
progressive/rome_benchmark/grafo4712.64,9,1,rmc,0.12820512820512817,1.0,0.3044444444444444,3.5,0.375,0.15833333333333333,64,85,0.203125
progressive/rome_benchmark/grafo4712.64,9,1,random,0.37777777777777777,1.0,0.3044444444444444,3.0,0.10416666666666667,0.18333333333333335,64,85,0.15625
progressive/rome_benchmark/grafo4712.64,9,1,spectral,0.45454545454545453,1.0,0.3044444444444444,4.0,1.375,0.11666666666666665,64,85,0.171875
progressive/rome_benchmark/grafo4712.64,17,2,degree,0.6374269005847952,-0.3333333333333332,0.3044444444444444,4.5,1.75,0.12380952380952381,64,85,0.296875
progressive/rome_benchmark/grafo4712.64,17,2,closeness,0.2631578947368421,-0.3333333333333332,0.3044444444444444,4.0,1.0,0.125,64,85,0.3125
progressive/rome_benchmark/grafo4712.64,17,2,betweeness,0.3676470588235294,0.3333333333333334,0.3044444444444444,3.0,0.07954545454545454,0.18333333333333335,64,85,0.265625
progressive/rome_benchmark/grafo4712.64,17,2,rmc,0.6491228070175439,1.0,0.3044444444444444,1.4375,0.7916666666666666,0.23611111111111113,64,85,0.296875
progressive/rome_benchmark/grafo4712.64,17,2,random,0.39999999999999997,-0.3333333333333332,0.3044444444444444,4.5,0.34375,0.11515151515151516,64,85,0.3125
progressive/rome_benchmark/grafo4712.64,17,2,spectral,0.5833333333333334,1.0,0.3044444444444444,5.0,1.25,0.09999999999999999,64,85,0.25
progressive/rome_benchmark/grafo4712.64,26,3,degree,0.5555555555555557,-0.23893805309734503,0.3044444444444444,3.75,3.75,0.2333333333333333,64,85,0.421875
progressive/rome_benchmark/grafo4712.64,26,3,closeness,0.49857549857549865,-0.33333333333333326,0.3044444444444444,3.0,0.75,0.16666666666666666,64,85,0.421875
progressive/rome_benchmark/grafo4712.64,26,3,betweeness,0.5399999999999999,-0.33333333333333326,0.3044444444444444,3.0,0.75,0.16666666666666666,64,85,0.390625
progressive/rome_benchmark/grafo4712.64,26,3,rmc,0.5369458128078817,1.0,0.3044444444444444,1.4375,0.7916666666666666,0.225,64,85,0.453125
progressive/rome_benchmark/grafo4712.64,26,3,random,0.4729064039408866,-0.3333333333333332,0.3044444444444444,3.25,0.5,0.18611111111111112,64,85,0.453125
progressive/rome_benchmark/grafo4712.64,26,3,spectral,0.6066666666666666,0.949685534591195,0.3044444444444444,3.0,0.25,0.18333333333333335,64,85,0.390625
progressive/rome_benchmark/grafo4712.64,34,4,degree,0.5833333333333334,-0.27334083239595036,0.3044444444444444,3.8333333333333335,1.5833333333333333,0.35833333333333334,64,85,0.515625
progressive/rome_benchmark/grafo4712.64,34,4,closeness,0.5092436974789916,-0.33333333333333326,0.3044444444444444,1.0833333333333333,0.14351851851851852,0.18333333333333335,64,85,0.546875
progressive/rome_benchmark/grafo4712.64,34,4,betweeness,0.5984848484848485,0.42857142857142855,0.3044444444444444,3.0,1.25,0.2916666666666667,64,85,0.515625
progressive/rome_benchmark/grafo4712.64,34,4,rmc,0.6672268907563025,0.9817974971558588,0.3044444444444444,0.7777777777777778,0.12743055555555557,0.4916666666666667,64,85,0.546875
progressive/rome_benchmark/grafo4712.64,34,4,random,0.6296296296296297,1.0,0.3044444444444444,0.4895833333333333,0.15833333333333333,0.1818181818181818,64,85,0.4375
progressive/rome_benchmark/grafo4712.64,34,4,spectral,0.7425287356321839,0.6455696202531646,0.3044444444444444,2.6666666666666665,0.375,0.3958333333333333,64,85,0.46875
progressive/rome_benchmark/grafo4712.64,43,5,degree,0.6529160739687057,-0.21334833145856755,0.3044444444444444,1.6875,0.6770833333333334,0.37348484848484853,64,85,0.59375
progressive/rome_benchmark/grafo4712.64,43,5,closeness,0.6153846153846155,0.18861209964412814,0.3044444444444444,2.25,0.234375,0.30416666666666664,64,85,0.625
progressive/rome_benchmark/grafo4712.64,43,5,betweeness,0.6756097560975609,-0.3333333333333332,0.3044444444444444,0.9333333333333332,0.20750000000000002,0.31666666666666665,64,85,0.640625
progressive/rome_benchmark/grafo4712.64,43,5,rmc,0.7846153846153846,1.0,0.3044444444444444,0.475,0.372,0.35000000000000003,64,85,0.625
progressive/rome_benchmark/grafo4712.64,43,5,random,0.6615384615384615,0.27355278093076046,0.3044444444444444,0.6875,0.19270833333333334,0.2708333333333333,64,85,0.625
progressive/rome_benchmark/grafo4712.64,43,5,spectral,0.5411605937921727,0.5151515151515151,0.3044444444444444,2.6666666666666665,0.4791666666666667,0.4166666666666667,64,85,0.609375
progressive/rome_benchmark/grafo4712.64,51,6,degree,0.6877076411960132,-0.2013201320132012,0.3044444444444444,3.0,1.3125,0.39999999999999997,64,85,0.671875
progressive/rome_benchmark/grafo4712.64,51,6,closeness,0.7378435517970401,0.2786885245901639,0.3044444444444444,1.1666666666666667,0.24404761904761904,0.45,64,85,0.6875
progressive/rome_benchmark/grafo4712.64,51,6,betweeness,0.7378435517970401,0.2786885245901639,0.3044444444444444,1.1666666666666667,0.24404761904761904,0.45,64,85,0.6875
progressive/rome_benchmark/grafo4712.64,51,6,rmc,0.8245243128964058,0.5164075993091537,0.3044444444444444,0.6,0.34700000000000003,0.44583333333333336,64,85,0.6875
progressive/rome_benchmark/grafo4712.64,51,6,random,0.7209302325581395,0.675661322977862,0.3044444444444444,0.6555555555555554,0.13611111111111113,0.5208333333333334,64,85,0.671875
progressive/rome_benchmark/grafo4712.64,51,6,spectral,0.6677740863787375,0.7018104366347178,0.3044444444444444,1.0,0.6527777777777778,0.4375,64,85,0.671875
progressive/rome_benchmark/grafo4712.64,60,7,degree,0.7724329324699354,0.5971647046050286,0.3044444444444444,0.7222222222222222,0.29583333333333334,0.6041666666666666,64,85,0.734375
progressive/rome_benchmark/grafo4712.64,60,7,closeness,0.7942176870748298,0.2630457933972311,0.3044444444444444,1.125,0.2630952380952381,0.5166666666666667,64,85,0.765625
progressive/rome_benchmark/grafo4712.64,60,7,betweeness,0.7942176870748298,0.2630457933972311,0.3044444444444444,1.125,0.2630952380952381,0.5166666666666667,64,85,0.765625
progressive/rome_benchmark/grafo4712.64,60,7,rmc,0.7300435413642962,0.498892494720033,0.3044444444444444,0.34285714285714286,0.23214285714285715,0.6458333333333334,64,85,0.828125
progressive/rome_benchmark/grafo4712.64,60,7,random,0.8285714285714286,0.77294577021709,0.3044444444444444,0.47619047619047616,0.1648148148148148,0.7166666666666668,64,85,0.78125
progressive/rome_benchmark/grafo4712.64,60,7,spectral,0.7872340425531915,0.7597211048538483,0.3044444444444444,0.40625,0.31875,0.4791666666666667,64,85,0.734375
progressive/rome_benchmark/grafo4712.64,68,8,degree,0.8305882352941177,0.877381394418897,0.3044444444444444,0.2569444444444444,0.14074074074074072,0.725,64,85,0.796875
progressive/rome_benchmark/grafo4712.64,68,8,closeness,0.8491704374057315,0.5962303128913427,0.3044444444444444,0.6574074074074073,0.2263888888888889,0.7041666666666666,64,85,0.8125
progressive/rome_benchmark/grafo4712.64,68,8,betweeness,0.8491704374057315,0.5962303128913427,0.3044444444444444,0.6574074074074073,0.2263888888888889,0.7041666666666666,64,85,0.8125
progressive/rome_benchmark/grafo4712.64,68,8,rmc,0.8760942760942761,0.5695460055527314,0.3044444444444444,0.95,0.95,0.6666666666666666,64,85,0.859375
progressive/rome_benchmark/grafo4712.64,68,8,random,0.8088324258923169,0.26994214943371636,0.3044444444444444,0.4666666666666666,0.269,0.4708333333333334,64,85,0.90625
progressive/rome_benchmark/grafo4712.64,68,8,spectral,0.9004081632653061,1.0,0.3044444444444444,0.25925925925925924,0.2103174603174603,0.6666666666666666,64,85,0.78125
progressive/rome_benchmark/grafo4712.64,77,9,degree,0.904761904761905,0.8804156327966604,0.3044444444444444,0.38166666666666665,0.24533333333333332,0.8333333333333334,64,85,0.890625
progressive/rome_benchmark/grafo4712.64,77,9,closeness,0.9135008766803038,0.9943065584405124,0.3044444444444444,0.3027777777777777,0.2007936507936508,0.7916666666666666,64,85,0.921875
progressive/rome_benchmark/grafo4712.64,77,9,betweeness,0.9135008766803038,0.9943065584405124,0.3044444444444444,0.3027777777777777,0.2007936507936508,0.7916666666666666,64,85,0.921875
progressive/rome_benchmark/grafo4712.64,77,9,rmc,0.9005649717514125,0.7280445614814106,0.3044444444444444,0.38888888888888884,0.38888888888888884,0.9666666666666667,64,85,0.9375
progressive/rome_benchmark/grafo4712.64,77,9,random,0.9044162129461584,0.9206677403908937,0.3044444444444444,0.2881944444444444,0.16157407407407406,0.8916666666666666,64,85,0.90625
progressive/rome_benchmark/grafo4712.64,77,9,spectral,0.943609022556391,1.0,0.3044444444444444,0.5694444444444444,0.5694444444444444,0.6666666666666666,64,85,0.890625
progressive/rome_benchmark/grafo4712.64,85,10,degree,1.0,1.0,0.3044444444444444,0.3044444444444444,0.3044444444444444,1.0,64,85,1.0
progressive/rome_benchmark/grafo4712.64,85,10,closeness,1.0,1.0,0.3044444444444444,0.3044444444444444,0.3044444444444444,1.0,64,85,1.0
progressive/rome_benchmark/grafo4712.64,85,10,betweeness,1.0,1.0,0.3044444444444444,0.3044444444444444,0.3044444444444444,1.0,64,85,1.0
progressive/rome_benchmark/grafo4712.64,85,10,rmc,1.0,1.0,0.3044444444444444,0.3044444444444444,0.3044444444444444,1.0,64,85,1.0
progressive/rome_benchmark/grafo4712.64,85,10,random,1.0,1.0,0.3044444444444444,0.3044444444444444,0.3044444444444444,1.0,64,85,1.0
progressive/rome_benchmark/grafo4712.64,85,10,spectral,1.0,1.0,0.3044444444444444,0.3044444444444444,0.3044444444444444,1.0,64,85,1.0
progressive/rome_benchmark/grafo2910.14,2,1,degree,0.33333333333333337,-0.5,0.75,0,0,0.0,14,16,0.21428571428571427
progressive/rome_benchmark/grafo2910.14,2,1,closeness,0.0,-0.5,0.75,0,0,0.0,14,16,0.2857142857142857
progressive/rome_benchmark/grafo2910.14,2,1,betweeness,0.0,-0.5,0.75,0,0,0.0,14,16,0.2857142857142857
progressive/rome_benchmark/grafo2910.14,2,1,rmc,0.3333333333333334,-0.5,0.75,0,0,0.0,14,16,0.2857142857142857
progressive/rome_benchmark/grafo2910.14,2,1,random,0.0,-0.5,0.75,0,0,0.0,14,16,0.2857142857142857
progressive/rome_benchmark/grafo2910.14,2,1,spectral,-0.33333333333333337,-0.5,0.75,0,0,0.0,14,16,0.21428571428571427
progressive/rome_benchmark/grafo2910.14,4,2,degree,0.6,0.33333333333333337,0.75,4.0,1.0,0.4,14,16,0.35714285714285715
progressive/rome_benchmark/grafo2910.14,4,2,closeness,-0.06666666666666665,-0.5,0.75,0,0,0.0,14,16,0.42857142857142855
progressive/rome_benchmark/grafo2910.14,4,2,betweeness,-0.06666666666666665,-0.5,0.75,0,0,0.0,14,16,0.42857142857142855
progressive/rome_benchmark/grafo2910.14,4,2,rmc,0.7142857142857143,-0.5,0.75,0,0,0.0,14,16,0.5
progressive/rome_benchmark/grafo2910.14,4,2,random,-0.06666666666666665,-0.5,0.75,0,0,0.0,14,16,0.42857142857142855
progressive/rome_benchmark/grafo2910.14,4,2,spectral,-0.2,-0.5,0.75,0,0,0.0,14,16,0.42857142857142855
progressive/rome_benchmark/grafo2910.14,5,3,degree,0.6,0.4,0.75,5.0,1.25,0.5,14,16,0.42857142857142855
progressive/rome_benchmark/grafo2910.14,5,3,closeness,0.14285714285714285,-0.5,0.75,0,0,0.0,14,16,0.5714285714285714
progressive/rome_benchmark/grafo2910.14,5,3,betweeness,0.14285714285714285,-0.5,0.75,0,0,0.0,14,16,0.5714285714285714
progressive/rome_benchmark/grafo2910.14,5,3,rmc,0.6428571428571428,-0.5,0.75,0,0,0.0,14,16,0.5714285714285714
progressive/rome_benchmark/grafo2910.14,5,3,random,-0.23809523809523814,-0.5,0.75,0,0,0.0,14,16,0.5
progressive/rome_benchmark/grafo2910.14,5,3,spectral,-0.04761904761904762,1.0,0.75,3.0,0.75,0.375,14,16,0.5
progressive/rome_benchmark/grafo2910.14,7,4,degree,0.6428571428571428,0.4,0.75,5.0,1.25,0.5,14,16,0.5714285714285714
progressive/rome_benchmark/grafo2910.14,7,4,closeness,0.4444444444444444,-0.5,0.75,0,0,0.0,14,16,0.6428571428571429
progressive/rome_benchmark/grafo2910.14,7,4,betweeness,0.4444444444444444,-0.5,0.75,0,0,0.0,14,16,0.6428571428571429
progressive/rome_benchmark/grafo2910.14,7,4,rmc,0.3333333333333333,-0.5,0.75,0,0,0.0,14,16,0.7142857142857143
progressive/rome_benchmark/grafo2910.14,7,4,random,0.42857142857142855,0.0,0.75,4.0,1.0,0.5,14,16,0.5714285714285714
progressive/rome_benchmark/grafo2910.14,7,4,spectral,0.16666666666666666,1.0,0.75,4.0,1.0,0.5,14,16,0.6428571428571429
progressive/rome_benchmark/grafo2910.14,8,5,degree,0.7222222222222222,0.4477172312223859,0.75,4.0,0.6666666666666666,0.875,14,16,0.6428571428571429
progressive/rome_benchmark/grafo2910.14,8,5,closeness,0.611111111111111,0.33333333333333337,0.75,0.75,0.75,0.3,14,16,0.6428571428571429
progressive/rome_benchmark/grafo2910.14,8,5,betweeness,0.611111111111111,0.33333333333333337,0.75,0.75,0.75,0.3,14,16,0.6428571428571429
progressive/rome_benchmark/grafo2910.14,8,5,rmc,0.24444444444444444,-0.3333333333333332,0.75,3.0,0.3333333333333333,0.3,14,16,0.7142857142857143
progressive/rome_benchmark/grafo2910.14,8,5,random,0.4444444444444444,1.0,0.75,4.0,1.0,0.5,14,16,0.6428571428571429
progressive/rome_benchmark/grafo2910.14,8,5,spectral,0.4444444444444444,1.0,0.75,4.0,1.0,0.5,14,16,0.6428571428571429
progressive/rome_benchmark/grafo2910.14,10,6,degree,0.6888888888888888,0.46266829865361075,0.75,4.5,0.75,1.0,14,16,0.7142857142857143
progressive/rome_benchmark/grafo2910.14,10,6,closeness,0.45454545454545453,0.0,0.75,5.0,1.25,0.5,14,16,0.7857142857142857
progressive/rome_benchmark/grafo2910.14,10,6,betweeness,0.45454545454545453,0.0,0.75,5.0,1.25,0.5,14,16,0.7857142857142857
progressive/rome_benchmark/grafo2910.14,10,6,rmc,0.23636363636363636,-0.3999999999999999,0.75,5.0,0.5555555555555556,0.5,14,16,0.7857142857142857
progressive/rome_benchmark/grafo2910.14,10,6,random,0.16363636363636364,-0.33333333333333326,0.75,4.0,1.0,0.5,14,16,0.7857142857142857
progressive/rome_benchmark/grafo2910.14,10,6,spectral,0.7333333333333333,1.0,0.75,4.0,0.6666666666666666,0.9,14,16,0.7142857142857143
progressive/rome_benchmark/grafo2910.14,12,7,degree,0.8909090909090909,0.847001223990208,0.75,4.5,0.75,1.0,14,16,0.7857142857142857
progressive/rome_benchmark/grafo2910.14,12,7,closeness,0.606060606060606,0.19999999999999996,0.75,5.0,1.25,0.5,14,16,0.8571428571428571
progressive/rome_benchmark/grafo2910.14,12,7,betweeness,0.606060606060606,0.19999999999999996,0.75,5.0,1.25,0.5,14,16,0.8571428571428571
progressive/rome_benchmark/grafo2910.14,12,7,rmc,0.4848484848484848,0.19999999999999996,0.75,5.0,0.5555555555555556,0.5,14,16,0.8571428571428571
progressive/rome_benchmark/grafo2910.14,12,7,random,0.4871794871794871,0.4,0.75,5.0,1.25,0.5,14,16,0.9285714285714286
progressive/rome_benchmark/grafo2910.14,12,7,spectral,0.7575757575757575,0.9216646266829865,0.75,4.5,0.75,1.0,14,16,0.8571428571428571
progressive/rome_benchmark/grafo2910.14,13,8,degree,0.909090909090909,0.8142644873699851,0.75,1.75,0.75,1.0,14,16,0.8571428571428571
progressive/rome_benchmark/grafo2910.14,13,8,closeness,0.6666666666666665,0.2636229749631811,0.75,4.0,0.6666666666666666,0.875,14,16,0.9285714285714286
progressive/rome_benchmark/grafo2910.14,13,8,betweeness,0.6666666666666665,0.2636229749631811,0.75,4.0,0.6666666666666666,0.875,14,16,0.9285714285714286
progressive/rome_benchmark/grafo2910.14,13,8,rmc,0.7272727272727272,0.21691464369616284,0.75,1.625,0.39583333333333337,0.875,14,16,0.8571428571428571
progressive/rome_benchmark/grafo2910.14,13,8,random,0.8181818181818181,0.6940024479804161,0.75,4.5,0.75,1.0,14,16,0.8571428571428571
progressive/rome_benchmark/grafo2910.14,13,8,spectral,0.7878787878787877,0.9216646266829865,0.75,4.5,0.75,1.0,14,16,0.8571428571428571
progressive/rome_benchmark/grafo2910.14,15,9,degree,0.9743589743589742,1.0,0.75,1.75,0.75,1.0,14,16,0.9285714285714286
progressive/rome_benchmark/grafo2910.14,15,9,closeness,0.8241758241758242,0.6285289747399703,0.75,1.75,0.75,1.0,14,16,1.0
progressive/rome_benchmark/grafo2910.14,15,9,betweeness,0.8241758241758242,0.6285289747399703,0.75,1.75,0.75,1.0,14,16,1.0
progressive/rome_benchmark/grafo2910.14,15,9,rmc,0.9230769230769229,1.0,0.75,0.75,0.75,1.0,14,16,0.9285714285714286
progressive/rome_benchmark/grafo2910.14,15,9,random,0.8241758241758242,0.6285289747399703,0.75,1.75,0.75,1.0,14,16,1.0
progressive/rome_benchmark/grafo2910.14,15,9,spectral,0.9743589743589742,1.0,0.75,1.75,0.75,1.0,14,16,0.9285714285714286
progressive/rome_benchmark/grafo2910.14,16,10,degree,1.0,1.0,0.75,0.75,0.75,1.0,14,16,1.0
progressive/rome_benchmark/grafo2910.14,16,10,closeness,1.0,1.0,0.75,0.75,0.75,1.0,14,16,1.0
progressive/rome_benchmark/grafo2910.14,16,10,betweeness,1.0,1.0,0.75,0.75,0.75,1.0,14,16,1.0
progressive/rome_benchmark/grafo2910.14,16,10,rmc,1.0,1.0,0.75,0.75,0.75,1.0,14,16,1.0
progressive/rome_benchmark/grafo2910.14,16,10,random,1.0,1.0,0.75,0.75,0.75,1.0,14,16,1.0
progressive/rome_benchmark/grafo2910.14,16,10,spectral,1.0,1.0,0.75,0.75,0.75,1.0,14,16,1.0
progressive/rome_benchmark/grafo11159.93,12,1,degree,0.5384615384615384,0.0,0.12666666666666665,3.5,0.375,0.03333333333333333,93,119,0.15053763440860216
progressive/rome_benchmark/grafo11159.93,12,1,closeness,0.43333333333333335,0.0,0.12666666666666665,4.0,1.0,0.0,93,119,0.17204301075268819
progressive/rome_benchmark/grafo11159.93,12,1,betweeness,0.7179487179487178,0.0,0.12666666666666665,4.0,0.6666666666666666,0.0,93,119,0.13978494623655913
progressive/rome_benchmark/grafo11159.93,12,1,rmc,0.580952380952381,0.0,0.12666666666666665,4.0,1.0,0.0,93,119,0.16129032258064516
progressive/rome_benchmark/grafo11159.93,12,1,random,0.5166666666666667,0.0,0.12666666666666665,0.75,0.1875,0.0,93,119,0.17204301075268819
progressive/rome_benchmark/grafo11159.93,12,1,spectral,0.5897435897435896,0.0,0.12666666666666665,3.0,0.75,0.0,93,119,0.13978494623655913
progressive/rome_benchmark/grafo11159.93,24,2,degree,0.5942028985507246,1.0,0.12666666666666665,1.4166666666666667,0.8888888888888888,0.08,93,119,0.25806451612903225
progressive/rome_benchmark/grafo11159.93,24,2,closeness,0.37500000000000006,0.0,0.12666666666666665,4.0,4.0,0.0,93,119,0.34408602150537637
progressive/rome_benchmark/grafo11159.93,24,2,betweeness,0.6600790513833992,0.0,0.12666666666666665,2.0,0.8333333333333334,0.0,93,119,0.24731182795698925
progressive/rome_benchmark/grafo11159.93,24,2,rmc,0.5897435897435899,0.0,0.12666666666666665,1.625,0.6666666666666666,0.0,93,119,0.2903225806451613
progressive/rome_benchmark/grafo11159.93,24,2,random,0.5925925925925926,0.3333333333333333,0.12666666666666665,1.0,0.25,0.16,93,119,0.3010752688172043
progressive/rome_benchmark/grafo11159.93,24,2,spectral,0.6304347826086957,0.0,0.12666666666666665,0.6666666666666666,0.26666666666666666,0.0,93,119,0.25806451612903225
progressive/rome_benchmark/grafo11159.93,36,3,degree,0.620967741935484,0.33333333333333337,0.12666666666666665,2.1666666666666665,2.1666666666666665,0.16666666666666666,93,119,0.34408602150537637
progressive/rome_benchmark/grafo11159.93,36,3,closeness,0.4192799070847851,0.0,0.12666666666666665,4.0,4.0,0.0,93,119,0.45161290322580644
progressive/rome_benchmark/grafo11159.93,36,3,betweeness,0.5984848484848485,-1.0,0.12666666666666665,0.4583333333333333,0.125,0.08,93,119,0.3548387096774194
progressive/rome_benchmark/grafo11159.93,36,3,rmc,0.6696696696696697,0.0,0.12666666666666665,0.4583333333333333,0.20833333333333334,0.0,93,119,0.3978494623655914
progressive/rome_benchmark/grafo11159.93,36,3,random,0.6571428571428573,1.0,0.12666666666666665,0.8888888888888888,0.8888888888888888,0.09523809523809523,93,119,0.3870967741935484
progressive/rome_benchmark/grafo11159.93,36,3,spectral,0.784873949579832,0.0,0.12666666666666665,0.8666666666666667,0.55,0.0,93,119,0.3763440860215054
progressive/rome_benchmark/grafo11159.93,48,4,degree,0.6376306620209059,-0.11892797319932993,0.12666666666666665,0.5416666666666666,0.4305555555555555,0.2733333333333333,93,119,0.45161290322580644
progressive/rome_benchmark/grafo11159.93,48,4,closeness,0.6632747456059206,0.3548387096774194,0.12666666666666665,0.9444444444444445,0.39351851851851855,0.24,93,119,0.5053763440860215
progressive/rome_benchmark/grafo11159.93,48,4,betweeness,0.6832779623477298,0.6825396825396826,0.12666666666666665,0.3,0.1284722222222222,0.24000000000000005,93,119,0.46236559139784944
progressive/rome_benchmark/grafo11159.93,48,4,rmc,0.7206290471785385,0.0,0.12666666666666665,0.21296296296296294,0.13541666666666666,0.0,93,119,0.5053763440860215
progressive/rome_benchmark/grafo11159.93,48,4,random,0.5939393939393939,1.0,0.12666666666666665,0.2,0.11458333333333333,0.1,93,119,0.4838709677419355
progressive/rome_benchmark/grafo11159.93,48,4,spectral,0.7272727272727272,0.0031152647975078323,0.12666666666666665,1.125,0.225,0.32,93,119,0.4838709677419355
progressive/rome_benchmark/grafo11159.93,60,5,degree,0.6661828737300436,0.010752688172043058,0.12666666666666665,0.4126984126984127,0.22474747474747472,0.27999999999999997,93,119,0.5698924731182796
progressive/rome_benchmark/grafo11159.93,60,5,closeness,0.6969696969696971,0.7435897435897435,0.12666666666666665,0.45,0.23177083333333331,0.27999999999999997,93,119,0.5913978494623656
progressive/rome_benchmark/grafo11159.93,60,5,betweeness,0.6953179594689028,0.6825396825396826,0.12666666666666665,0.4166666666666667,0.21296296296296294,0.24000000000000005,93,119,0.5806451612903226
progressive/rome_benchmark/grafo11159.93,60,5,rmc,0.7277676950998184,1.0,0.12666666666666665,0.27777777777777773,0.19375,0.2,93,119,0.6236559139784946
progressive/rome_benchmark/grafo11159.93,60,5,random,0.6121212121212122,0.8112094395280236,0.12666666666666665,0.4861111111111111,0.28888888888888886,0.22000000000000003,93,119,0.5913978494623656
progressive/rome_benchmark/grafo11159.93,60,5,spectral,0.7252525252525254,-0.20800302000755003,0.12666666666666665,0.5833333333333334,0.25,0.36,93,119,0.5913978494623656
progressive/rome_benchmark/grafo11159.93,72,6,degree,0.7253068381063704,0.5022498750069441,0.12666666666666665,0.175,0.09288194444444446,0.52,93,119,0.6344086021505376
progressive/rome_benchmark/grafo11159.93,72,6,closeness,0.7451923076923077,1.0,0.12666666666666665,1.5,0.8888888888888888,0.12,93,119,0.6989247311827957
progressive/rome_benchmark/grafo11159.93,72,6,betweeness,0.7192307692307693,1.0,0.12666666666666665,1.5,0.8888888888888888,0.12,93,119,0.6989247311827957
progressive/rome_benchmark/grafo11159.93,72,6,rmc,0.7174825174825175,1.0,0.12666666666666665,0.2222222222222222,0.1484375,0.2,93,119,0.7096774193548387
progressive/rome_benchmark/grafo11159.93,72,6,random,0.7186793306196293,0.3333333333333333,0.12666666666666665,1.25,0.7222222222222222,0.16,93,119,0.7204301075268817
progressive/rome_benchmark/grafo11159.93,72,6,spectral,0.8404371584699453,0.27519818799546997,0.12666666666666665,0.3,0.17063492063492064,0.36,93,119,0.6559139784946236
progressive/rome_benchmark/grafo11159.93,84,7,degree,0.7757885763000851,0.9122855351966878,0.12666666666666665,0.1529982363315697,0.09615384615384616,0.6599999999999999,93,119,0.7419354838709677
progressive/rome_benchmark/grafo11159.93,84,7,closeness,0.7851662404092071,0.4358974358974359,0.12666666666666665,0.45833333333333337,0.21527777777777776,0.32,93,119,0.7419354838709677
progressive/rome_benchmark/grafo11159.93,84,7,betweeness,0.7817561807331628,0.6100714461323906,0.12666666666666665,0.1832010582010582,0.10096153846153846,0.5599999999999999,93,119,0.7419354838709677
progressive/rome_benchmark/grafo11159.93,84,7,rmc,0.7771195853387635,1.0,0.12666666666666665,0.75,0.75,0.2,93,119,0.7956989247311828
progressive/rome_benchmark/grafo11159.93,84,7,random,0.7442557442557443,0.3333333333333333,0.12666666666666665,0.6145833333333333,0.26785714285714285,0.16,93,119,0.8387096774193549
progressive/rome_benchmark/grafo11159.93,84,7,spectral,0.8148893360160966,1.0,0.12666666666666665,0.21296296296296294,0.17063492063492064,0.36,93,119,0.7634408602150538
progressive/rome_benchmark/grafo11159.93,96,8,degree,0.8343859649122808,0.9076996612907214,0.12666666666666665,0.11515151515151517,0.08015873015873017,0.51,93,119,0.8172043010752689
progressive/rome_benchmark/grafo11159.93,96,8,closeness,0.8297468354430378,0.8337091580598163,0.12666666666666665,0.1125,0.08101851851851852,0.52,93,119,0.8602150537634409
progressive/rome_benchmark/grafo11159.93,96,8,betweeness,0.8297468354430378,0.8337091580598163,0.12666666666666665,0.1125,0.08101851851851852,0.52,93,119,0.8602150537634409
progressive/rome_benchmark/grafo11159.93,96,8,rmc,0.8449367088607594,1.0,0.12666666666666665,0.20873015873015874,0.15416666666666665,0.7,93,119,0.8602150537634409
progressive/rome_benchmark/grafo11159.93,96,8,random,0.7819570966794005,0.04761904761904764,0.12666666666666665,0.4583333333333333,0.2638888888888889,0.2,93,119,0.8924731182795699
progressive/rome_benchmark/grafo11159.93,96,8,spectral,0.831645569620253,1.0,0.12666666666666665,0.38333333333333336,0.38333333333333336,0.5,93,119,0.8602150537634409
progressive/rome_benchmark/grafo11159.93,108,9,degree,0.9047619047619049,1.0,0.12666666666666665,0.125,0.125,0.95,93,119,0.9139784946236559
progressive/rome_benchmark/grafo11159.93,108,9,closeness,0.8913270637408568,1.0,0.12666666666666665,0.1013888888888889,0.09090909090909091,0.55,93,119,0.946236559139785
progressive/rome_benchmark/grafo11159.93,108,9,betweeness,0.8913270637408568,1.0,0.12666666666666665,0.1013888888888889,0.09090909090909091,0.55,93,119,0.946236559139785
progressive/rome_benchmark/grafo11159.93,108,9,rmc,0.9190150478796169,1.0,0.12666666666666665,0.10227272727272728,0.10227272727272728,0.76,93,119,0.9247311827956989
progressive/rome_benchmark/grafo11159.93,108,9,random,0.91317671092952,1.0,0.12666666666666665,0.25555555555555554,0.25555555555555554,0.52,93,119,0.956989247311828
progressive/rome_benchmark/grafo11159.93,108,9,spectral,0.9277108433734941,0.9253255547452859,0.12666666666666665,0.11994949494949494,0.10127314814814814,0.71,93,119,0.9032258064516129
progressive/rome_benchmark/grafo11159.93,119,10,degree,1.0,1.0,0.12666666666666665,0.12666666666666665,0.12666666666666665,1.0,93,119,1.0
progressive/rome_benchmark/grafo11159.93,119,10,closeness,1.0,1.0,0.12666666666666665,0.12666666666666665,0.12666666666666665,1.0,93,119,1.0
progressive/rome_benchmark/grafo11159.93,119,10,betweeness,1.0,1.0,0.12666666666666665,0.12666666666666665,0.12666666666666665,1.0,93,119,1.0
progressive/rome_benchmark/grafo11159.93,119,10,rmc,1.0,1.0,0.12666666666666665,0.12666666666666665,0.12666666666666665,1.0,93,119,1.0
progressive/rome_benchmark/grafo11159.93,119,10,random,1.0,1.0,0.12666666666666665,0.12666666666666665,0.12666666666666665,1.0,93,119,1.0
progressive/rome_benchmark/grafo11159.93,119,10,spectral,1.0,1.0,0.12666666666666665,0.12666666666666665,0.12666666666666665,1.0,93,119,1.0
progressive/rome_benchmark/grafo2240.12,2,1,degree,-0.6666666666666669,-0.5,1.0,0,0,0.0,12,13,0.3333333333333333
progressive/rome_benchmark/grafo2240.12,2,1,closeness,0.3333333333333334,-0.5,1.0,0,0,0.0,12,13,0.3333333333333333
progressive/rome_benchmark/grafo2240.12,2,1,betweeness,0.3333333333333334,-0.5,1.0,0,0,0.0,12,13,0.3333333333333333
progressive/rome_benchmark/grafo2240.12,2,1,rmc,-0.3333333333333334,-0.5,1.0,0,0,0.0,12,13,0.3333333333333333
progressive/rome_benchmark/grafo2240.12,2,1,random,-1.0,-0.5,1.0,0,0,0.0,12,13,0.25
progressive/rome_benchmark/grafo2240.12,2,1,spectral,-1.0,-0.5,1.0,0,0,0.0,12,13,0.25
progressive/rome_benchmark/grafo2240.12,3,2,degree,0.0,-0.5,1.0,0,0,0.0,12,13,0.3333333333333333
progressive/rome_benchmark/grafo2240.12,3,2,closeness,-0.3333333333333333,-0.5,1.0,0,0,0.0,12,13,0.5
progressive/rome_benchmark/grafo2240.12,3,2,betweeness,-0.3333333333333333,-0.5,1.0,0,0,0.0,12,13,0.5
progressive/rome_benchmark/grafo2240.12,3,2,rmc,0.3333333333333334,-0.5,1.0,0,0,0.0,12,13,0.3333333333333333
progressive/rome_benchmark/grafo2240.12,3,2,random,0.3333333333333334,-0.5,1.0,0,0,0.0,12,13,0.3333333333333333
progressive/rome_benchmark/grafo2240.12,3,2,spectral,-0.33333333333333337,-0.5,1.0,0,0,0.0,12,13,0.25
progressive/rome_benchmark/grafo2240.12,4,3,degree,0.39999999999999997,-0.5,1.0,0,0,0.0,12,13,0.4166666666666667
progressive/rome_benchmark/grafo2240.12,4,3,closeness,0.14285714285714288,-0.5,1.0,0,0,0.0,12,13,0.5833333333333334
progressive/rome_benchmark/grafo2240.12,4,3,betweeness,0.14285714285714288,-0.5,1.0,0,0,0.0,12,13,0.5833333333333334
progressive/rome_benchmark/grafo2240.12,4,3,rmc,0.39999999999999997,-0.33333333333333326,1.0,1.0,1.0,1.0,12,13,0.4166666666666667
progressive/rome_benchmark/grafo2240.12,4,3,random,0.4666666666666666,-0.5,1.0,0,0,0.0,12,13,0.5
progressive/rome_benchmark/grafo2240.12,4,3,spectral,1.0,-0.5,1.0,0,0,0.0,12,13,0.3333333333333333
progressive/rome_benchmark/grafo2240.12,6,4,degree,0.6190476190476191,-0.5,1.0,0,0,0.0,12,13,0.5833333333333334
progressive/rome_benchmark/grafo2240.12,6,4,closeness,0.6428571428571428,-0.5,1.0,0,0,0.0,12,13,0.6666666666666666
progressive/rome_benchmark/grafo2240.12,6,4,betweeness,0.6428571428571428,-0.5,1.0,0,0,0.0,12,13,0.6666666666666666
progressive/rome_benchmark/grafo2240.12,6,4,rmc,0.4285714285714286,1.0,1.0,1.0,1.0,1.0,12,13,0.5833333333333334
progressive/rome_benchmark/grafo2240.12,6,4,random,0.4666666666666666,-0.5,1.0,0,0,0.0,12,13,0.5
progressive/rome_benchmark/grafo2240.12,6,4,spectral,0.4666666666666666,-0.5,1.0,0,0,0.0,12,13,0.5
progressive/rome_benchmark/grafo2240.12,7,5,degree,0.42857142857142855,-0.5,1.0,0,0,0.0,12,13,0.6666666666666666
progressive/rome_benchmark/grafo2240.12,7,5,closeness,0.4999999999999999,-0.5,1.0,0,0,0.0,12,13,0.6666666666666666
progressive/rome_benchmark/grafo2240.12,7,5,betweeness,0.4999999999999999,-0.5,1.0,0,0,0.0,12,13,0.6666666666666666
progressive/rome_benchmark/grafo2240.12,7,5,rmc,0.5714285714285714,1.0,1.0,1.0,1.0,1.0,12,13,0.6666666666666666
progressive/rome_benchmark/grafo2240.12,7,5,random,0.1111111111111111,-0.5,1.0,0,0,0.0,12,13,0.75
progressive/rome_benchmark/grafo2240.12,7,5,spectral,0.0,-0.5,1.0,0,0,0.0,12,13,0.6666666666666666
progressive/rome_benchmark/grafo2240.12,8,6,degree,0.5,-0.5,1.0,0,0,0.0,12,13,0.75
progressive/rome_benchmark/grafo2240.12,8,6,closeness,0.6,-0.5,1.0,0,0,0.0,12,13,0.8333333333333334
progressive/rome_benchmark/grafo2240.12,8,6,betweeness,0.6,-0.5,1.0,0,0,0.0,12,13,0.8333333333333334
progressive/rome_benchmark/grafo2240.12,8,6,rmc,0.8571428571428571,1.0,1.0,1.0,1.0,1.0,12,13,0.6666666666666666
progressive/rome_benchmark/grafo2240.12,8,6,random,0.1111111111111111,-0.5,1.0,0,0,0.0,12,13,0.75
progressive/rome_benchmark/grafo2240.12,8,6,spectral,0.2857142857142857,-0.5,1.0,0,0,0.0,12,13,0.6666666666666666
progressive/rome_benchmark/grafo2240.12,10,7,degree,0.6888888888888888,-0.5,1.0,0,0,0.0,12,13,0.8333333333333334
progressive/rome_benchmark/grafo2240.12,10,7,closeness,0.7090909090909091,-0.5,1.0,0,0,0.0,12,13,0.9166666666666666
progressive/rome_benchmark/grafo2240.12,10,7,betweeness,0.7090909090909091,-0.5,1.0,0,0,0.0,12,13,0.9166666666666666
progressive/rome_benchmark/grafo2240.12,10,7,rmc,0.6888888888888888,1.0,1.0,1.0,1.0,1.0,12,13,0.8333333333333334
progressive/rome_benchmark/grafo2240.12,10,7,random,0.6888888888888888,1.0,1.0,1.0,1.0,1.0,12,13,0.8333333333333334
progressive/rome_benchmark/grafo2240.12,10,7,spectral,0.5636363636363636,-0.5,1.0,0,0,0.0,12,13,0.9166666666666666
progressive/rome_benchmark/grafo2240.12,11,8,degree,0.6000000000000001,-0.5,1.0,0,0,0.0,12,13,0.9166666666666666
progressive/rome_benchmark/grafo2240.12,11,8,closeness,0.7454545454545454,-0.5,1.0,0,0,0.0,12,13,0.9166666666666666
progressive/rome_benchmark/grafo2240.12,11,8,betweeness,0.7454545454545454,-0.5,1.0,0,0,0.0,12,13,0.9166666666666666
progressive/rome_benchmark/grafo2240.12,11,8,rmc,0.6727272727272727,1.0,1.0,1.0,1.0,1.0,12,13,0.9166666666666666
progressive/rome_benchmark/grafo2240.12,11,8,random,0.7818181818181819,-0.5,1.0,0,0,0.0,12,13,0.9166666666666666
progressive/rome_benchmark/grafo2240.12,11,8,spectral,0.7454545454545454,1.0,1.0,1.0,1.0,1.0,12,13,0.9166666666666666
progressive/rome_benchmark/grafo2240.12,12,9,degree,0.7454545454545454,-0.5,1.0,0,0,0.0,12,13,0.9166666666666666
progressive/rome_benchmark/grafo2240.12,12,9,closeness,0.7272727272727272,-0.5,1.0,0,0,0.0,12,13,1.0
progressive/rome_benchmark/grafo2240.12,12,9,betweeness,0.7272727272727272,-0.5,1.0,0,0,0.0,12,13,1.0
progressive/rome_benchmark/grafo2240.12,12,9,rmc,0.7272727272727272,1.0,1.0,1.0,1.0,1.0,12,13,1.0
progressive/rome_benchmark/grafo2240.12,12,9,random,0.8484848484848484,1.0,1.0,1.0,1.0,1.0,12,13,1.0
progressive/rome_benchmark/grafo2240.12,12,9,spectral,0.6363636363636362,1.0,1.0,1.0,1.0,1.0,12,13,1.0
progressive/rome_benchmark/grafo2240.12,13,10,degree,0.9999999999999998,1.0,1.0,1.0,1.0,1.0,12,13,1.0
progressive/rome_benchmark/grafo2240.12,13,10,closeness,0.9999999999999998,1.0,1.0,1.0,1.0,1.0,12,13,1.0
progressive/rome_benchmark/grafo2240.12,13,10,betweeness,0.9999999999999998,1.0,1.0,1.0,1.0,1.0,12,13,1.0
progressive/rome_benchmark/grafo2240.12,13,10,rmc,0.9999999999999998,1.0,1.0,1.0,1.0,1.0,12,13,1.0
progressive/rome_benchmark/grafo2240.12,13,10,random,0.9999999999999998,1.0,1.0,1.0,1.0,1.0,12,13,1.0
progressive/rome_benchmark/grafo2240.12,13,10,spectral,0.9999999999999998,1.0,1.0,1.0,1.0,1.0,12,13,1.0
progressive/rome_benchmark/grafo1233.70,10,1,degree,0.5272727272727272,1.0,0.16592261904761904,4.0,4.0,0.05,70,94,0.15714285714285714
progressive/rome_benchmark/grafo1233.70,10,1,closeness,0.6727272727272727,0.0,0.16592261904761904,3.0,3.0,0.020833333333333332,70,94,0.15714285714285714
progressive/rome_benchmark/grafo1233.70,10,1,betweeness,0.4848484848484848,0.0,0.16592261904761904,3.0,3.0,0.020833333333333332,70,94,0.17142857142857143
progressive/rome_benchmark/grafo1233.70,10,1,rmc,0.46153846153846145,0.0,0.16592261904761904,2.0,2.0,0.0,70,94,0.18571428571428572
progressive/rome_benchmark/grafo1233.70,10,1,random,0.5272727272727272,1.0,0.16592261904761904,3.0,3.0,0.125,70,94,0.15714285714285714
progressive/rome_benchmark/grafo1233.70,10,1,spectral,0.7333333333333333,1.0,0.16592261904761904,1.0,0.1,0.06785714285714287,70,94,0.14285714285714285
progressive/rome_benchmark/grafo1233.70,19,2,degree,0.4631578947368421,1.0,0.16592261904761904,0.8333333333333334,0.8333333333333334,0.1,70,94,0.2857142857142857
progressive/rome_benchmark/grafo1233.70,19,2,closeness,0.6140350877192983,1.0,0.16592261904761904,0.8333333333333334,0.8333333333333334,0.1,70,94,0.2714285714285714
progressive/rome_benchmark/grafo1233.70,19,2,betweeness,0.5672514619883041,1.0,0.16592261904761904,3.5,3.5,0.10416666666666666,70,94,0.2714285714285714
progressive/rome_benchmark/grafo1233.70,19,2,rmc,0.49473684210526314,1.0,0.16592261904761904,2.75,2.75,0.07083333333333333,70,94,0.2857142857142857
progressive/rome_benchmark/grafo1233.70,19,2,random,0.45263157894736844,1.0,0.16592261904761904,3.3333333333333335,0.8888888888888888,0.12499999999999999,70,94,0.2857142857142857
progressive/rome_benchmark/grafo1233.70,19,2,spectral,0.48538011695906425,0.3333333333333333,0.16592261904761904,2.5,0.578125,0.11145833333333333,70,94,0.2714285714285714
progressive/rome_benchmark/grafo1233.70,29,3,degree,0.48148148148148145,-0.19205298013245028,0.16592261904761904,1.0555555555555556,0.47916666666666663,0.15,70,94,0.4
progressive/rome_benchmark/grafo1233.70,29,3,closeness,0.6157635467980295,1.0,0.16592261904761904,0.3333333333333333,0.3333333333333333,0.05,70,94,0.4142857142857143
progressive/rome_benchmark/grafo1233.70,29,3,betweeness,0.5767195767195767,0.9596713965646004,0.16592261904761904,0.5416666666666666,0.4,0.18333333333333335,70,94,0.4
progressive/rome_benchmark/grafo1233.70,29,3,rmc,0.48965517241379314,0.0,0.16592261904761904,2.6666666666666665,2.6666666666666665,0.020833333333333332,70,94,0.42857142857142855
progressive/rome_benchmark/grafo1233.70,29,3,random,0.5726495726495727,1.0,0.16592261904761904,0.5416666666666666,0.17916666666666667,0.12083333333333333,70,94,0.38571428571428573
progressive/rome_benchmark/grafo1233.70,29,3,spectral,0.6137566137566137,0.6222125054656756,0.16592261904761904,0.6666666666666666,0.38333333333333336,0.16458333333333333,70,94,0.4
progressive/rome_benchmark/grafo1233.70,38,4,degree,0.5495798319327732,1.0,0.16592261904761904,0.3222222222222222,0.11237373737373736,0.21458333333333332,70,94,0.5
progressive/rome_benchmark/grafo1233.70,38,4,closeness,0.626890756302521,1.0,0.16592261904761904,0.6666666666666666,0.6666666666666666,0.1125,70,94,0.5
progressive/rome_benchmark/grafo1233.70,38,4,betweeness,0.6317460317460318,1.0,0.16592261904761904,0.8333333333333334,0.8333333333333334,0.1,70,94,0.5142857142857142
progressive/rome_benchmark/grafo1233.70,38,4,rmc,0.6285714285714287,1.0,0.16592261904761904,0.75,0.75,0.23958333333333334,70,94,0.5142857142857142
progressive/rome_benchmark/grafo1233.70,38,4,random,0.5303643724696356,1.0,0.16592261904761904,0.5625,0.15625,0.07083333333333333,70,94,0.5571428571428572
progressive/rome_benchmark/grafo1233.70,38,4,spectral,0.6504201680672269,0.6222125054656756,0.16592261904761904,0.6666666666666666,0.38333333333333336,0.16458333333333333,70,94,0.5
progressive/rome_benchmark/grafo1233.70,47,5,degree,0.6492450638792102,1.0,0.16592261904761904,0.2777777777777778,0.08556547619047619,0.23958333333333331,70,94,0.6
progressive/rome_benchmark/grafo1233.70,47,5,closeness,0.7219512195121951,1.0,0.16592261904761904,0.8333333333333334,0.8333333333333334,0.1,70,94,0.5857142857142857
progressive/rome_benchmark/grafo1233.70,47,5,betweeness,0.7333333333333334,1.0,0.16592261904761904,0.4,0.26666666666666666,0.125,70,94,0.5714285714285714
progressive/rome_benchmark/grafo1233.70,47,5,rmc,0.678646934460888,1.0,0.16592261904761904,0.475,0.18181818181818182,0.21160714285714285,70,94,0.6285714285714286
progressive/rome_benchmark/grafo1233.70,47,5,random,0.6236933797909407,0.09489051094890513,0.16592261904761904,0.3333333333333333,0.11342592592592592,0.2645833333333333,70,94,0.6
progressive/rome_benchmark/grafo1233.70,47,5,spectral,0.7609756097560975,0.6588575941037115,0.16592261904761904,0.3125,0.18229166666666666,0.1754464285714286,70,94,0.5857142857142857
progressive/rome_benchmark/grafo1233.70,57,6,degree,0.7410628019323672,0.8653366583541147,0.16592261904761904,0.3041666666666667,0.09943181818181818,0.31160714285714286,70,94,0.6571428571428571
progressive/rome_benchmark/grafo1233.70,57,6,closeness,0.7631372549019608,0.9148638481540634,0.16592261904761904,0.18958333333333333,0.09494047619047619,0.4375,70,94,0.7285714285714285
progressive/rome_benchmark/grafo1233.70,57,6,betweeness,0.7474509803921571,0.3842482100238664,0.16592261904761904,0.1875,0.1,0.29375,70,94,0.7285714285714285
progressive/rome_benchmark/grafo1233.70,57,6,rmc,0.7443137254901961,1.0,0.16592261904761904,0.5416666666666666,0.17916666666666667,0.22916666666666669,70,94,0.7285714285714285
progressive/rome_benchmark/grafo1233.70,57,6,random,0.7670068027210883,0.9323875943756496,0.16592261904761904,0.27777777777777773,0.18353174603174602,0.475,70,94,0.7
progressive/rome_benchmark/grafo1233.70,57,6,spectral,0.6542553191489362,-0.10100427804241624,0.16592261904761904,0.45,0.1375,0.27812499999999996,70,94,0.6857142857142857
progressive/rome_benchmark/grafo1233.70,66,7,degree,0.8171262699564587,0.9454729047458768,0.16592261904761904,0.3166666666666667,0.24722222222222223,0.38125,70,94,0.7571428571428571
progressive/rome_benchmark/grafo1233.70,66,7,closeness,0.7818181818181819,0.9671774807086188,0.16592261904761904,0.8703703703703703,0.611111111111111,0.325,70,94,0.8
progressive/rome_benchmark/grafo1233.70,66,7,betweeness,0.7545454545454546,0.9674828261946293,0.16592261904761904,0.5520833333333333,0.41666666666666663,0.41875,70,94,0.8
progressive/rome_benchmark/grafo1233.70,66,7,rmc,0.8285714285714286,1.0,0.16592261904761904,0.3194444444444445,0.3194444444444445,0.3125,70,94,0.8
progressive/rome_benchmark/grafo1233.70,66,7,random,0.7521885521885523,0.8240317988934845,0.16592261904761904,0.43833333333333335,0.36111111111111116,0.31875000000000003,70,94,0.7857142857142857
progressive/rome_benchmark/grafo1233.70,66,7,spectral,0.8644897959183673,1.0,0.16592261904761904,0.17777777777777776,0.13425925925925924,0.41875,70,94,0.7142857142857143
progressive/rome_benchmark/grafo1233.70,76,8,degree,0.8655756867329045,1.0,0.16592261904761904,0.18166666666666664,0.12803030303030302,0.46875,70,94,0.8428571428571429
progressive/rome_benchmark/grafo1233.70,76,8,closeness,0.8542372881355931,0.9897772449043983,0.16592261904761904,0.42666666666666664,0.33888888888888885,0.47500000000000003,70,94,0.8571428571428571
progressive/rome_benchmark/grafo1233.70,76,8,betweeness,0.8772647574517826,0.9896067235516777,0.16592261904761904,0.3277777777777777,0.26666666666666666,0.54375,70,94,0.8428571428571429
progressive/rome_benchmark/grafo1233.70,76,8,rmc,0.8572184029613962,1.0,0.16592261904761904,0.22999999999999998,0.1875,0.53125,70,94,0.8857142857142857
progressive/rome_benchmark/grafo1233.70,76,8,random,0.8601092896174862,0.9920039418068125,0.16592261904761904,0.22023809523809523,0.1349206349206349,0.625,70,94,0.8714285714285714
progressive/rome_benchmark/grafo1233.70,76,8,spectral,0.8922305764411029,1.0,0.16592261904761904,0.10912698412698411,0.10912698412698411,0.6375,70,94,0.8142857142857143
progressive/rome_benchmark/grafo1233.70,85,9,degree,0.932411674347158,1.0,0.16592261904761904,0.1415343915343915,0.11417748917748917,0.78125,70,94,0.9
progressive/rome_benchmark/grafo1233.70,85,9,closeness,0.9201923076923078,1.0,0.16592261904761904,0.17328042328042328,0.14015151515151514,0.79375,70,94,0.9285714285714286
progressive/rome_benchmark/grafo1233.70,85,9,betweeness,0.9201923076923078,1.0,0.16592261904761904,0.17328042328042328,0.14015151515151514,0.79375,70,94,0.9285714285714286
progressive/rome_benchmark/grafo1233.70,85,9,rmc,0.9134615384615385,1.0,0.16592261904761904,0.14788359788359787,0.13166666666666665,0.625,70,94,0.9285714285714286
progressive/rome_benchmark/grafo1233.70,85,9,random,0.9326923076923077,1.0,0.16592261904761904,0.18055555555555552,0.14699074074074073,0.75,70,94,0.9285714285714286
progressive/rome_benchmark/grafo1233.70,85,9,spectral,0.8817307692307693,1.0,0.16592261904761904,0.10912698412698411,0.10912698412698411,0.6375,70,94,0.9285714285714286
progressive/rome_benchmark/grafo1233.70,94,10,degree,1.0,1.0,0.16592261904761904,0.16592261904761904,0.16592261904761904,1.0,70,94,1.0
progressive/rome_benchmark/grafo1233.70,94,10,closeness,1.0,1.0,0.16592261904761904,0.16592261904761904,0.16592261904761904,1.0,70,94,1.0
progressive/rome_benchmark/grafo1233.70,94,10,betweeness,1.0,1.0,0.16592261904761904,0.16592261904761904,0.16592261904761904,1.0,70,94,1.0
progressive/rome_benchmark/grafo1233.70,94,10,rmc,1.0,1.0,0.16592261904761904,0.16592261904761904,0.16592261904761904,1.0,70,94,1.0
progressive/rome_benchmark/grafo1233.70,94,10,random,1.0,1.0,0.16592261904761904,0.16592261904761904,0.16592261904761904,1.0,70,94,1.0
progressive/rome_benchmark/grafo1233.70,94,10,spectral,1.0,1.0,0.16592261904761904,0.16592261904761904,0.16592261904761904,1.0,70,94,1.0
progressive/rome_benchmark/grafo1669.48,6,1,degree,0.5238095238095238,0.33333333333333337,1.1428571428571428,6.0,1.5,0.12244897959183673,48,59,0.14583333333333334
progressive/rome_benchmark/grafo1669.48,6,1,closeness,0.2857142857142857,-0.5,1.1428571428571428,0,0,0.0,48,59,0.16666666666666666
progressive/rome_benchmark/grafo1669.48,6,1,betweeness,0.14285714285714288,1.0,1.1428571428571428,4.0,1.0,0.1142857142857143,48,59,0.14583333333333334
progressive/rome_benchmark/grafo1669.48,6,1,rmc,0.8095238095238096,0.9259259259259259,1.1428571428571428,3.0,1.125,0.21428571428571427,48,59,0.14583333333333334
progressive/rome_benchmark/grafo1669.48,6,1,random,-0.07142857142857142,0.0,1.1428571428571428,3.0,3.0,0.0,48,59,0.16666666666666666
progressive/rome_benchmark/grafo1669.48,6,1,spectral,0.5238095238095238,0.0,1.1428571428571428,3.0,3.0,0.0,48,59,0.14583333333333334
progressive/rome_benchmark/grafo1669.48,12,2,degree,0.3846153846153845,0.3370608131428177,1.1428571428571428,5.0,0.8333333333333334,0.21428571428571427,48,59,0.2708333333333333
progressive/rome_benchmark/grafo1669.48,12,2,closeness,0.4945054945054945,1.0,1.1428571428571428,3.5,1.25,0.18571428571428572,48,59,0.2916666666666667
progressive/rome_benchmark/grafo1669.48,12,2,betweeness,0.5151515151515151,1.0,1.1428571428571428,1.4166666666666667,0.4166666666666667,0.18571428571428572,48,59,0.25
progressive/rome_benchmark/grafo1669.48,12,2,rmc,0.6666666666666666,0.733749349973999,1.1428571428571428,3.75,1.125,0.2857142857142857,48,59,0.25
progressive/rome_benchmark/grafo1669.48,12,2,random,0.4945054945054945,1.0,1.1428571428571428,3.5,1.25,0.18571428571428572,48,59,0.2916666666666667
progressive/rome_benchmark/grafo1669.48,12,2,spectral,0.38461538461538464,1.0,1.1428571428571428,1.125,1.125,0.07142857142857142,48,59,0.2916666666666667
progressive/rome_benchmark/grafo1669.48,18,3,degree,0.38947368421052636,0.3478644666259252,1.1428571428571428,4.666666666666667,0.5833333333333334,0.32857142857142857,48,59,0.4166666666666667
progressive/rome_benchmark/grafo1669.48,18,3,closeness,0.5686274509803922,1.0,1.1428571428571428,1.0625,1.0625,0.2571428571428572,48,59,0.375
progressive/rome_benchmark/grafo1669.48,18,3,betweeness,0.5294117647058824,1.0,1.1428571428571428,0.9375,0.9375,0.2285714285714286,48,59,0.375
progressive/rome_benchmark/grafo1669.48,18,3,rmc,0.6209150326797386,0.7345775012960083,1.1428571428571428,1.5,0.75,0.35714285714285715,48,59,0.375
progressive/rome_benchmark/grafo1669.48,18,3,random,0.5947712418300655,1.0,1.1428571428571428,0.625,0.625,0.2285714285714286,48,59,0.375
progressive/rome_benchmark/grafo1669.48,18,3,spectral,0.6339869281045752,0.9823572653761333,1.1428571428571428,1.5625,0.9166666666666666,0.33333333333333337,48,59,0.375
progressive/rome_benchmark/grafo1669.48,24,4,degree,0.6284584980237155,0.34746568827286317,1.1428571428571428,2.0,0.45,0.3523809523809524,48,59,0.4791666666666667
progressive/rome_benchmark/grafo1669.48,24,4,closeness,0.7028985507246377,1.0,1.1428571428571428,1.0416666666666667,0.35333333333333333,0.41428571428571426,48,59,0.5
progressive/rome_benchmark/grafo1669.48,24,4,betweeness,0.5199999999999999,0.33659114467644013,1.1428571428571428,0.875,0.46875,0.27959183673469384,48,59,0.5208333333333334
progressive/rome_benchmark/grafo1669.48,24,4,rmc,0.6709956709956709,1.0,1.1428571428571428,1.625,1.625,0.336734693877551,48,59,0.4583333333333333
progressive/rome_benchmark/grafo1669.48,24,4,random,0.563076923076923,0.920704845814978,1.1428571428571428,1.5,0.53125,0.36428571428571427,48,59,0.5416666666666666
progressive/rome_benchmark/grafo1669.48,24,4,spectral,0.6190476190476191,1.0,1.1428571428571428,1.6666666666666667,1.6666666666666667,0.336734693877551,48,59,0.4583333333333333
progressive/rome_benchmark/grafo1669.48,30,5,degree,0.6413793103448276,0.3534782352594687,1.1428571428571428,1.5,0.5416666666666666,0.4666666666666667,48,59,0.625
progressive/rome_benchmark/grafo1669.48,30,5,closeness,0.6645161290322582,1.0,1.1428571428571428,0.5238095238095238,0.33035714285714285,0.2571428571428572,48,59,0.6458333333333334
progressive/rome_benchmark/grafo1669.48,30,5,betweeness,0.6137566137566137,0.3537881846319472,1.1428571428571428,1.3690476190476193,0.7182539682539683,0.42380952380952375,48,59,0.5833333333333334
progressive/rome_benchmark/grafo1669.48,30,5,rmc,0.6031746031746031,0.6740717644919063,1.1428571428571428,2.25,1.1666666666666667,0.461734693877551,48,59,0.5833333333333334
progressive/rome_benchmark/grafo1669.48,30,5,random,0.6699507389162561,0.3426588982144538,1.1428571428571428,1.222222222222222,0.625,0.34761904761904766,48,59,0.6041666666666666
progressive/rome_benchmark/grafo1669.48,30,5,spectral,0.6923076923076924,0.5034270590630443,1.1428571428571428,2.25,1.2083333333333333,0.49149659863945583,48,59,0.5416666666666666
progressive/rome_benchmark/grafo1669.48,36,6,degree,0.7803030303030304,0.35542880633060997,1.1428571428571428,1.625,0.5833333333333334,0.47261904761904766,48,59,0.6875
progressive/rome_benchmark/grafo1669.48,36,6,closeness,0.6931818181818182,1.0,1.1428571428571428,1.2455357142857144,0.4507142857142858,0.5843537414965987,48,59,0.6875
progressive/rome_benchmark/grafo1669.48,36,6,betweeness,0.6666666666666666,0.5430778965597629,1.1428571428571428,0.9489795918367347,0.42653061224489797,0.5190476190476191,48,59,0.6875
progressive/rome_benchmark/grafo1669.48,36,6,rmc,0.6572580645161291,0.6763222946437326,1.1428571428571428,2.375,1.25,0.5093537414965986,48,59,0.6666666666666666
progressive/rome_benchmark/grafo1669.48,36,6,random,0.7272727272727273,0.5485357025337282,1.1428571428571428,1.1333333333333333,0.675,0.4714285714285714,48,59,0.6875
progressive/rome_benchmark/grafo1669.48,36,6,spectral,0.7793103448275862,0.9352644589287465,1.1428571428571428,2.375,1.25,0.5093537414965986,48,59,0.625
progressive/rome_benchmark/grafo1669.48,42,7,degree,0.7410256410256411,0.3442746071980268,1.1428571428571428,1.0333333333333334,0.42000000000000004,0.41904761904761906,48,59,0.8333333333333334
progressive/rome_benchmark/grafo1669.48,42,7,closeness,0.6761133603238867,1.0,1.1428571428571428,0.6607142857142857,0.430952380952381,0.6401360544217687,48,59,0.8125
progressive/rome_benchmark/grafo1669.48,42,7,betweeness,0.6761133603238867,1.0,1.1428571428571428,0.6607142857142857,0.430952380952381,0.6401360544217687,48,59,0.8125
progressive/rome_benchmark/grafo1669.48,42,7,rmc,0.7428571428571429,0.6793996922809546,1.1428571428571428,2.25,0.85,0.5807823129251701,48,59,0.75
progressive/rome_benchmark/grafo1669.48,42,7,random,0.735897435897436,1.0,1.1428571428571428,0.875,0.875,0.28095238095238095,48,59,0.8333333333333334
progressive/rome_benchmark/grafo1669.48,42,7,spectral,0.8538324420677362,1.0,1.1428571428571428,1.95,0.9550000000000001,0.6392857142857142,48,59,0.7083333333333334
progressive/rome_benchmark/grafo1669.48,48,8,degree,0.7801268498942917,0.3541141262315478,1.1428571428571428,1.1333333333333333,0.45999999999999996,0.48333333333333334,48,59,0.9166666666666666
progressive/rome_benchmark/grafo1669.48,48,8,closeness,0.7763012181616832,1.0,1.1428571428571428,0.6785714285714286,0.4428571428571429,0.7353741496598639,48,59,0.8958333333333334
progressive/rome_benchmark/grafo1669.48,48,8,betweeness,0.7763012181616832,1.0,1.1428571428571428,0.6785714285714286,0.4428571428571429,0.7353741496598639,48,59,0.8958333333333334
progressive/rome_benchmark/grafo1669.48,48,8,rmc,0.9460188933873145,1.0,1.1428571428571428,1.0952380952380951,0.6085714285714287,0.7714285714285715,48,59,0.8125
progressive/rome_benchmark/grafo1669.48,48,8,random,0.7932636469221834,0.14660695403371282,1.1428571428571428,1.0476190476190477,0.5171428571428571,0.6523809523809524,48,59,0.875
progressive/rome_benchmark/grafo1669.48,48,8,spectral,0.9487908961593173,1.0,1.1428571428571428,1.1944444444444444,0.8875000000000001,0.7821428571428571,48,59,0.7916666666666666
progressive/rome_benchmark/grafo1669.48,54,9,degree,0.9171717171717171,0.936716232032795,1.1428571428571428,1.1145833333333333,0.4395833333333334,0.9071428571428571,48,59,0.9375
progressive/rome_benchmark/grafo1669.48,54,9,closeness,0.9014492753623189,0.9113193827260241,1.1428571428571428,1.4375,0.47750000000000004,0.7285714285714285,48,59,0.9583333333333334
progressive/rome_benchmark/grafo1669.48,54,9,betweeness,0.9014492753623189,0.9113193827260241,1.1428571428571428,1.4375,0.47750000000000004,0.7285714285714285,48,59,0.9583333333333334
progressive/rome_benchmark/grafo1669.48,54,9,rmc,0.9281183932346722,1.0,1.1428571428571428,1.1666666666666667,1.1666666666666667,0.8571428571428571,48,59,0.9166666666666666
progressive/rome_benchmark/grafo1669.48,54,9,random,0.911111111111111,0.6664947384653015,1.1428571428571428,1.1666666666666667,0.725,0.9297619047619048,48,59,0.9375
progressive/rome_benchmark/grafo1669.48,54,9,spectral,0.9281183932346722,1.0,1.1428571428571428,1.1666666666666667,1.1666666666666667,0.8571428571428571,48,59,0.9166666666666666
progressive/rome_benchmark/grafo1669.48,59,10,degree,1.0,1.0,1.1428571428571428,1.1428571428571428,1.1428571428571428,1.0,48,59,1.0
progressive/rome_benchmark/grafo1669.48,59,10,closeness,1.0,1.0,1.1428571428571428,1.1428571428571428,1.1428571428571428,1.0,48,59,1.0
progressive/rome_benchmark/grafo1669.48,59,10,betweeness,1.0,1.0,1.1428571428571428,1.1428571428571428,1.1428571428571428,1.0,48,59,1.0
progressive/rome_benchmark/grafo1669.48,59,10,rmc,1.0,1.0,1.1428571428571428,1.1428571428571428,1.1428571428571428,1.0,48,59,1.0
progressive/rome_benchmark/grafo1669.48,59,10,random,1.0,1.0,1.1428571428571428,1.1428571428571428,1.1428571428571428,1.0,48,59,1.0
progressive/rome_benchmark/grafo1669.48,59,10,spectral,1.0,1.0,1.1428571428571428,1.1428571428571428,1.1428571428571428,1.0,48,59,1.0
progressive/rome_benchmark/grafo4643.71,10,1,degree,0.16363636363636364,0.8333333333333334,0.20833333333333331,6.0,0.6666666666666666,0.23214285714285715,71,96,0.15492957746478872
progressive/rome_benchmark/grafo4643.71,10,1,closeness,0.5128205128205127,0.0,0.20833333333333331,3.0,0.75,0.0,71,96,0.18309859154929578
progressive/rome_benchmark/grafo4643.71,10,1,betweeness,0.4909090909090909,0.0,0.20833333333333331,4.0,1.0,0.03571428571428571,71,96,0.15492957746478872
progressive/rome_benchmark/grafo4643.71,10,1,rmc,0.4871794871794871,0.0,0.20833333333333331,3.0,3.0,0.0,71,96,0.18309859154929578
progressive/rome_benchmark/grafo4643.71,10,1,random,0.5272727272727272,1.0,0.20833333333333331,4.5,0.4375,0.23809523809523808,71,96,0.15492957746478872
progressive/rome_benchmark/grafo4643.71,10,1,spectral,0.7454545454545454,0.0,0.20833333333333331,3.0,3.0,0.0,71,96,0.15492957746478872
progressive/rome_benchmark/grafo4643.71,20,2,degree,0.4285714285714286,1.0,0.20833333333333331,1.8333333333333333,0.4,0.31547619047619047,71,96,0.29577464788732394
progressive/rome_benchmark/grafo4643.71,20,2,closeness,0.5619047619047619,0.0,0.20833333333333331,0.75,0.3333333333333333,0.0,71,96,0.29577464788732394
progressive/rome_benchmark/grafo4643.71,20,2,betweeness,0.5333333333333333,0.0,0.20833333333333331,3.0,0.3125,0.0,71,96,0.29577464788732394
progressive/rome_benchmark/grafo4643.71,20,2,rmc,0.7238095238095239,0.0,0.20833333333333331,4.0,4.0,0.0,71,96,0.29577464788732394
progressive/rome_benchmark/grafo4643.71,20,2,random,0.4952380952380953,1.0,0.20833333333333331,3.0,0.5,0.1,71,96,0.29577464788732394
progressive/rome_benchmark/grafo4643.71,20,2,spectral,0.7426900584795321,0.0,0.20833333333333331,1.375,1.375,0.0,71,96,0.2676056338028169
progressive/rome_benchmark/grafo4643.71,29,3,degree,0.3977011494252874,1.0,0.20833333333333331,1.5,0.4375,0.23214285714285715,71,96,0.4225352112676056
progressive/rome_benchmark/grafo4643.71,29,3,closeness,0.4623655913978495,0.0,0.20833333333333331,1.125,0.2,0.0,71,96,0.43661971830985913
progressive/rome_benchmark/grafo4643.71,29,3,betweeness,0.48045977011494256,0.8333333333333334,0.20833333333333331,6.0,0.6666666666666666,0.23214285714285715,71,96,0.4225352112676056
progressive/rome_benchmark/grafo4643.71,29,3,rmc,0.5569892473118281,0.0,0.20833333333333331,1.125,0.5,0.041666666666666664,71,96,0.43661971830985913
progressive/rome_benchmark/grafo4643.71,29,3,random,0.5833333333333334,1.0,0.20833333333333331,4.0,1.0,0.19166666666666665,71,96,0.4647887323943662
progressive/rome_benchmark/grafo4643.71,29,3,spectral,0.7907692307692308,0.0,0.20833333333333331,0.625,0.625,0.0,71,96,0.36619718309859156
progressive/rome_benchmark/grafo4643.71,39,4,degree,0.5512820512820513,1.0,0.20833333333333331,1.5,0.6666666666666666,0.23214285714285715,71,96,0.5633802816901409
progressive/rome_benchmark/grafo4643.71,39,4,closeness,0.46514935988620204,0.0,0.20833333333333331,0.75,0.3333333333333333,0.0,71,96,0.5352112676056338
progressive/rome_benchmark/grafo4643.71,39,4,betweeness,0.5106685633001423,1.0,0.20833333333333331,1.0,0.3333333333333333,0.23214285714285715,71,96,0.5352112676056338
progressive/rome_benchmark/grafo4643.71,39,4,rmc,0.6187766714082503,0.0,0.20833333333333331,0.4444444444444444,0.4444444444444444,0.03571428571428571,71,96,0.5352112676056338
progressive/rome_benchmark/grafo4643.71,39,4,random,0.41741741741741745,0.0,0.20833333333333331,0.75,0.75,0.0,71,96,0.5211267605633803
progressive/rome_benchmark/grafo4643.71,39,4,spectral,0.6067226890756303,0.0,0.20833333333333331,1.0,1.0,0.0,71,96,0.49295774647887325
progressive/rome_benchmark/grafo4643.71,48,5,degree,0.653890824622532,0.8333333333333334,0.20833333333333331,0.75,0.3,0.23214285714285715,71,96,0.5915492957746479
progressive/rome_benchmark/grafo4643.71,48,5,closeness,0.5749128919860628,1.0,0.20833333333333331,0.3333333333333333,0.3333333333333333,0.1875,71,96,0.5915492957746479
progressive/rome_benchmark/grafo4643.71,48,5,betweeness,0.651219512195122,1.0,0.20833333333333331,0.6666666666666666,0.2666666666666667,0.20833333333333331,71,96,0.5774647887323944
progressive/rome_benchmark/grafo4643.71,48,5,rmc,0.689922480620155,0.0,0.20833333333333331,1.25,1.25,0.03125,71,96,0.6056338028169014
progressive/rome_benchmark/grafo4643.71,48,5,random,0.6025369978858351,1.0,0.20833333333333331,1.125,0.275,0.23214285714285715,71,96,0.6197183098591549
progressive/rome_benchmark/grafo4643.71,48,5,spectral,0.5348837209302325,1.0,0.20833333333333331,3.0,0.75,0.15000000000000002,71,96,0.6197183098591549
progressive/rome_benchmark/grafo4643.71,58,6,degree,0.6790780141843972,1.0,0.20833333333333331,0.6666666666666666,0.2666666666666667,0.20833333333333331,71,96,0.676056338028169
progressive/rome_benchmark/grafo4643.71,58,6,closeness,0.6836262719703978,1.0,0.20833333333333331,0.5416666666666666,0.3333333333333333,0.48214285714285715,71,96,0.6619718309859155
progressive/rome_benchmark/grafo4643.71,58,6,betweeness,0.6717687074829931,1.0,0.20833333333333331,0.75,0.3,0.23809523809523808,71,96,0.6901408450704225
progressive/rome_benchmark/grafo4643.71,58,6,rmc,0.6751020408163265,1.0,0.20833333333333331,1.1666666666666667,0.611111111111111,0.25625,71,96,0.704225352112676
progressive/rome_benchmark/grafo4643.71,58,6,random,0.6621417797888386,1.0,0.20833333333333331,0.5833333333333334,0.19444444444444445,0.20833333333333331,71,96,0.7323943661971831
progressive/rome_benchmark/grafo4643.71,58,6,spectral,0.6114285714285714,0.6666666666666666,0.20833333333333331,1.125,0.40625,0.23214285714285715,71,96,0.704225352112676
progressive/rome_benchmark/grafo4643.71,68,7,degree,0.7721872816212438,1.0,0.20833333333333331,0.2523809523809523,0.16666666666666666,0.4857142857142857,71,96,0.7605633802816901
progressive/rome_benchmark/grafo4643.71,68,7,closeness,0.7602693602693603,1.0,0.20833333333333331,0.5416666666666666,0.3333333333333333,0.4880952380952381,71,96,0.7746478873239436
progressive/rome_benchmark/grafo4643.71,68,7,betweeness,0.7467532467532468,1.0,0.20833333333333331,0.3555555555555555,0.3555555555555555,0.4857142857142857,71,96,0.7887323943661971
progressive/rome_benchmark/grafo4643.71,68,7,rmc,0.785858585858586,0.7841978186662226,0.20833333333333331,0.3888888888888889,0.3888888888888889,0.7321428571428572,71,96,0.7746478873239436
progressive/rome_benchmark/grafo4643.71,68,7,random,0.6857142857142857,1.0,0.20833333333333331,0.75,0.4375,0.23809523809523808,71,96,0.7887323943661971
progressive/rome_benchmark/grafo4643.71,68,7,spectral,0.783744557329463,0.8680781758957655,0.20833333333333331,0.3888888888888889,0.2962962962962963,0.48214285714285715,71,96,0.7464788732394366
progressive/rome_benchmark/grafo4643.71,77,8,degree,0.8153005464480874,1.0,0.20833333333333331,0.18055555555555555,0.18055555555555555,0.75,71,96,0.8591549295774648
progressive/rome_benchmark/grafo4643.71,77,8,closeness,0.8316773816481589,1.0,0.20833333333333331,0.2809523809523809,0.2333333333333333,0.75,71,96,0.8309859154929577
progressive/rome_benchmark/grafo4643.71,77,8,betweeness,0.8316773816481589,1.0,0.20833333333333331,0.2809523809523809,0.2333333333333333,0.75,71,96,0.8309859154929577
progressive/rome_benchmark/grafo4643.71,77,8,rmc,0.8120218579234972,0.7841978186662226,0.20833333333333331,0.3888888888888889,0.3888888888888889,0.7321428571428572,71,96,0.8591549295774648
progressive/rome_benchmark/grafo4643.71,77,8,random,0.8159703860391329,1.0,0.20833333333333331,0.5555555555555556,0.24444444444444446,0.2357142857142857,71,96,0.8732394366197183
progressive/rome_benchmark/grafo4643.71,77,8,spectral,0.8378705384150028,1.0,0.20833333333333331,0.3888888888888889,0.3888888888888889,0.7321428571428572,71,96,0.8169014084507042
progressive/rome_benchmark/grafo4643.71,87,9,degree,0.8759906759906759,1.0,0.20833333333333331,0.18333333333333332,0.18333333333333332,1.0,71,96,0.9295774647887324
progressive/rome_benchmark/grafo4643.71,87,9,closeness,0.8869289914066035,1.0,0.20833333333333331,0.18333333333333332,0.15185185185185185,1.0,71,96,0.9436619718309859
progressive/rome_benchmark/grafo4643.71,87,9,betweeness,0.8869289914066035,1.0,0.20833333333333331,0.18333333333333332,0.15185185185185185,1.0,71,96,0.9436619718309859
progressive/rome_benchmark/grafo4643.71,87,9,rmc,0.9461538461538462,1.0,0.20833333333333331,0.20833333333333331,0.20833333333333331,1.0,71,96,0.9154929577464789
progressive/rome_benchmark/grafo4643.71,87,9,random,0.8639157155399472,1.0,0.20833333333333331,0.2847222222222222,0.2847222222222222,0.7357142857142858,71,96,0.9577464788732394
progressive/rome_benchmark/grafo4643.71,87,9,spectral,0.9461538461538462,1.0,0.20833333333333331,0.20833333333333331,0.20833333333333331,1.0,71,96,0.9154929577464789
progressive/rome_benchmark/grafo4643.71,96,10,degree,1.0,1.0,0.20833333333333331,0.20833333333333331,0.20833333333333331,1.0,71,96,1.0
progressive/rome_benchmark/grafo4643.71,96,10,closeness,1.0,1.0,0.20833333333333331,0.20833333333333331,0.20833333333333331,1.0,71,96,1.0
progressive/rome_benchmark/grafo4643.71,96,10,betweeness,1.0,1.0,0.20833333333333331,0.20833333333333331,0.20833333333333331,1.0,71,96,1.0
progressive/rome_benchmark/grafo4643.71,96,10,rmc,1.0,1.0,0.20833333333333331,0.20833333333333331,0.20833333333333331,1.0,71,96,1.0
progressive/rome_benchmark/grafo4643.71,96,10,random,1.0,1.0,0.20833333333333331,0.20833333333333331,0.20833333333333331,1.0,71,96,1.0
progressive/rome_benchmark/grafo4643.71,96,10,spectral,1.0,1.0,0.20833333333333331,0.20833333333333331,0.20833333333333331,1.0,71,96,1.0
progressive/rome_benchmark/grafo10033.31,4,1,degree,0.9999999999999999,1.0,0.5833333333333334,4.0,1.0,0.25,31,36,0.16129032258064516
progressive/rome_benchmark/grafo10033.31,4,1,closeness,0.9047619047619049,-0.5,0.5833333333333334,0,0,0.0,31,36,0.22580645161290322
progressive/rome_benchmark/grafo10033.31,4,1,betweeness,0.9047619047619049,-0.5,0.5833333333333334,0,0,0.0,31,36,0.22580645161290322
progressive/rome_benchmark/grafo10033.31,4,1,rmc,-0.06666666666666665,-0.5,0.5833333333333334,0,0,0.0,31,36,0.1935483870967742
progressive/rome_benchmark/grafo10033.31,4,1,random,0.8666666666666666,-0.5,0.5833333333333334,0,0,0.0,31,36,0.1935483870967742
progressive/rome_benchmark/grafo10033.31,4,1,spectral,-0.06666666666666665,-0.5,0.5833333333333334,0,0,0.0,31,36,0.1935483870967742
progressive/rome_benchmark/grafo10033.31,8,2,degree,0.7222222222222222,0.16666666666666666,0.5833333333333334,4.0,0.6666666666666666,0.5,31,36,0.2903225806451613
progressive/rome_benchmark/grafo10033.31,8,2,closeness,0.9272727272727274,0.0,0.5833333333333334,3.0,0.75,0.0,31,36,0.3548387096774194
progressive/rome_benchmark/grafo10033.31,8,2,betweeness,0.9272727272727274,0.0,0.5833333333333334,3.0,0.75,0.0,31,36,0.3548387096774194
progressive/rome_benchmark/grafo10033.31,8,2,rmc,0.2121212121212121,0.0,0.5833333333333334,3.0,0.75,0.0,31,36,0.3870967741935484
progressive/rome_benchmark/grafo10033.31,8,2,random,0.6727272727272727,1.0,0.5833333333333334,4.0,1.0,0.25,31,36,0.3548387096774194
progressive/rome_benchmark/grafo10033.31,8,2,spectral,0.018181818181818184,-0.5,0.5833333333333334,0,0,0.0,31,36,0.3548387096774194
progressive/rome_benchmark/grafo10033.31,11,3,degree,0.846153846153846,0.16666666666666666,0.5833333333333334,3.6666666666666665,0.4583333333333333,0.5,31,36,0.41935483870967744
progressive/rome_benchmark/grafo10033.31,11,3,closeness,0.961904761904762,0.0,0.5833333333333334,3.0,0.5,0.0,31,36,0.4838709677419355
progressive/rome_benchmark/grafo10033.31,11,3,betweeness,0.961904761904762,0.0,0.5833333333333334,3.0,0.5,0.0,31,36,0.4838709677419355
progressive/rome_benchmark/grafo10033.31,11,3,rmc,0.23076923076923078,0.0,0.5833333333333334,3.0,0.75,0.0,31,36,0.45161290322580644
progressive/rome_benchmark/grafo10033.31,11,3,random,0.564102564102564,0.0,0.5833333333333334,3.0,0.5,0.0,31,36,0.41935483870967744
progressive/rome_benchmark/grafo10033.31,11,3,spectral,0.6000000000000001,0.6666666666666666,0.5833333333333334,4.0,1.0,0.25,31,36,0.3548387096774194
progressive/rome_benchmark/grafo10033.31,15,4,degree,0.7352941176470588,0.5,0.5833333333333334,3.5,0.35,0.5,31,36,0.5483870967741935
progressive/rome_benchmark/grafo10033.31,15,4,closeness,0.9084967320261439,0.6666666666666666,0.5833333333333334,3.3333333333333335,0.4166666666666667,0.25,31,36,0.5806451612903226
progressive/rome_benchmark/grafo10033.31,15,4,betweeness,0.9084967320261439,0.6666666666666666,0.5833333333333334,3.3333333333333335,0.4166666666666667,0.25,31,36,0.5806451612903226
progressive/rome_benchmark/grafo10033.31,15,4,rmc,0.3823529411764705,1.0,0.5833333333333334,3.0,0.5,0.25,31,36,0.5483870967741935
progressive/rome_benchmark/grafo10033.31,15,4,random,0.7660818713450293,0.0,0.5833333333333334,3.0,0.5,0.0,31,36,0.6129032258064516
progressive/rome_benchmark/grafo10033.31,15,4,spectral,0.37142857142857144,0.6666666666666666,0.5833333333333334,3.5,0.5833333333333334,0.25,31,36,0.4838709677419355
progressive/rome_benchmark/grafo10033.31,18,5,degree,0.8830409356725145,0.6666666666666666,0.5833333333333334,3.5,0.35,0.5,31,36,0.6129032258064516
progressive/rome_benchmark/grafo10033.31,18,5,closeness,0.8830409356725145,1.0,0.5833333333333334,1.4375,0.325,0.25,31,36,0.6129032258064516
progressive/rome_benchmark/grafo10033.31,18,5,betweeness,0.8830409356725145,1.0,0.5833333333333334,1.4375,0.325,0.25,31,36,0.6129032258064516
progressive/rome_benchmark/grafo10033.31,18,5,rmc,0.6339869281045752,0.7247311827956989,0.5833333333333334,2.8333333333333335,0.5555555555555556,0.5,31,36,0.5806451612903226
progressive/rome_benchmark/grafo10033.31,18,5,random,0.6709956709956709,0.8887171561051005,0.5833333333333334,2.875,0.40625,0.75,31,36,0.7096774193548387
progressive/rome_benchmark/grafo10033.31,18,5,spectral,0.7166666666666667,0.2,0.5833333333333334,0.8333333333333334,0.4583333333333333,0.5,31,36,0.5161290322580645
progressive/rome_benchmark/grafo10033.31,22,6,degree,0.7142857142857142,0.6666666666666666,0.5833333333333334,1.5625,0.35,0.5,31,36,0.7096774193548387
progressive/rome_benchmark/grafo10033.31,22,6,closeness,0.7056277056277056,1.0,0.5833333333333334,0.5833333333333334,0.5833333333333334,0.25,31,36,0.7096774193548387
progressive/rome_benchmark/grafo10033.31,22,6,betweeness,0.7056277056277056,1.0,0.5833333333333334,0.5833333333333334,0.5833333333333334,0.25,31,36,0.7096774193548387
progressive/rome_benchmark/grafo10033.31,22,6,rmc,0.7333333333333334,0.7247311827956989,0.5833333333333334,2.875,0.40625,0.5,31,36,0.6774193548387096
progressive/rome_benchmark/grafo10033.31,22,6,random,0.5015384615384615,0.3333333333333333,0.5833333333333334,4.0,1.0,0.25,31,36,0.8387096774193549
progressive/rome_benchmark/grafo10033.31,22,6,spectral,0.7157894736842105,1.0,0.5833333333333334,0.611111111111111,0.611111111111111,0.5,31,36,0.6451612903225806
progressive/rome_benchmark/grafo10033.31,26,7,degree,0.7333333333333332,0.7054932412999713,0.5833333333333334,1.4285714285714286,0.2346938775510204,1.0,31,36,0.8064516129032258
progressive/rome_benchmark/grafo10033.31,26,7,closeness,0.9130434782608696,1.0,0.5833333333333334,0.611111111111111,0.611111111111111,0.5,31,36,0.7741935483870968
progressive/rome_benchmark/grafo10033.31,26,7,betweeness,0.9130434782608696,1.0,0.5833333333333334,0.611111111111111,0.611111111111111,0.5,31,36,0.7741935483870968
progressive/rome_benchmark/grafo10033.31,26,7,rmc,0.6599999999999998,0.6249356002060793,0.5833333333333334,2.5,0.5416666666666666,0.75,31,36,0.8064516129032258
progressive/rome_benchmark/grafo10033.31,26,7,random,0.5938461538461539,0.4330011074197121,0.5833333333333334,1.15,0.4,0.9375,31,36,0.8387096774193549
progressive/rome_benchmark/grafo10033.31,26,7,spectral,0.9130434782608696,1.0,0.5833333333333334,0.611111111111111,0.611111111111111,0.5,31,36,0.7741935483870968
progressive/rome_benchmark/grafo10033.31,29,8,degree,0.8803418803418804,1.0,0.5833333333333334,1.1785714285714286,0.32857142857142857,1.0,31,36,0.8709677419354839
progressive/rome_benchmark/grafo10033.31,29,8,closeness,0.9446153846153846,1.0,0.5833333333333334,0.6666666666666666,0.425,0.75,31,36,0.8387096774193549
progressive/rome_benchmark/grafo10033.31,29,8,betweeness,0.9446153846153846,1.0,0.5833333333333334,0.6666666666666666,0.425,0.75,31,36,0.8387096774193549
progressive/rome_benchmark/grafo10033.31,29,8,rmc,0.8707692307692309,0.24645161290322581,0.5833333333333334,1.2,0.425,1.0,31,36,0.8387096774193549
progressive/rome_benchmark/grafo10033.31,29,8,random,0.798941798941799,1.0,0.5833333333333334,0.7666666666666666,0.33999999999999997,0.75,31,36,0.9032258064516129
progressive/rome_benchmark/grafo10033.31,29,8,spectral,0.8290598290598292,1.0,0.5833333333333334,1.0,1.0,0.5,31,36,0.8709677419354839
progressive/rome_benchmark/grafo10033.31,33,9,degree,0.9359605911330047,1.0,0.5833333333333334,0.5666666666666667,0.5666666666666667,1.0,31,36,0.9354838709677419
progressive/rome_benchmark/grafo10033.31,33,9,closeness,0.9359605911330047,1.0,0.5833333333333334,0.5666666666666667,0.5666666666666667,1.0,31,36,0.9354838709677419
progressive/rome_benchmark/grafo10033.31,33,9,betweeness,0.9359605911330047,1.0,0.5833333333333334,0.5666666666666667,0.5666666666666667,1.0,31,36,0.9354838709677419
progressive/rome_benchmark/grafo10033.31,33,9,rmc,0.9113300492610836,1.0,0.5833333333333334,0.5833333333333334,0.5833333333333334,1.0,31,36,0.9354838709677419
progressive/rome_benchmark/grafo10033.31,33,9,random,0.7333333333333334,1.0,0.5833333333333334,0.5,0.5,0.875,31,36,0.967741935483871
progressive/rome_benchmark/grafo10033.31,33,9,spectral,0.921182266009852,1.0,0.5833333333333334,0.611111111111111,0.611111111111111,0.75,31,36,0.9354838709677419
progressive/rome_benchmark/grafo10033.31,36,10,degree,1.0,1.0,0.5833333333333334,0.5833333333333334,0.5833333333333334,1.0,31,36,1.0
progressive/rome_benchmark/grafo10033.31,36,10,closeness,1.0,1.0,0.5833333333333334,0.5833333333333334,0.5833333333333334,1.0,31,36,1.0
progressive/rome_benchmark/grafo10033.31,36,10,betweeness,1.0,1.0,0.5833333333333334,0.5833333333333334,0.5833333333333334,1.0,31,36,1.0
progressive/rome_benchmark/grafo10033.31,36,10,rmc,1.0,1.0,0.5833333333333334,0.5833333333333334,0.5833333333333334,1.0,31,36,1.0
progressive/rome_benchmark/grafo10033.31,36,10,random,1.0,1.0,0.5833333333333334,0.5833333333333334,0.5833333333333334,1.0,31,36,1.0
progressive/rome_benchmark/grafo10033.31,36,10,spectral,1.0,1.0,0.5833333333333334,0.5833333333333334,0.5833333333333334,1.0,31,36,1.0
progressive/rome_benchmark/grafo10040.32,4,1,degree,0.6,1.0,0.6,4.0,1.0,0.15,32,36,0.15625
progressive/rome_benchmark/grafo10040.32,4,1,closeness,0.23809523809523814,-0.5,0.6,0,0,0.0,32,36,0.21875
progressive/rome_benchmark/grafo10040.32,4,1,betweeness,0.23809523809523814,-0.5,0.6,0,0,0.0,32,36,0.21875
progressive/rome_benchmark/grafo10040.32,4,1,rmc,-0.06666666666666665,-0.5,0.6,0,0,0.0,32,36,0.1875
progressive/rome_benchmark/grafo10040.32,4,1,random,0.6,-0.5,0.6,0,0,0.0,32,36,0.1875
progressive/rome_benchmark/grafo10040.32,4,1,spectral,0.7333333333333333,-0.5,0.6,0,0,0.0,32,36,0.1875
progressive/rome_benchmark/grafo10040.32,8,2,degree,0.611111111111111,-0.3333333333333332,0.6,4.0,1.5,0.3,32,36,0.28125
progressive/rome_benchmark/grafo10040.32,8,2,closeness,0.6363636363636364,0.3333333333333334,0.6,3.0,0.75,0.2,32,36,0.34375
progressive/rome_benchmark/grafo10040.32,8,2,betweeness,0.6363636363636364,0.3333333333333334,0.6,3.0,0.75,0.2,32,36,0.34375
progressive/rome_benchmark/grafo10040.32,8,2,rmc,0.5,-0.5,0.6,0,0,0.0,32,36,0.28125
progressive/rome_benchmark/grafo10040.32,8,2,random,0.7272727272727272,1.0,0.6,3.0,0.75,0.2,32,36,0.375
progressive/rome_benchmark/grafo10040.32,8,2,spectral,0.6444444444444444,0.3333333333333334,0.6,4.0,4.0,0.15,32,36,0.3125
progressive/rome_benchmark/grafo10040.32,11,3,degree,0.46153846153846145,9.868649107779169e-17,0.6,3.6666666666666665,0.8333333333333334,0.4,32,36,0.40625
progressive/rome_benchmark/grafo10040.32,11,3,closeness,0.6952380952380953,0.3333333333333334,0.6,3.0,0.75,0.2,32,36,0.46875
progressive/rome_benchmark/grafo10040.32,11,3,betweeness,0.6952380952380953,0.3333333333333334,0.6,3.0,0.75,0.2,32,36,0.46875
progressive/rome_benchmark/grafo10040.32,11,3,rmc,0.6666666666666666,1.0,0.6,3.0,3.0,0.1,32,36,0.375
progressive/rome_benchmark/grafo10040.32,11,3,random,0.5047619047619049,-0.33333333333333326,0.6,3.0,0.3125,0.2,32,36,0.46875
progressive/rome_benchmark/grafo10040.32,11,3,spectral,0.7090909090909091,0.3333333333333334,0.6,3.5,1.375,0.15,32,36,0.34375
progressive/rome_benchmark/grafo10040.32,15,4,degree,0.5816993464052289,0.5308641975308642,0.6,3.75,0.9583333333333334,0.65,32,36,0.5625
progressive/rome_benchmark/grafo10040.32,15,4,closeness,0.6862745098039217,0.7777777777777778,0.6,3.0,0.375,0.6,32,36,0.5625
progressive/rome_benchmark/grafo10040.32,15,4,betweeness,0.6862745098039217,0.7777777777777778,0.6,3.0,0.375,0.6,32,36,0.5625
progressive/rome_benchmark/grafo10040.32,15,4,rmc,0.5666666666666667,1.0,0.6,4.0,4.0,0.15,32,36,0.5
progressive/rome_benchmark/grafo10040.32,15,4,random,0.5032679738562092,1.0,0.6,3.5,0.375,0.15,32,36,0.5625
progressive/rome_benchmark/grafo10040.32,15,4,spectral,0.8021978021978022,0.33333333333333337,0.6,2.8333333333333335,1.1666666666666667,0.35,32,36,0.4375
progressive/rome_benchmark/grafo10040.32,18,5,degree,0.7192982456140351,0.7037037037037037,0.6,3.75,0.9583333333333334,0.65,32,36,0.59375
progressive/rome_benchmark/grafo10040.32,18,5,closeness,0.5473684210526316,0.7142857142857143,0.6,3.3333333333333335,0.4166666666666667,0.35,32,36,0.625
progressive/rome_benchmark/grafo10040.32,18,5,betweeness,0.5473684210526316,0.7142857142857143,0.6,3.3333333333333335,0.4166666666666667,0.35,32,36,0.625
progressive/rome_benchmark/grafo10040.32,18,5,rmc,0.7647058823529412,0.3333333333333334,0.6,4.0,4.0,0.3,32,36,0.5625
progressive/rome_benchmark/grafo10040.32,18,5,random,0.543859649122807,0.3333333333333334,0.6,2.5,0.5,0.2,32,36,0.59375
progressive/rome_benchmark/grafo10040.32,18,5,spectral,0.7666666666666667,0.7272727272727273,0.6,2.875,0.7083333333333334,0.55,32,36,0.5
progressive/rome_benchmark/grafo10040.32,22,6,degree,0.6758893280632412,0.5151515151515151,0.6,3.6666666666666665,0.8333333333333334,0.5,32,36,0.71875
progressive/rome_benchmark/grafo10040.32,22,6,closeness,0.47035573122529645,0.7142857142857143,0.6,3.3333333333333335,0.7777777777777778,0.35,32,36,0.71875
progressive/rome_benchmark/grafo10040.32,22,6,betweeness,0.47035573122529645,0.7142857142857143,0.6,3.3333333333333335,0.7777777777777778,0.35,32,36,0.71875
progressive/rome_benchmark/grafo10040.32,22,6,rmc,0.6623376623376623,0.3333333333333334,0.6,3.6666666666666665,1.5833333333333333,0.5,32,36,0.6875
progressive/rome_benchmark/grafo10040.32,22,6,random,0.5072463768115942,0.3333333333333334,0.6,3.0,0.75,0.2,32,36,0.75
progressive/rome_benchmark/grafo10040.32,22,6,spectral,0.8245614035087718,1.0,0.6,1.0625,1.0625,0.55,32,36,0.59375
progressive/rome_benchmark/grafo10040.32,26,7,degree,0.8478260869565217,0.9039039039039038,0.6,3.0,1.375,0.85,32,36,0.75
progressive/rome_benchmark/grafo10040.32,26,7,closeness,0.6984615384615385,1.0,0.6,4.0,4.0,0.3,32,36,0.8125
progressive/rome_benchmark/grafo10040.32,26,7,betweeness,0.6984615384615385,1.0,0.6,4.0,4.0,0.3,32,36,0.8125
progressive/rome_benchmark/grafo10040.32,26,7,rmc,0.782608695652174,1.0,0.6,1.5833333333333333,1.5833333333333333,0.5,32,36,0.75
progressive/rome_benchmark/grafo10040.32,26,7,random,0.8115942028985507,1.0,0.6,1.25,0.7000000000000001,0.7,32,36,0.75
progressive/rome_benchmark/grafo10040.32,26,7,spectral,0.7944664031620553,1.0,0.6,1.25,1.25,0.7,32,36,0.71875
progressive/rome_benchmark/grafo10040.32,29,8,degree,0.8461538461538463,0.9039039039039038,0.6,3.0,1.375,0.85,32,36,0.84375
progressive/rome_benchmark/grafo10040.32,29,8,closeness,0.7663817663817665,1.0,0.6,1.5625,0.9166666666666666,0.7,32,36,0.84375
progressive/rome_benchmark/grafo10040.32,29,8,betweeness,0.7663817663817665,1.0,0.6,1.5625,0.9166666666666666,0.7,32,36,0.84375
progressive/rome_benchmark/grafo10040.32,29,8,rmc,0.8306878306878307,1.0,0.6,1.5833333333333333,1.5833333333333333,0.5,32,36,0.875
progressive/rome_benchmark/grafo10040.32,29,8,random,0.6459770114942529,1.0,0.6,1.125,0.5,0.2,32,36,0.9375
progressive/rome_benchmark/grafo10040.32,29,8,spectral,0.913846153846154,0.7908496732026143,0.6,1.375,1.375,0.85,32,36,0.8125
progressive/rome_benchmark/grafo10040.32,33,9,degree,0.8942528735632185,1.0,0.6,1.3,0.7666666666666666,0.95,32,36,0.9375
progressive/rome_benchmark/grafo10040.32,33,9,closeness,0.9356321839080461,1.0,0.6,1.55,0.9333333333333332,0.9,32,36,0.9375
progressive/rome_benchmark/grafo10040.32,33,9,betweeness,0.9356321839080461,1.0,0.6,1.55,0.9333333333333332,0.9,32,36,0.9375
progressive/rome_benchmark/grafo10040.32,33,9,rmc,0.9310344827586208,1.0,0.6,0.9166666666666666,0.9166666666666666,0.7,32,36,0.9375
progressive/rome_benchmark/grafo10040.32,33,9,random,0.9264367816091954,1.0,0.6,1.5625,0.9166666666666666,0.7,32,36,0.9375
progressive/rome_benchmark/grafo10040.32,33,9,spectral,0.8528735632183909,1.0,0.6,0.6,0.6,1.0,32,36,0.9375
progressive/rome_benchmark/grafo10040.32,36,10,degree,1.0,1.0,0.6,0.6,0.6,1.0,32,36,1.0
progressive/rome_benchmark/grafo10040.32,36,10,closeness,1.0,1.0,0.6,0.6,0.6,1.0,32,36,1.0
progressive/rome_benchmark/grafo10040.32,36,10,betweeness,1.0,1.0,0.6,0.6,0.6,1.0,32,36,1.0
progressive/rome_benchmark/grafo10040.32,36,10,rmc,1.0,1.0,0.6,0.6,0.6,1.0,32,36,1.0
progressive/rome_benchmark/grafo10040.32,36,10,random,1.0,1.0,0.6,0.6,0.6,1.0,32,36,1.0
progressive/rome_benchmark/grafo10040.32,36,10,spectral,1.0,1.0,0.6,0.6,0.6,1.0,32,36,1.0
progressive/rome_benchmark/grafo3017.20,3,1,degree,0.6666666666666669,0.0,0.6666666666666666,3.0,0.75,0.08333333333333333,20,25,0.2
progressive/rome_benchmark/grafo3017.20,3,1,closeness,0.19999999999999998,-0.5,0.6666666666666666,0,0,0.0,20,25,0.25
progressive/rome_benchmark/grafo3017.20,3,1,betweeness,0.3333333333333334,-0.3333333333333332,0.6666666666666666,3.0,0.3333333333333333,0.375,20,25,0.2
progressive/rome_benchmark/grafo3017.20,3,1,rmc,-0.6,-0.5,0.6666666666666666,0,0,0.0,20,25,0.25
progressive/rome_benchmark/grafo3017.20,3,1,random,0.6,-0.5,0.6666666666666666,0,0,0.0,20,25,0.3
progressive/rome_benchmark/grafo3017.20,3,1,spectral,0.0,-0.5,0.6666666666666666,0,0,0.0,20,25,0.2
progressive/rome_benchmark/grafo3017.20,5,2,degree,0.4666666666666666,0.0,0.6666666666666666,4.0,1.0,0.07142857142857142,20,25,0.3
progressive/rome_benchmark/grafo3017.20,5,2,closeness,0.2857142857142857,-0.5,0.6666666666666666,0,0,0.0,20,25,0.4
progressive/rome_benchmark/grafo3017.20,5,2,betweeness,0.33333333333333337,0.3333333333333334,0.6666666666666666,3.0,0.3333333333333333,0.375,20,25,0.35
progressive/rome_benchmark/grafo3017.20,5,2,rmc,0.14285714285714288,-0.5,0.6666666666666666,0,0,0.0,20,25,0.35
progressive/rome_benchmark/grafo3017.20,5,2,random,0.6190476190476191,-0.5,0.6666666666666666,0,0,0.0,20,25,0.35
progressive/rome_benchmark/grafo3017.20,5,2,spectral,0.2,-0.3333333333333332,0.6666666666666666,3.0,0.3333333333333333,0.375,20,25,0.3
progressive/rome_benchmark/grafo3017.20,8,3,degree,0.5555555555555556,0.3333333333333333,0.6666666666666666,3.5,0.35416666666666663,0.5,20,25,0.45
progressive/rome_benchmark/grafo3017.20,8,3,closeness,0.4444444444444444,-0.3333333333333332,0.6666666666666666,0.75,0.3333333333333333,0.375,20,25,0.45
progressive/rome_benchmark/grafo3017.20,8,3,betweeness,0.7777777777777778,0.6666666666666666,0.6666666666666666,3.5,0.35416666666666663,0.5,20,25,0.45
progressive/rome_benchmark/grafo3017.20,8,3,rmc,0.06666666666666667,0.0,0.6666666666666666,4.0,0.4444444444444444,0.07142857142857142,20,25,0.5
progressive/rome_benchmark/grafo3017.20,8,3,random,1.0,1.0,0.6666666666666666,3.0,0.75,0.375,20,25,0.45
progressive/rome_benchmark/grafo3017.20,8,3,spectral,0.16666666666666666,-0.5,0.6666666666666666,0,0,0.0,20,25,0.45
progressive/rome_benchmark/grafo3017.20,10,4,degree,0.6363636363636364,0.6666666666666666,0.6666666666666666,3.5,0.35416666666666663,0.5,20,25,0.55
progressive/rome_benchmark/grafo3017.20,10,4,closeness,0.303030303030303,-0.3333333333333332,0.6666666666666666,0.75,0.3333333333333333,0.375,20,25,0.6
progressive/rome_benchmark/grafo3017.20,10,4,betweeness,0.7333333333333333,1.0,0.6666666666666666,3.5,0.5833333333333334,0.5,20,25,0.5
progressive/rome_benchmark/grafo3017.20,10,4,rmc,0.2727272727272727,0.0,0.6666666666666666,3.0,0.3333333333333333,0.0,20,25,0.55
progressive/rome_benchmark/grafo3017.20,10,4,random,0.6444444444444444,1.0,0.6666666666666666,3.5,0.5833333333333334,0.5,20,25,0.5
progressive/rome_benchmark/grafo3017.20,10,4,spectral,0.4222222222222222,-0.3333333333333332,0.6666666666666666,0.75,0.3333333333333333,0.375,20,25,0.5
progressive/rome_benchmark/grafo3017.20,13,5,degree,0.8181818181818181,0.8333333333333334,0.6666666666666666,3.6666666666666665,0.3222222222222222,1.0,20,25,0.6
progressive/rome_benchmark/grafo3017.20,13,5,closeness,0.6153846153846153,0.3333333333333333,0.6666666666666666,1.25,0.35416666666666663,0.5,20,25,0.65
progressive/rome_benchmark/grafo3017.20,13,5,betweeness,0.6153846153846153,0.3333333333333333,0.6666666666666666,1.25,0.35416666666666663,0.5,20,25,0.65
progressive/rome_benchmark/grafo3017.20,13,5,rmc,0.3406593406593407,0.3333333333333333,0.6666666666666666,4.0,0.4444444444444444,0.5,20,25,0.7
progressive/rome_benchmark/grafo3017.20,13,5,random,0.7435897435897434,0.8536585365853658,0.6666666666666666,0.5833333333333334,0.375,0.875,20,25,0.65
progressive/rome_benchmark/grafo3017.20,13,5,spectral,0.5128205128205127,0.3333333333333333,0.6666666666666666,1.0,0.4444444444444444,0.5,20,25,0.65
progressive/rome_benchmark/grafo3017.20,15,6,degree,0.769230769230769,1.0,0.6666666666666666,1.5,0.4583333333333333,1.0,20,25,0.65
progressive/rome_benchmark/grafo3017.20,15,6,closeness,0.561904761904762,0.3333333333333333,0.6666666666666666,1.25,0.35416666666666663,0.5,20,25,0.75
progressive/rome_benchmark/grafo3017.20,15,6,betweeness,0.561904761904762,0.3333333333333333,0.6666666666666666,1.25,0.35416666666666663,0.5,20,25,0.75
progressive/rome_benchmark/grafo3017.20,15,6,rmc,0.4476190476190477,0.3333333333333333,0.6666666666666666,1.0,0.4444444444444444,0.5,20,25,0.75
progressive/rome_benchmark/grafo3017.20,15,6,random,0.5166666666666667,0.0,0.6666666666666666,4.0,0.4444444444444444,0.5,20,25,0.8
progressive/rome_benchmark/grafo3017.20,15,6,spectral,0.42857142857142855,0.3333333333333333,0.6666666666666666,1.25,0.35416666666666663,0.5,20,25,0.7
progressive/rome_benchmark/grafo3017.20,18,7,degree,0.7714285714285715,1.0,0.6666666666666666,0.4166666666666667,0.3,0.875,20,25,0.75
progressive/rome_benchmark/grafo3017.20,18,7,closeness,0.7166666666666667,1.0,0.6666666666666666,0.7222222222222222,0.4166666666666667,0.875,20,25,0.8
progressive/rome_benchmark/grafo3017.20,18,7,betweeness,0.7166666666666667,1.0,0.6666666666666666,0.7222222222222222,0.4166666666666667,0.875,20,25,0.8
progressive/rome_benchmark/grafo3017.20,18,7,rmc,0.5499999999999999,0.3333333333333333,0.6666666666666666,1.0,0.4444444444444444,0.5,20,25,0.8
progressive/rome_benchmark/grafo3017.20,18,7,random,0.6,1.0,0.6666666666666666,0.5833333333333334,0.5833333333333334,0.875,20,25,0.8
progressive/rome_benchmark/grafo3017.20,18,7,spectral,0.561904761904762,0.3333333333333333,0.6666666666666666,0.5833333333333334,0.35416666666666663,0.5,20,25,0.75
progressive/rome_benchmark/grafo3017.20,20,8,degree,0.7999999999999999,1.0,0.6666666666666666,0.4583333333333333,0.4583333333333333,1.0,20,25,0.8
progressive/rome_benchmark/grafo3017.20,20,8,closeness,0.7499999999999999,1.0,0.6666666666666666,0.4166666666666667,0.3,0.875,20,25,0.85
progressive/rome_benchmark/grafo3017.20,20,8,betweeness,0.7499999999999999,1.0,0.6666666666666666,0.4166666666666667,0.3,0.875,20,25,0.85
progressive/rome_benchmark/grafo3017.20,20,8,rmc,0.7794117647058824,0.3333333333333333,0.6666666666666666,1.0,0.4444444444444444,0.5,20,25,0.85
progressive/rome_benchmark/grafo3017.20,20,8,random,0.7794117647058824,1.0,0.6666666666666666,0.5,0.5,0.375,20,25,0.85
progressive/rome_benchmark/grafo3017.20,20,8,spectral,0.6029411764705882,1.0,0.6666666666666666,1.0,1.0,0.5,20,25,0.85
progressive/rome_benchmark/grafo3017.20,23,9,degree,0.8823529411764707,1.0,0.6666666666666666,0.4583333333333333,0.4583333333333333,1.0,20,25,0.9
progressive/rome_benchmark/grafo3017.20,23,9,closeness,0.8128654970760234,1.0,0.6666666666666666,0.6666666666666666,0.6666666666666666,1.0,20,25,0.95
progressive/rome_benchmark/grafo3017.20,23,9,betweeness,0.8128654970760234,1.0,0.6666666666666666,0.6666666666666666,0.6666666666666666,1.0,20,25,0.95
progressive/rome_benchmark/grafo3017.20,23,9,rmc,0.894736842105263,1.0,0.6666666666666666,1.0,1.0,0.5,20,25,0.95
progressive/rome_benchmark/grafo3017.20,23,9,random,0.8954248366013072,1.0,0.6666666666666666,0.4583333333333333,0.4583333333333333,1.0,20,25,0.9
progressive/rome_benchmark/grafo3017.20,23,9,spectral,0.8954248366013072,1.0,0.6666666666666666,1.5,0.6666666666666666,1.0,20,25,0.9
progressive/rome_benchmark/grafo3017.20,25,10,degree,1.0,1.0,0.6666666666666666,0.6666666666666666,0.6666666666666666,1.0,20,25,1.0
progressive/rome_benchmark/grafo3017.20,25,10,closeness,1.0,1.0,0.6666666666666666,0.6666666666666666,0.6666666666666666,1.0,20,25,1.0
progressive/rome_benchmark/grafo3017.20,25,10,betweeness,1.0,1.0,0.6666666666666666,0.6666666666666666,0.6666666666666666,1.0,20,25,1.0
progressive/rome_benchmark/grafo3017.20,25,10,rmc,1.0,1.0,0.6666666666666666,0.6666666666666666,0.6666666666666666,1.0,20,25,1.0
progressive/rome_benchmark/grafo3017.20,25,10,random,1.0,1.0,0.6666666666666666,0.6666666666666666,0.6666666666666666,1.0,20,25,1.0
progressive/rome_benchmark/grafo3017.20,25,10,spectral,1.0,1.0,0.6666666666666666,0.6666666666666666,0.6666666666666666,1.0,20,25,1.0
progressive/rome_benchmark/grafo3916.40,6,1,degree,0.3888888888888889,0.0,0.17559523809523808,3.0,0.1875,0.0,40,51,0.225
progressive/rome_benchmark/grafo3916.40,6,1,closeness,0.2222222222222222,0.0,0.17559523809523808,3.0,0.12,0.0,40,51,0.225
progressive/rome_benchmark/grafo3916.40,6,1,betweeness,0.2857142857142857,0.0,0.17559523809523808,3.0,0.12,0.0,40,51,0.2
progressive/rome_benchmark/grafo3916.40,6,1,rmc,0.3888888888888889,-0.5,0.17559523809523808,0,0,0.0,40,51,0.225
progressive/rome_benchmark/grafo3916.40,6,1,random,0.24444444444444444,-0.5,0.17559523809523808,0,0,0.0,40,51,0.25
progressive/rome_benchmark/grafo3916.40,6,1,spectral,0.5714285714285714,0.0,0.17559523809523808,1.0,1.0,0.0,40,51,0.2
progressive/rome_benchmark/grafo3916.40,11,2,degree,0.12820512820512817,0.0,0.17559523809523808,3.5,0.17361111111111108,0.25,40,51,0.325
progressive/rome_benchmark/grafo3916.40,11,2,closeness,0.10476190476190476,0.0,0.17559523809523808,3.0,0.12,0.0,40,51,0.375
progressive/rome_benchmark/grafo3916.40,11,2,betweeness,0.0,0.0,0.17559523809523808,1.5,0.25,0.05,40,51,0.3
progressive/rome_benchmark/grafo3916.40,11,2,rmc,0.4871794871794871,-0.5,0.17559523809523808,0,0,0.0,40,51,0.325
progressive/rome_benchmark/grafo3916.40,11,2,random,0.09890109890109891,0.0,0.17559523809523808,1.125,0.225,0.041666666666666664,40,51,0.35
progressive/rome_benchmark/grafo3916.40,11,2,spectral,0.39393939393939387,0.0,0.17559523809523808,0.75,0.75,0.041666666666666664,40,51,0.3
progressive/rome_benchmark/grafo3916.40,16,3,degree,0.3142857142857143,0.18341307814992033,0.17559523809523808,3.6666666666666665,0.1638888888888889,0.4732142857142857,40,51,0.375
progressive/rome_benchmark/grafo3916.40,16,3,closeness,0.33333333333333337,0.0,0.17559523809523808,0.75,0.12,0.0,40,51,0.45
progressive/rome_benchmark/grafo3916.40,16,3,betweeness,0.33333333333333337,0.0,0.17559523809523808,0.75,0.12,0.0,40,51,0.45
progressive/rome_benchmark/grafo3916.40,16,3,rmc,0.7333333333333334,0.3333333333333334,0.17559523809523808,0.5625,0.5625,0.25,40,51,0.4
progressive/rome_benchmark/grafo3916.40,16,3,random,0.35947712418300654,0.3333333333333334,0.17559523809523808,1.375,0.35416666666666663,0.22916666666666666,40,51,0.45
progressive/rome_benchmark/grafo3916.40,16,3,spectral,0.5499999999999999,0.5633423180592992,0.17559523809523808,1.0,0.22222222222222218,0.5,40,51,0.4
progressive/rome_benchmark/grafo3916.40,21,4,degree,0.5263157894736842,-0.07496012759170646,0.17559523809523808,1.6875,0.28869047619047616,0.4732142857142857,40,51,0.5
progressive/rome_benchmark/grafo3916.40,21,4,closeness,0.35064935064935066,-1.0,0.17559523809523808,0.375,0.375,0.16666666666666666,40,51,0.55
progressive/rome_benchmark/grafo3916.40,21,4,betweeness,0.35064935064935066,-1.0,0.17559523809523808,0.375,0.375,0.16666666666666666,40,51,0.55
progressive/rome_benchmark/grafo3916.40,21,4,rmc,0.5904761904761905,0.0,0.17559523809523808,0.75,0.75,0.0,40,51,0.525
progressive/rome_benchmark/grafo3916.40,21,4,random,0.36758893280632415,-0.33333333333333326,0.17559523809523808,4.0,0.15238095238095237,0.25,40,51,0.575
progressive/rome_benchmark/grafo3916.40,21,4,spectral,0.6,0.459799925898481,0.17559523809523808,1.0416666666666665,0.18055555555555555,0.5,40,51,0.525
progressive/rome_benchmark/grafo3916.40,26,5,degree,0.5335968379446641,-0.09271237602414825,0.17559523809523808,0.8833333333333333,0.20833333333333331,0.6875,40,51,0.575
progressive/rome_benchmark/grafo3916.40,26,5,closeness,0.43478260869565216,-0.33333333333333326,0.17559523809523808,0.6666666666666666,0.12916666666666668,0.22916666666666666,40,51,0.6
progressive/rome_benchmark/grafo3916.40,26,5,betweeness,0.43478260869565216,-0.33333333333333326,0.17559523809523808,0.6666666666666666,0.12916666666666668,0.22916666666666666,40,51,0.6
progressive/rome_benchmark/grafo3916.40,26,5,rmc,0.7628458498023716,-0.33333333333333326,0.17559523809523808,1.1666666666666667,0.7222222222222222,0.1875,40,51,0.575
progressive/rome_benchmark/grafo3916.40,26,5,random,0.5911330049261083,0.0,0.17559523809523808,0.75,0.75,0.0,40,51,0.725
progressive/rome_benchmark/grafo3916.40,26,5,spectral,0.5333333333333332,0.459799925898481,0.17559523809523808,0.9259259259259257,0.13888888888888887,0.5,40,51,0.625
progressive/rome_benchmark/grafo3916.40,31,6,degree,0.5938461538461539,0.22253960010386922,0.17559523809523808,0.49333333333333335,0.2037037037037037,0.75,40,51,0.65
progressive/rome_benchmark/grafo3916.40,31,6,closeness,0.6307692307692307,0.7008569202804467,0.17559523809523808,0.4895833333333333,0.13240740740740742,0.75,40,51,0.65
progressive/rome_benchmark/grafo3916.40,31,6,betweeness,0.6307692307692307,0.7008569202804467,0.17559523809523808,0.4895833333333333,0.13240740740740742,0.75,40,51,0.65
progressive/rome_benchmark/grafo3916.40,31,6,rmc,0.7720797720797723,0.10606721955477957,0.17559523809523808,1.21875,0.4739583333333333,0.5,40,51,0.675
progressive/rome_benchmark/grafo3916.40,31,6,random,0.6689655172413793,0.0,0.17559523809523808,0.5833333333333334,0.5833333333333334,0.041666666666666664,40,51,0.75
progressive/rome_benchmark/grafo3916.40,31,6,spectral,0.6296296296296297,1.0,0.17559523809523808,1.027777777777778,0.1435185185185185,0.75,40,51,0.675
progressive/rome_benchmark/grafo3916.40,36,7,degree,0.6413793103448276,0.14033698970937472,0.17559523809523808,0.2847222222222222,0.1435185185185185,0.75,40,51,0.75
progressive/rome_benchmark/grafo3916.40,36,7,closeness,0.7586206896551723,0.9002856400934823,0.17559523809523808,0.4895833333333333,0.23611111111111108,0.75,40,51,0.725
progressive/rome_benchmark/grafo3916.40,36,7,betweeness,0.7586206896551723,0.9002856400934823,0.17559523809523808,0.4895833333333333,0.23611111111111108,0.75,40,51,0.725
progressive/rome_benchmark/grafo3916.40,36,7,rmc,0.8068965517241379,0.10606721955477957,0.17559523809523808,1.09375,0.30416666666666664,0.5,40,51,0.75
progressive/rome_benchmark/grafo3916.40,36,7,random,0.7287356321839081,0.0,0.17559523809523808,0.6666666666666666,0.4583333333333333,0.2916666666666667,40,51,0.75
progressive/rome_benchmark/grafo3916.40,36,7,spectral,0.6735632183908047,0.6614271174940632,0.17559523809523808,0.3958333333333333,0.1577380952380952,0.75,40,51,0.75
progressive/rome_benchmark/grafo3916.40,41,8,degree,0.7862903225806454,1.0,0.17559523809523808,0.23611111111111108,0.23611111111111108,0.75,40,51,0.8
progressive/rome_benchmark/grafo3916.40,41,8,closeness,0.8408602150537635,0.7867481170386312,0.17559523809523808,0.23611111111111108,0.18333333333333332,0.75,40,51,0.775
progressive/rome_benchmark/grafo3916.40,41,8,betweeness,0.8408602150537635,0.7867481170386312,0.17559523809523808,0.23611111111111108,0.18333333333333332,0.75,40,51,0.775
progressive/rome_benchmark/grafo3916.40,41,8,rmc,0.8830645161290324,1.0,0.17559523809523808,0.2727777777777778,0.11518518518518518,0.7232142857142857,40,51,0.8
progressive/rome_benchmark/grafo3916.40,41,8,random,0.7651515151515151,-0.00213734783012723,0.17559523809523808,0.29,0.21944444444444444,0.7232142857142857,40,51,0.825
progressive/rome_benchmark/grafo3916.40,41,8,spectral,0.7611408199643495,0.7692307692307694,0.17559523809523808,0.3555555555555555,0.12839506172839507,0.5,40,51,0.85
progressive/rome_benchmark/grafo3916.40,46,9,degree,0.9126050420168067,1.0,0.17559523809523808,0.21388888888888888,0.21388888888888888,1.0,40,51,0.875
progressive/rome_benchmark/grafo3916.40,46,9,closeness,0.9159663865546219,1.0,0.17559523809523808,0.1884920634920635,0.1884920634920635,1.0,40,51,0.875
progressive/rome_benchmark/grafo3916.40,46,9,betweeness,0.9159663865546219,1.0,0.17559523809523808,0.1884920634920635,0.1884920634920635,1.0,40,51,0.875
progressive/rome_benchmark/grafo3916.40,46,9,rmc,0.9206349206349207,1.0,0.17559523809523808,0.4291666666666666,0.21944444444444444,0.7291666666666667,40,51,0.9
progressive/rome_benchmark/grafo3916.40,46,9,random,0.897897897897898,1.0,0.17559523809523808,0.23263888888888887,0.23263888888888887,0.7232142857142857,40,51,0.925
progressive/rome_benchmark/grafo3916.40,46,9,spectral,0.8138138138138138,1.0,0.17559523809523808,0.31111111111111106,0.31111111111111106,0.5,40,51,0.925
progressive/rome_benchmark/grafo3916.40,51,10,degree,1.0,1.0,0.17559523809523808,0.17559523809523808,0.17559523809523808,1.0,40,51,1.0
progressive/rome_benchmark/grafo3916.40,51,10,closeness,1.0,1.0,0.17559523809523808,0.17559523809523808,0.17559523809523808,1.0,40,51,1.0
progressive/rome_benchmark/grafo3916.40,51,10,betweeness,1.0,1.0,0.17559523809523808,0.17559523809523808,0.17559523809523808,1.0,40,51,1.0
progressive/rome_benchmark/grafo3916.40,51,10,rmc,1.0,1.0,0.17559523809523808,0.17559523809523808,0.17559523809523808,1.0,40,51,1.0
progressive/rome_benchmark/grafo3916.40,51,10,random,1.0,1.0,0.17559523809523808,0.17559523809523808,0.17559523809523808,1.0,40,51,1.0
progressive/rome_benchmark/grafo3916.40,51,10,spectral,1.0,1.0,0.17559523809523808,0.17559523809523808,0.17559523809523808,1.0,40,51,1.0
progressive/rome_benchmark/grafo4461.59,8,1,degree,0.2777777777777778,1.0,0.2388888888888889,5.0,0.5555555555555556,0.09999999999999999,59,79,0.15254237288135594
progressive/rome_benchmark/grafo4461.59,8,1,closeness,0.3333333333333333,0.0,0.2388888888888889,3.0,0.12,0.023809523809523808,59,79,0.1694915254237288
progressive/rome_benchmark/grafo4461.59,8,1,betweeness,0.2777777777777778,1.0,0.2388888888888889,5.0,0.5555555555555556,0.09999999999999999,59,79,0.15254237288135594
progressive/rome_benchmark/grafo4461.59,8,1,rmc,0.611111111111111,1.0,0.2388888888888889,4.0,0.4444444444444444,0.125,59,79,0.15254237288135594
progressive/rome_benchmark/grafo4461.59,8,1,random,0.2,0.0,0.2388888888888889,3.0,0.75,0.0,59,79,0.1864406779661017
progressive/rome_benchmark/grafo4461.59,8,1,spectral,0.022222222222222223,0.0,0.2388888888888889,3.0,0.12,0.023809523809523808,59,79,0.1694915254237288
progressive/rome_benchmark/grafo4461.59,16,2,degree,0.3823529411764705,1.0,0.2388888888888889,1.25,1.25,0.09999999999999999,59,79,0.288135593220339
progressive/rome_benchmark/grafo4461.59,16,2,closeness,0.19999999999999998,0.0,0.2388888888888889,3.5,0.45999999999999996,0.023809523809523808,59,79,0.3389830508474576
progressive/rome_benchmark/grafo4461.59,16,2,betweeness,0.3823529411764705,1.0,0.2388888888888889,1.25,1.25,0.09999999999999999,59,79,0.288135593220339
progressive/rome_benchmark/grafo4461.59,16,2,rmc,0.6190476190476191,1.0,0.2388888888888889,3.6666666666666665,0.5277777777777778,0.125,59,79,0.2542372881355932
progressive/rome_benchmark/grafo4461.59,16,2,random,0.411764705882353,-0.3333333333333332,0.2388888888888889,3.0,0.5,0.125,59,79,0.3050847457627119
progressive/rome_benchmark/grafo4461.59,16,2,spectral,0.41176470588235287,0.0,0.2388888888888889,4.0,1.5,0.0,59,79,0.288135593220339
progressive/rome_benchmark/grafo4461.59,24,3,degree,0.39333333333333326,1.0,0.2388888888888889,1.625,0.47916666666666663,0.225,59,79,0.423728813559322
progressive/rome_benchmark/grafo4461.59,24,3,closeness,0.5133333333333333,1.0,0.2388888888888889,1.1875,0.22976190476190475,0.1488095238095238,59,79,0.423728813559322
progressive/rome_benchmark/grafo4461.59,24,3,betweeness,0.39333333333333326,1.0,0.2388888888888889,1.625,0.47916666666666663,0.225,59,79,0.423728813559322
progressive/rome_benchmark/grafo4461.59,24,3,rmc,0.5411255411255411,1.0,0.2388888888888889,1.625,0.22291666666666665,0.15277777777777776,59,79,0.3728813559322034
progressive/rome_benchmark/grafo4461.59,24,3,random,0.6866666666666665,0.3333333333333333,0.2388888888888889,4.0,0.41666666666666663,0.16666666666666666,59,79,0.423728813559322
progressive/rome_benchmark/grafo4461.59,24,3,spectral,0.5619047619047619,1.0,0.2388888888888889,1.5,0.7777777777777778,0.08333333333333333,59,79,0.3559322033898305
progressive/rome_benchmark/grafo4461.59,32,4,degree,0.5632183908045977,1.0,0.2388888888888889,1.9166666666666667,0.6805555555555557,0.19999999999999998,59,79,0.5084745762711864
progressive/rome_benchmark/grafo4461.59,32,4,closeness,0.571969696969697,1.0,0.2388888888888889,0.5833333333333334,0.35416666666666663,0.06666666666666667,59,79,0.559322033898305
progressive/rome_benchmark/grafo4461.59,32,4,betweeness,0.3634408602150538,0.49206349206349204,0.2388888888888889,1.75,0.6527777777777778,0.225,59,79,0.5254237288135594
progressive/rome_benchmark/grafo4461.59,32,4,rmc,0.6137931034482759,1.0,0.2388888888888889,1.1111111111111112,0.2962962962962963,0.23611111111111113,59,79,0.5084745762711864
progressive/rome_benchmark/grafo4461.59,32,4,random,0.4778325123152708,1.0,0.2388888888888889,3.25,0.1845238095238095,0.21547619047619046,59,79,0.4915254237288136
progressive/rome_benchmark/grafo4461.59,32,4,spectral,0.5783475783475784,1.0,0.2388888888888889,1.5,0.7777777777777778,0.08333333333333333,59,79,0.4576271186440678
progressive/rome_benchmark/grafo4461.59,40,5,degree,0.6042780748663102,1.0,0.2388888888888889,0.4666666666666666,0.4666666666666666,0.19999999999999998,59,79,0.576271186440678
progressive/rome_benchmark/grafo4461.59,40,5,closeness,0.5966386554621849,1.0,0.2388888888888889,0.59375,0.4333333333333334,0.2333333333333333,59,79,0.5932203389830508
progressive/rome_benchmark/grafo4461.59,40,5,betweeness,0.6100840336134453,1.0,0.2388888888888889,1.0833333333333333,0.4166666666666667,0.225,59,79,0.5932203389830508
progressive/rome_benchmark/grafo4461.59,40,5,rmc,0.6470588235294117,1.0,0.2388888888888889,0.45999999999999996,0.3611111111111111,0.2777777777777778,59,79,0.5932203389830508
progressive/rome_benchmark/grafo4461.59,40,5,random,0.6073968705547654,0.3333333333333333,0.2388888888888889,4.0,1.5,0.16666666666666666,59,79,0.6440677966101694
progressive/rome_benchmark/grafo4461.59,40,5,spectral,0.6553030303030303,1.0,0.2388888888888889,0.575,0.2523809523809523,0.18611111111111112,59,79,0.559322033898305
progressive/rome_benchmark/grafo4461.59,48,6,degree,0.6213704994192799,1.0,0.2388888888888889,0.2341269841269841,0.14506172839506173,0.26666666666666666,59,79,0.711864406779661
progressive/rome_benchmark/grafo4461.59,48,6,closeness,0.6666666666666667,1.0,0.2388888888888889,0.6666666666666666,0.4375,0.18333333333333335,59,79,0.6779661016949152
progressive/rome_benchmark/grafo4461.59,48,6,betweeness,0.6410256410256411,1.0,0.2388888888888889,1.4,0.2942857142857143,0.3583333333333334,59,79,0.6779661016949152
progressive/rome_benchmark/grafo4461.59,48,6,rmc,0.6717948717948719,1.0,0.2388888888888889,0.3194444444444445,0.2380952380952381,0.30158730158730157,59,79,0.6779661016949152
progressive/rome_benchmark/grafo4461.59,48,6,random,0.7009966777408637,1.0,0.2388888888888889,0.4583333333333333,0.33333333333333337,0.26666666666666666,59,79,0.7288135593220338
progressive/rome_benchmark/grafo4461.59,48,6,spectral,0.6717948717948719,1.0,0.2388888888888889,0.3194444444444445,0.2380952380952381,0.30158730158730157,59,79,0.6779661016949152
progressive/rome_benchmark/grafo4461.59,56,7,degree,0.7294685990338166,1.0,0.2388888888888889,0.2095238095238095,0.2095238095238095,0.35833333333333334,59,79,0.7796610169491526
progressive/rome_benchmark/grafo4461.59,56,7,closeness,0.691026827012026,0.7168141592920354,0.2388888888888889,0.8125,0.4583333333333333,0.35000000000000003,59,79,0.7966101694915254
progressive/rome_benchmark/grafo4461.59,56,7,betweeness,0.7236714975845411,-0.11559633027522925,0.2388888888888889,0.95,0.35,0.47500000000000003,59,79,0.7796610169491526
progressive/rome_benchmark/grafo4461.59,56,7,rmc,0.7565217391304349,1.0,0.2388888888888889,0.2261904761904762,0.1648148148148148,0.325,59,79,0.7796610169491526
progressive/rome_benchmark/grafo4461.59,56,7,random,0.7816425120772947,1.0,0.2388888888888889,0.4,0.4,0.39166666666666666,59,79,0.7796610169491526
progressive/rome_benchmark/grafo4461.59,56,7,spectral,0.8338870431893687,0.6962025316455696,0.2388888888888889,0.2095238095238095,0.13466666666666666,0.4583333333333333,59,79,0.7288135593220338
progressive/rome_benchmark/grafo4461.59,64,8,degree,0.7910204081632654,1.0,0.2388888888888889,0.27777777777777773,0.16583333333333333,0.4916666666666667,59,79,0.847457627118644
progressive/rome_benchmark/grafo4461.59,64,8,closeness,0.7647058823529413,1.0,0.2388888888888889,0.22142857142857145,0.19,0.6,59,79,0.864406779661017
progressive/rome_benchmark/grafo4461.59,64,8,betweeness,0.7647058823529413,1.0,0.2388888888888889,0.22142857142857145,0.19,0.6,59,79,0.864406779661017
progressive/rome_benchmark/grafo4461.59,64,8,rmc,0.8285714285714286,1.0,0.2388888888888889,0.16666666666666666,0.10466666666666666,0.4861111111111111,59,79,0.847457627118644
progressive/rome_benchmark/grafo4461.59,64,8,random,0.830204081632653,1.0,0.2388888888888889,0.25,0.25,0.625,59,79,0.847457627118644
progressive/rome_benchmark/grafo4461.59,64,8,spectral,0.8588435374149659,0.6178343949044586,0.2388888888888889,0.3733333333333333,0.2611111111111111,0.4583333333333333,59,79,0.8305084745762712
progressive/rome_benchmark/grafo4461.59,72,9,degree,0.8940493468795356,0.945953736398357,0.2388888888888889,0.26825396825396824,0.26825396825396824,0.8916666666666666,59,79,0.8983050847457628
progressive/rome_benchmark/grafo4461.59,72,9,closeness,0.8728162124388539,0.9458561940514005,0.2388888888888889,0.22037037037037036,0.22037037037037036,0.9166666666666666,59,79,0.9152542372881356
progressive/rome_benchmark/grafo4461.59,72,9,betweeness,0.8728162124388539,0.9458561940514005,0.2388888888888889,0.22037037037037036,0.22037037037037036,0.9166666666666666,59,79,0.9152542372881356
progressive/rome_benchmark/grafo4461.59,72,9,rmc,0.914744933612858,0.7368421052631579,0.2388888888888889,0.25,0.25,0.6666666666666666,59,79,0.9152542372881356
progressive/rome_benchmark/grafo4461.59,72,9,random,0.8659147869674187,1.0,0.2388888888888889,0.26095238095238094,0.26095238095238094,0.6583333333333333,59,79,0.9661016949152542
progressive/rome_benchmark/grafo4461.59,72,9,spectral,0.9259259259259259,1.0,0.2388888888888889,0.1285714285714286,0.1285714285714286,0.6666666666666666,59,79,0.9152542372881356
progressive/rome_benchmark/grafo4461.59,79,10,degree,0.9999999999999998,1.0,0.2388888888888889,0.2388888888888889,0.2388888888888889,1.0,59,79,1.0
progressive/rome_benchmark/grafo4461.59,79,10,closeness,0.9999999999999998,1.0,0.2388888888888889,0.2388888888888889,0.2388888888888889,1.0,59,79,1.0
progressive/rome_benchmark/grafo4461.59,79,10,betweeness,0.9999999999999998,1.0,0.2388888888888889,0.2388888888888889,0.2388888888888889,1.0,59,79,1.0
progressive/rome_benchmark/grafo4461.59,79,10,rmc,0.9999999999999998,1.0,0.2388888888888889,0.2388888888888889,0.2388888888888889,1.0,59,79,1.0
progressive/rome_benchmark/grafo4461.59,79,10,random,0.9999999999999998,1.0,0.2388888888888889,0.2388888888888889,0.2388888888888889,1.0,59,79,1.0
progressive/rome_benchmark/grafo4461.59,79,10,spectral,0.9999999999999998,1.0,0.2388888888888889,0.2388888888888889,0.2388888888888889,1.0,59,79,1.0
progressive/rome_benchmark/grafo1723.10,2,1,degree,1.0,-0.5,0.47222222222222215,0,0,0.0,10,15,0.3
progressive/rome_benchmark/grafo1723.10,2,1,closeness,0.6666666666666669,-0.5,0.47222222222222215,0,0,0.0,10,15,0.4
progressive/rome_benchmark/grafo1723.10,2,1,betweeness,-0.33333333333333337,-0.5,0.47222222222222215,0,0,0.0,10,15,0.3
progressive/rome_benchmark/grafo1723.10,2,1,rmc,0.6666666666666669,-0.5,0.47222222222222215,0,0,0.0,10,15,0.4
progressive/rome_benchmark/grafo1723.10,2,1,random,-0.33333333333333337,-0.5,0.47222222222222215,0,0,0.0,10,15,0.3
progressive/rome_benchmark/grafo1723.10,2,1,spectral,1.0,-0.5,0.47222222222222215,0,0,0.0,10,15,0.3
progressive/rome_benchmark/grafo1723.10,3,2,degree,1.0,1.0,0.47222222222222215,3.0,0.75,0.30000000000000004,10,15,0.4
progressive/rome_benchmark/grafo1723.10,3,2,closeness,0.0,-0.5,0.47222222222222215,0,0,0.0,10,15,0.4
progressive/rome_benchmark/grafo1723.10,3,2,betweeness,0.0,-0.5,0.47222222222222215,0,0,0.0,10,15,0.4
progressive/rome_benchmark/grafo1723.10,3,2,rmc,0.6666666666666669,-0.5,0.47222222222222215,0,0,0.0,10,15,0.4
progressive/rome_benchmark/grafo1723.10,3,2,random,0.3333333333333334,-0.5,0.47222222222222215,0,0,0.0,10,15,0.4
progressive/rome_benchmark/grafo1723.10,3,2,spectral,0.0,-0.5,0.47222222222222215,0,0,0.0,10,15,0.4
progressive/rome_benchmark/grafo1723.10,5,3,degree,0.9999999999999999,1.0,0.47222222222222215,5.0,1.25,0.41666666666666663,10,15,0.6
progressive/rome_benchmark/grafo1723.10,5,3,closeness,0.3333333333333333,-0.5,0.47222222222222215,0,0,0.0,10,15,0.6
progressive/rome_benchmark/grafo1723.10,5,3,betweeness,0.06666666666666665,-0.5,0.47222222222222215,0,0,0.0,10,15,0.6
progressive/rome_benchmark/grafo1723.10,5,3,rmc,0.9999999999999999,-0.5,0.47222222222222215,0,0,0.0,10,15,0.6
progressive/rome_benchmark/grafo1723.10,5,3,random,0.04761904761904762,-0.5,0.47222222222222215,0,0,0.0,10,15,0.7
progressive/rome_benchmark/grafo1723.10,5,3,spectral,0.06666666666666665,-0.5,0.47222222222222215,0,0,0.0,10,15,0.6
progressive/rome_benchmark/grafo1723.10,6,4,degree,0.8095238095238096,1.0,0.47222222222222215,6.0,0.6666666666666666,0.47619047619047616,10,15,0.7
progressive/rome_benchmark/grafo1723.10,6,4,closeness,0.7142857142857143,-0.5,0.47222222222222215,0,0,0.0,10,15,0.7
progressive/rome_benchmark/grafo1723.10,6,4,betweeness,0.2,-1.0,0.47222222222222215,3.0,0.3333333333333333,0.30000000000000004,10,15,0.6
progressive/rome_benchmark/grafo1723.10,6,4,rmc,0.7142857142857143,-0.5,0.47222222222222215,0,0,0.0,10,15,0.7
progressive/rome_benchmark/grafo1723.10,6,4,random,0.06666666666666665,0.2558139534883721,0.47222222222222215,4.0,0.4444444444444444,0.3666666666666667,10,15,0.6
progressive/rome_benchmark/grafo1723.10,6,4,spectral,0.2,-1.0,0.47222222222222215,3.0,0.3333333333333333,0.30000000000000004,10,15,0.6
progressive/rome_benchmark/grafo1723.10,8,5,degree,0.7222222222222222,1.0,0.47222222222222215,6.0,0.6666666666666666,0.47619047619047616,10,15,0.9
progressive/rome_benchmark/grafo1723.10,8,5,closeness,0.5555555555555556,-0.5,0.47222222222222215,0,0,0.0,10,15,0.9
progressive/rome_benchmark/grafo1723.10,8,5,betweeness,0.5238095238095238,-0.45454545454545453,0.47222222222222215,5.0,1.25,0.41666666666666663,10,15,0.7
progressive/rome_benchmark/grafo1723.10,8,5,rmc,0.5555555555555555,-0.5,0.47222222222222215,0,0,0.0,10,15,1.0
progressive/rome_benchmark/grafo1723.10,8,5,random,0.42857142857142855,0.16894977168949776,0.47222222222222215,6.0,1.5,0.47619047619047616,10,15,0.8
progressive/rome_benchmark/grafo1723.10,8,5,spectral,0.5238095238095238,-0.45454545454545453,0.47222222222222215,5.0,1.25,0.41666666666666663,10,15,0.7
progressive/rome_benchmark/grafo1723.10,9,6,degree,0.6666666666666666,0.7077625570776256,0.47222222222222215,6.0,0.6666666666666666,0.47619047619047616,10,15,0.9
progressive/rome_benchmark/grafo1723.10,9,6,closeness,0.7777777777777778,0.0,0.47222222222222215,0.75,0.3333333333333333,0.08333333333333333,10,15,0.9
progressive/rome_benchmark/grafo1723.10,9,6,betweeness,0.42857142857142855,0.1232876712328767,0.47222222222222215,6.0,0.6666666666666666,0.47619047619047616,10,15,0.8
progressive/rome_benchmark/grafo1723.10,9,6,rmc,0.37777777777777777,0.0,0.47222222222222215,0.75,0.3333333333333333,0.0,10,15,1.0
progressive/rome_benchmark/grafo1723.10,9,6,random,0.5111111111111111,0.79585326953748,0.47222222222222215,7.0,0.7777777777777778,0.5,10,15,1.0
progressive/rome_benchmark/grafo1723.10,9,6,spectral,0.42857142857142855,0.1232876712328767,0.47222222222222215,6.0,0.6666666666666666,0.47619047619047616,10,15,0.8
progressive/rome_benchmark/grafo1723.10,11,7,degree,0.611111111111111,0.4155251141552512,0.47222222222222215,6.0,0.6666666666666666,0.47619047619047616,10,15,0.9
progressive/rome_benchmark/grafo1723.10,11,7,closeness,0.7777777777777778,1.0,0.47222222222222215,1.0,1.0,0.3833333333333333,10,15,0.9
progressive/rome_benchmark/grafo1723.10,11,7,betweeness,0.611111111111111,0.4155251141552512,0.47222222222222215,6.0,0.6666666666666666,0.47619047619047616,10,15,0.9
progressive/rome_benchmark/grafo1723.10,11,7,rmc,0.7333333333333333,-0.5,0.47222222222222215,0,0,0.0,10,15,1.0
progressive/rome_benchmark/grafo1723.10,11,7,random,0.7333333333333333,-0.5,0.47222222222222215,0,0,0.0,10,15,1.0
progressive/rome_benchmark/grafo1723.10,11,7,spectral,0.611111111111111,0.4155251141552512,0.47222222222222215,6.0,0.6666666666666666,0.47619047619047616,10,15,0.9
progressive/rome_benchmark/grafo1723.10,12,8,degree,0.7777777777777778,1.0,0.47222222222222215,6.0,1.5,0.47619047619047616,10,15,0.9
progressive/rome_benchmark/grafo1723.10,12,8,closeness,0.7222222222222222,1.0,0.47222222222222215,1.25,1.25,0.41666666666666663,10,15,0.9
progressive/rome_benchmark/grafo1723.10,12,8,betweeness,0.7777777777777778,1.0,0.47222222222222215,6.0,1.5,0.47619047619047616,10,15,0.9
progressive/rome_benchmark/grafo1723.10,12,8,rmc,0.7777777777777777,-0.5,0.47222222222222215,0,0,0.0,10,15,1.0
progressive/rome_benchmark/grafo1723.10,12,8,random,0.7777777777777778,1.0,0.47222222222222215,6.0,1.5,0.47619047619047616,10,15,0.9
progressive/rome_benchmark/grafo1723.10,12,8,spectral,0.5555555555555555,0.37254901960784315,0.47222222222222215,1.25,0.375,0.55,10,15,1.0
progressive/rome_benchmark/grafo1723.10,14,9,degree,0.8666666666666666,1.0,0.47222222222222215,0.8333333333333334,0.375,0.75,10,15,1.0
progressive/rome_benchmark/grafo1723.10,14,9,closeness,0.7333333333333333,1.0,0.47222222222222215,1.5,1.5,0.47619047619047616,10,15,1.0
progressive/rome_benchmark/grafo1723.10,14,9,betweeness,0.8666666666666666,1.0,0.47222222222222215,0.8333333333333334,0.375,0.75,10,15,1.0
progressive/rome_benchmark/grafo1723.10,14,9,rmc,0.8222222222222221,1.0,0.47222222222222215,0.3125,0.3125,0.875,10,15,1.0
progressive/rome_benchmark/grafo1723.10,14,9,random,0.7333333333333333,1.0,0.47222222222222215,1.5,1.5,0.47619047619047616,10,15,1.0
progressive/rome_benchmark/grafo1723.10,14,9,spectral,0.8666666666666666,1.0,0.47222222222222215,0.8333333333333334,0.375,0.75,10,15,1.0
progressive/rome_benchmark/grafo1723.10,15,10,degree,0.9999999999999999,1.0,0.47222222222222215,0.47222222222222215,0.47222222222222215,1.0,10,15,1.0
progressive/rome_benchmark/grafo1723.10,15,10,closeness,0.9999999999999999,1.0,0.47222222222222215,0.47222222222222215,0.47222222222222215,1.0,10,15,1.0
progressive/rome_benchmark/grafo1723.10,15,10,betweeness,0.9999999999999999,1.0,0.47222222222222215,0.47222222222222215,0.47222222222222215,1.0,10,15,1.0
progressive/rome_benchmark/grafo1723.10,15,10,rmc,0.9999999999999999,1.0,0.47222222222222215,0.47222222222222215,0.47222222222222215,1.0,10,15,1.0
progressive/rome_benchmark/grafo1723.10,15,10,random,0.9999999999999999,1.0,0.47222222222222215,0.47222222222222215,0.47222222222222215,1.0,10,15,1.0
progressive/rome_benchmark/grafo1723.10,15,10,spectral,0.9999999999999999,1.0,0.47222222222222215,0.47222222222222215,0.47222222222222215,1.0,10,15,1.0
progressive/rome_benchmark/grafo11557.95,14,1,degree,0.35,0.0,0.21875,4.0,0.36666666666666664,0.2888888888888889,95,133,0.16842105263157894
progressive/rome_benchmark/grafo11557.95,14,1,closeness,0.4210526315789474,0.0,0.21875,1.125,0.3125,0.06666666666666667,95,133,0.21052631578947367
progressive/rome_benchmark/grafo11557.95,14,1,betweeness,0.5047619047619049,0.0,0.21875,2.25,0.25,0.06666666666666667,95,133,0.15789473684210525
progressive/rome_benchmark/grafo11557.95,14,1,rmc,0.5238095238095238,0.0,0.21875,4.5,0.75,0.2222222222222222,95,133,0.15789473684210525
progressive/rome_benchmark/grafo11557.95,14,1,random,0.5147058823529411,0.0,0.21875,5.0,5.0,0.0,95,133,0.17894736842105263
progressive/rome_benchmark/grafo11557.95,14,1,spectral,0.3,0.0,0.21875,1.125,0.225,0.0,95,133,0.16842105263157894
progressive/rome_benchmark/grafo11557.95,27,2,degree,0.5954415954415955,0.0,0.21875,2.0833333333333335,1.0555555555555556,0.2222222222222222,95,133,0.28421052631578947
progressive/rome_benchmark/grafo11557.95,27,2,closeness,0.42857142857142855,-0.5,0.21875,0,0,0.0,95,133,0.3684210526315789
progressive/rome_benchmark/grafo11557.95,27,2,betweeness,0.49287749287749294,0.0,0.21875,1.375,0.375,0.06666666666666667,95,133,0.28421052631578947
progressive/rome_benchmark/grafo11557.95,27,2,rmc,0.6296296296296297,0.0,0.21875,4.333333333333333,0.3174603174603174,0.27777777777777773,95,133,0.28421052631578947
progressive/rome_benchmark/grafo11557.95,27,2,random,0.4497354497354497,0.0,0.21875,1.25,0.075,0.05555555555555555,95,133,0.29473684210526313
progressive/rome_benchmark/grafo11557.95,27,2,spectral,0.5261538461538462,0.0,0.21875,1.9,0.26,0.0,95,133,0.2736842105263158
progressive/rome_benchmark/grafo11557.95,40,3,degree,0.647226173541963,0.3333333333333333,0.21875,2.0625,2.0625,0.2222222222222222,95,133,0.4
progressive/rome_benchmark/grafo11557.95,40,3,closeness,0.5813953488372092,-0.5,0.21875,0,0,0.0,95,133,0.4631578947368421
progressive/rome_benchmark/grafo11557.95,40,3,betweeness,0.51417004048583,0.0,0.21875,0.5,0.14583333333333334,0.06666666666666667,95,133,0.4105263157894737
progressive/rome_benchmark/grafo11557.95,40,3,rmc,0.630229419703104,0.3333333333333333,0.21875,1.375,0.8333333333333334,0.3333333333333333,95,133,0.4105263157894737
progressive/rome_benchmark/grafo11557.95,40,3,random,0.5749128919860628,0.0,0.21875,0.5833333333333334,0.075,0.05555555555555555,95,133,0.4421052631578947
progressive/rome_benchmark/grafo11557.95,40,3,spectral,0.49644381223328593,0.0,0.21875,1.8333333333333333,0.07407407407407407,0.06666666666666667,95,133,0.4
progressive/rome_benchmark/grafo11557.95,54,4,degree,0.6702127659574468,0.3333333333333333,0.21875,1.75,1.0,0.3888888888888889,95,133,0.5052631578947369
progressive/rome_benchmark/grafo11557.95,54,4,closeness,0.6371552975326561,0.0,0.21875,0.5,0.14583333333333334,0.06666666666666667,95,133,0.5578947368421052
progressive/rome_benchmark/grafo11557.95,54,4,betweeness,0.6719858156028369,0.0,0.21875,0.5833333333333334,0.375,0.06666666666666667,95,133,0.5052631578947369
progressive/rome_benchmark/grafo11557.95,54,4,rmc,0.6458635703918724,0.3333333333333333,0.21875,1.4375,0.45,0.3333333333333333,95,133,0.5578947368421052
progressive/rome_benchmark/grafo11557.95,54,4,random,0.6653061224489796,0.0,0.21875,0.5,0.3125,0.0,95,133,0.5263157894736842
progressive/rome_benchmark/grafo11557.95,54,4,spectral,0.5722448979591837,0.0,0.21875,0.5,0.14583333333333334,0.0,95,133,0.5263157894736842
progressive/rome_benchmark/grafo11557.95,67,5,degree,0.684395090590298,0.3333333333333333,0.21875,0.6,0.3333333333333333,0.3888888888888889,95,133,0.6210526315789474
progressive/rome_benchmark/grafo11557.95,67,5,closeness,0.6573241671073508,1.0,0.21875,0.275,0.1328125,0.20000000000000004,95,133,0.6526315789473685
progressive/rome_benchmark/grafo11557.95,67,5,betweeness,0.6805807622504536,1.0,0.21875,0.28888888888888886,0.16666666666666669,0.26666666666666666,95,133,0.6105263157894737
progressive/rome_benchmark/grafo11557.95,67,5,rmc,0.6666666666666666,0.3333333333333333,0.21875,1.375,0.8333333333333334,0.3333333333333333,95,133,0.631578947368421
progressive/rome_benchmark/grafo11557.95,67,5,random,0.6498015873015873,1.0,0.21875,0.25,0.0787037037037037,0.31666666666666665,95,133,0.6736842105263158
progressive/rome_benchmark/grafo11557.95,67,5,spectral,0.6399766218585622,0.0,0.21875,0.29166666666666663,0.17261904761904762,0.0,95,133,0.6210526315789474
progressive/rome_benchmark/grafo11557.95,80,6,degree,0.7096336499321575,0.3334490539836834,0.21875,0.2847222222222222,0.11057692307692307,0.5333333333333333,95,133,0.7052631578947368
progressive/rome_benchmark/grafo11557.95,80,6,closeness,0.6595573440643864,1.0,0.21875,0.35416666666666663,0.25,0.19999999999999998,95,133,0.7473684210526316
progressive/rome_benchmark/grafo11557.95,80,6,betweeness,0.6595573440643864,1.0,0.21875,0.35416666666666663,0.25,0.19999999999999998,95,133,0.7473684210526316
progressive/rome_benchmark/grafo11557.95,80,6,rmc,0.7426573426573426,1.0,0.21875,0.29464285714285715,0.203125,0.7333333333333334,95,133,0.6947368421052632
progressive/rome_benchmark/grafo11557.95,80,6,random,0.7664618086040385,1.0,0.21875,0.43333333333333335,0.3,0.13333333333333333,95,133,0.7157894736842105
progressive/rome_benchmark/grafo11557.95,80,6,spectral,0.6969696969696969,0.0,0.21875,0.3125,0.15277777777777776,0.0,95,133,0.6947368421052632
progressive/rome_benchmark/grafo11557.95,94,7,degree,0.8203957382039574,0.33352858862963325,0.21875,0.39,0.228125,0.5833333333333334,95,133,0.7684210526315789
progressive/rome_benchmark/grafo11557.95,94,7,closeness,0.7564912280701755,1.0,0.21875,0.3333333333333333,0.17708333333333334,0.19999999999999998,95,133,0.8
progressive/rome_benchmark/grafo11557.95,94,7,betweeness,0.7564912280701755,1.0,0.21875,0.3333333333333333,0.17708333333333334,0.19999999999999998,95,133,0.8
progressive/rome_benchmark/grafo11557.95,94,7,rmc,0.7498291182501707,1.0,0.21875,0.24553571428571427,0.12083333333333333,1.0,95,133,0.8105263157894737
progressive/rome_benchmark/grafo11557.95,94,7,random,0.8021052631578949,0.3340771314592059,0.21875,0.14166666666666666,0.11631944444444443,0.9166666666666666,95,133,0.8
progressive/rome_benchmark/grafo11557.95,94,7,spectral,0.8030359126249538,0.0,0.21875,0.25833333333333336,0.175,0.0,95,133,0.7789473684210526
progressive/rome_benchmark/grafo11557.95,107,8,degree,0.8428184281842819,1.0,0.21875,0.37202380952380953,0.26171875,0.5833333333333334,95,133,0.8631578947368421
progressive/rome_benchmark/grafo11557.95,107,8,closeness,0.8330884513664413,1.0,0.21875,0.1488095238095238,0.08854166666666667,0.25,95,133,0.8736842105263158
progressive/rome_benchmark/grafo11557.95,107,8,betweeness,0.8330884513664413,1.0,0.21875,0.1488095238095238,0.08854166666666667,0.25,95,133,0.8736842105263158
progressive/rome_benchmark/grafo11557.95,107,8,rmc,0.8054657655010284,1.0,0.21875,0.1849206349206349,0.1409090909090909,1.0,95,133,0.8736842105263158
progressive/rome_benchmark/grafo11557.95,107,8,random,0.7893557422969187,1.0,0.21875,0.20714285714285713,0.16666666666666666,0.3333333333333333,95,133,0.8947368421052632
progressive/rome_benchmark/grafo11557.95,107,8,spectral,0.8848101265822783,0.0,0.21875,0.4583333333333333,0.35,0.0,95,133,0.8421052631578947
progressive/rome_benchmark/grafo11557.95,120,9,degree,0.91901776384535,1.0,0.21875,0.18551587301587302,0.13920454545454544,0.9166666666666666,95,133,0.9263157894736842
progressive/rome_benchmark/grafo11557.95,120,9,closeness,0.9060265577119511,0.33401587879237654,0.21875,0.18551587301587302,0.13920454545454544,0.9166666666666666,95,133,0.9368421052631579
progressive/rome_benchmark/grafo11557.95,120,9,betweeness,0.9060265577119511,0.33401587879237654,0.21875,0.18551587301587302,0.13920454545454544,0.9166666666666666,95,133,0.9368421052631579
progressive/rome_benchmark/grafo11557.95,120,9,rmc,0.8934169278996866,1.0,0.21875,0.18611111111111112,0.18611111111111112,0.9333333333333332,95,133,0.9263157894736842
progressive/rome_benchmark/grafo11557.95,120,9,random,0.897344228804903,1.0,0.21875,0.5,0.5,0.6666666666666666,95,133,0.9368421052631579
progressive/rome_benchmark/grafo11557.95,120,9,spectral,0.9508152900294038,1.0,0.21875,0.1021825396825397,0.07670454545454546,0.5833333333333334,95,133,0.9157894736842105
progressive/rome_benchmark/grafo11557.95,133,10,degree,1.0,1.0,0.21875,0.21875,0.21875,1.0,95,133,1.0
progressive/rome_benchmark/grafo11557.95,133,10,closeness,1.0,1.0,0.21875,0.21875,0.21875,1.0,95,133,1.0
progressive/rome_benchmark/grafo11557.95,133,10,betweeness,1.0,1.0,0.21875,0.21875,0.21875,1.0,95,133,1.0
progressive/rome_benchmark/grafo11557.95,133,10,rmc,1.0,1.0,0.21875,0.21875,0.21875,1.0,95,133,1.0
progressive/rome_benchmark/grafo11557.95,133,10,random,1.0,1.0,0.21875,0.21875,0.21875,1.0,95,133,1.0
progressive/rome_benchmark/grafo11557.95,133,10,spectral,1.0,1.0,0.21875,0.21875,0.21875,1.0,95,133,1.0
progressive/rome_benchmark/grafo10305.100,14,1,degree,0.3523809523809524,-0.26315789473684204,0.06004709576138148,5.0,0.23611111111111108,0.11224489795918367,100,140,0.15
progressive/rome_benchmark/grafo10305.100,14,1,closeness,0.16176470588235295,-0.5,0.06004709576138148,0,0,0.0,100,140,0.17
progressive/rome_benchmark/grafo10305.100,14,1,betweeness,0.3523809523809524,-0.26315789473684204,0.06004709576138148,5.0,0.23611111111111108,0.11224489795918367,100,140,0.15
progressive/rome_benchmark/grafo10305.100,14,1,rmc,0.4502923976608187,0.0,0.06004709576138148,4.0,0.0625,0.02040816326530612,100,140,0.19
progressive/rome_benchmark/grafo10305.100,14,1,random,0.08496732026143793,0.0,0.06004709576138148,4.0,4.0,0.014285714285714287,100,140,0.18
progressive/rome_benchmark/grafo10305.100,14,1,spectral,0.37142857142857144,0.0,0.06004709576138148,1.25,0.16402116402116404,0.02040816326530612,100,140,0.15
progressive/rome_benchmark/grafo10305.100,28,2,degree,0.2328042328042328,1.0,0.06004709576138148,0.5694444444444444,0.14236111111111108,0.1142857142857143,100,140,0.28
progressive/rome_benchmark/grafo10305.100,28,2,closeness,0.21937321937321938,-0.8876404494382023,0.06004709576138148,1.75,0.18783068783068782,0.1845238095238095,100,140,0.27
progressive/rome_benchmark/grafo10305.100,28,2,betweeness,0.167816091954023,-0.26315789473684204,0.06004709576138148,1.625,0.10416666666666666,0.1770975056689342,100,140,0.3
progressive/rome_benchmark/grafo10305.100,28,2,rmc,0.45454545454545453,0.0,0.06004709576138148,4.0,4.0,0.0,100,140,0.33
progressive/rome_benchmark/grafo10305.100,28,2,random,0.22758620689655176,0.0,0.06004709576138148,0.75,0.75,0.0,100,140,0.3
progressive/rome_benchmark/grafo10305.100,28,2,spectral,0.4656084656084656,0.0,0.06004709576138148,1.0,1.0,0.0,100,140,0.28
progressive/rome_benchmark/grafo10305.100,42,3,degree,0.4866310160427808,0.6962025316455697,0.06004709576138148,1.875,0.20833333333333334,0.22681921253349824,100,140,0.34
progressive/rome_benchmark/grafo10305.100,42,3,closeness,0.41848739495798315,0.23529411764705888,0.06004709576138148,0.9166666666666666,0.23214285714285715,0.22681921253349824,100,140,0.35
progressive/rome_benchmark/grafo10305.100,42,3,betweeness,0.4224021592442645,0.22077922077922082,0.06004709576138148,0.675,0.08743589743589744,0.1988095238095238,100,140,0.39
progressive/rome_benchmark/grafo10305.100,42,3,rmc,0.6321353065539111,0.0,0.06004709576138148,4.0,4.0,0.0,100,140,0.44
progressive/rome_benchmark/grafo10305.100,42,3,random,0.39313399778516056,1.0,0.06004709576138148,1.5,0.35000000000000003,0.10544217687074829,100,140,0.43
progressive/rome_benchmark/grafo10305.100,42,3,spectral,0.5106685633001423,1.0,0.06004709576138148,2.0833333333333335,0.2239858906525573,0.1383219954648526,100,140,0.38
progressive/rome_benchmark/grafo10305.100,56,4,degree,0.5725359911406422,0.33333333333333337,0.06004709576138148,0.2920634920634921,0.1257631257631258,0.3464285714285715,100,140,0.43
progressive/rome_benchmark/grafo10305.100,56,4,closeness,0.6194503171247357,0.12373225152129824,0.06004709576138148,0.20761904761904762,0.10036630036630038,0.27959183673469384,100,140,0.44
progressive/rome_benchmark/grafo10305.100,56,4,betweeness,0.557487922705314,0.27272727272727276,0.06004709576138148,0.675,0.21190476190476196,0.20674603174603176,100,140,0.46
progressive/rome_benchmark/grafo10305.100,56,4,rmc,0.6203389830508474,-1.0,0.06004709576138148,0.3833333333333333,0.16666666666666666,0.08571428571428572,100,140,0.6
progressive/rome_benchmark/grafo10305.100,56,4,random,0.6904761904761905,0.33333333333333337,0.06004709576138148,0.265,0.06895604395604395,0.22448979591836735,100,140,0.49
progressive/rome_benchmark/grafo10305.100,56,4,spectral,0.5689176688251619,0.008849557522123925,0.06004709576138148,0.35000000000000003,0.155,0.23832199546485258,100,140,0.47
progressive/rome_benchmark/grafo10305.100,70,5,degree,0.7393617021276596,0.33333333333333337,0.06004709576138148,0.13916666666666666,0.07204861111111112,0.3954081632653062,100,140,0.48
progressive/rome_benchmark/grafo10305.100,70,5,closeness,0.6935064935064935,0.9702057223930006,0.06004709576138148,0.1307098765432099,0.05189043209876543,0.4719387755102041,100,140,0.56
progressive/rome_benchmark/grafo10305.100,70,5,betweeness,0.6800000000000002,0.9701492537313433,0.06004709576138148,0.16774891774891773,0.11921768707482992,0.2798237476808905,100,140,0.51
progressive/rome_benchmark/grafo10305.100,70,5,rmc,0.6760443307757885,-1.0,0.06004709576138148,0.625,0.2125,0.07142857142857142,100,140,0.69
progressive/rome_benchmark/grafo10305.100,70,5,random,0.7239057239057239,0.9098497495826378,0.06004709576138148,0.31481481481481477,0.21388888888888888,0.2857142857142857,100,140,0.55
progressive/rome_benchmark/grafo10305.100,70,5,spectral,0.7300435413642962,-0.19999999999999993,0.06004709576138148,0.2962962962962963,0.20555555555555552,0.2729591836734694,100,140,0.53
progressive/rome_benchmark/grafo10305.100,84,6,degree,0.7870538415003023,0.944954128440367,0.06004709576138148,0.13282828282828285,0.08804563492063493,0.39897959183673476,100,140,0.58
progressive/rome_benchmark/grafo10305.100,84,6,closeness,0.7349896480331264,0.3617560151962853,0.06004709576138148,0.16527777777777777,0.06699346405228758,0.3841836734693877,100,140,0.7
progressive/rome_benchmark/grafo10305.100,84,6,betweeness,0.7440507667900582,1.0,0.06004709576138148,0.15711805555555555,0.14262820512820512,0.2798237476808905,100,140,0.62
progressive/rome_benchmark/grafo10305.100,84,6,rmc,0.6189548847776696,1.0,0.06004709576138148,0.3208333333333333,0.10354166666666668,0.13945578231292516,100,140,0.79
progressive/rome_benchmark/grafo10305.100,84,6,random,0.6933333333333334,0.0,0.06004709576138148,0.35,0.2638888888888889,0.05714285714285715,100,140,0.76
progressive/rome_benchmark/grafo10305.100,84,6,spectral,0.8474576271186441,0.6477286812716666,0.06004709576138148,0.08732993197278913,0.04606625258799172,0.5634920634920635,100,140,0.6
progressive/rome_benchmark/grafo10305.100,98,7,degree,0.8012072434607647,0.9753993337319552,0.06004709576138148,0.06362745098039214,0.04456521739130435,0.6091836734693878,100,140,0.71
progressive/rome_benchmark/grafo10305.100,98,7,closeness,0.7880701754385966,0.27793696275071633,0.06004709576138148,0.0638095238095238,0.03896103896103896,0.46632653061224494,100,140,0.76
progressive/rome_benchmark/grafo10305.100,98,7,betweeness,0.7880701754385966,0.27793696275071633,0.06004709576138148,0.0638095238095238,0.03896103896103896,0.46632653061224494,100,140,0.76
progressive/rome_benchmark/grafo10305.100,98,7,rmc,0.6828631138975967,-0.33333333333333326,0.06004709576138148,0.17222222222222225,0.08796296296296297,0.16428571428571428,100,140,0.88
progressive/rome_benchmark/grafo10305.100,98,7,random,0.8028070175438597,0.2658806324833196,0.06004709576138148,0.1798611111111111,0.09282879818594104,0.33078231292517,100,140,0.76
progressive/rome_benchmark/grafo10305.100,98,7,spectral,0.8261569416498995,0.934075557951458,0.06004709576138148,0.0928193499622071,0.04532312925170068,0.7420634920634921,100,140,0.71
progressive/rome_benchmark/grafo10305.100,112,8,degree,0.8544303797468353,0.9902842600038132,0.06004709576138148,0.08853021978021978,0.06551995798319328,0.7367346938775511,100,140,0.8
progressive/rome_benchmark/grafo10305.100,112,8,closeness,0.8617326448651751,0.4393075786362677,0.06004709576138148,0.04687499999999999,0.029211956521739132,0.6663265306122448,100,140,0.84
progressive/rome_benchmark/grafo10305.100,112,8,betweeness,0.8617326448651751,0.4393075786362677,0.06004709576138148,0.04687499999999999,0.029211956521739132,0.6663265306122448,100,140,0.84
progressive/rome_benchmark/grafo10305.100,112,8,rmc,0.8207570207570207,1.0,0.06004709576138148,0.16145833333333331,0.06717687074829931,0.198015873015873,100,140,0.91
progressive/rome_benchmark/grafo10305.100,112,8,random,0.8577725536291507,1.0,0.06004709576138148,0.06607142857142857,0.05433673469387755,0.6285714285714287,100,140,0.83
progressive/rome_benchmark/grafo10305.100,112,8,spectral,0.8493670886075949,1.0,0.06004709576138148,0.061916208791208786,0.05223214285714286,0.8571428571428571,100,140,0.8
progressive/rome_benchmark/grafo10305.100,126,9,degree,0.9247648902821317,0.7170357406778176,0.06004709576138148,0.09786641929499072,0.08886054421768708,0.7428571428571429,100,140,0.88
progressive/rome_benchmark/grafo10305.100,126,9,closeness,0.9316770186335404,0.9738917595866194,0.06004709576138148,0.06113172541743971,0.04518950437317785,0.6255102040816327,100,140,0.92
progressive/rome_benchmark/grafo10305.100,126,9,betweeness,0.9316770186335404,0.9738917595866194,0.06004709576138148,0.06113172541743971,0.04518950437317785,0.6255102040816327,100,140,0.92
progressive/rome_benchmark/grafo10305.100,126,9,rmc,0.9185541066117593,1.0,0.06004709576138148,0.04897959183673469,0.041294642857142856,0.4785714285714286,100,140,0.94
progressive/rome_benchmark/grafo10305.100,126,9,random,0.9088359046283309,0.9989211240538763,0.06004709576138148,0.10119047619047619,0.08541666666666665,0.5918367346938774,100,140,0.93
progressive/rome_benchmark/grafo10305.100,126,9,spectral,0.9177732379979572,0.632231309432881,0.06004709576138148,0.09215167548500883,0.09215167548500883,0.9642857142857143,100,140,0.89
progressive/rome_benchmark/grafo10305.100,140,10,degree,1.0,1.0,0.06004709576138148,0.06004709576138148,0.06004709576138148,1.0,100,140,1.0
progressive/rome_benchmark/grafo10305.100,140,10,closeness,1.0,1.0,0.06004709576138148,0.06004709576138148,0.06004709576138148,1.0,100,140,1.0
progressive/rome_benchmark/grafo10305.100,140,10,betweeness,1.0,1.0,0.06004709576138148,0.06004709576138148,0.06004709576138148,1.0,100,140,1.0
progressive/rome_benchmark/grafo10305.100,140,10,rmc,1.0,1.0,0.06004709576138148,0.06004709576138148,0.06004709576138148,1.0,100,140,1.0
progressive/rome_benchmark/grafo10305.100,140,10,random,1.0,1.0,0.06004709576138148,0.06004709576138148,0.06004709576138148,1.0,100,140,1.0
progressive/rome_benchmark/grafo10305.100,140,10,spectral,1.0,1.0,0.06004709576138148,0.06004709576138148,0.06004709576138148,1.0,100,140,1.0
progressive/rome_benchmark/grafo2192.16,2,1,degree,0.33333333333333337,-0.5,2.8333333333333335,0,0,0.0,16,18,0.1875
progressive/rome_benchmark/grafo2192.16,2,1,closeness,-0.6666666666666669,-0.5,2.8333333333333335,0,0,0.0,16,18,0.25
progressive/rome_benchmark/grafo2192.16,2,1,betweeness,0.33333333333333337,-0.5,2.8333333333333335,0,0,0.0,16,18,0.1875
progressive/rome_benchmark/grafo2192.16,2,1,rmc,0.33333333333333337,-0.5,2.8333333333333335,0,0,0.0,16,18,0.1875
progressive/rome_benchmark/grafo2192.16,2,1,random,-0.33333333333333337,-0.5,2.8333333333333335,0,0,0.0,16,18,0.1875
progressive/rome_benchmark/grafo2192.16,2,1,spectral,0.33333333333333337,-0.5,2.8333333333333335,0,0,0.0,16,18,0.1875
progressive/rome_benchmark/grafo2192.16,4,2,degree,0.19999999999999998,1.0,2.8333333333333335,4.0,0.4444444444444444,0.13333333333333333,16,18,0.3125
progressive/rome_benchmark/grafo2192.16,4,2,closeness,0.7333333333333333,-0.5,2.8333333333333335,0,0,0.0,16,18,0.375
progressive/rome_benchmark/grafo2192.16,4,2,betweeness,0.19999999999999998,1.0,2.8333333333333335,4.0,0.4444444444444444,0.13333333333333333,16,18,0.3125
progressive/rome_benchmark/grafo2192.16,4,2,rmc,0.6,-0.5,2.8333333333333335,0,0,0.0,16,18,0.3125
progressive/rome_benchmark/grafo2192.16,4,2,random,0.2,-0.33333333333333326,2.8333333333333335,3.0,0.3333333333333333,0.3333333333333333,16,18,0.375
progressive/rome_benchmark/grafo2192.16,4,2,spectral,0.6,-0.5,2.8333333333333335,0,0,0.0,16,18,0.3125
progressive/rome_benchmark/grafo2192.16,6,3,degree,0.21428571428571427,1.0,2.8333333333333335,4.0,0.4444444444444444,0.13333333333333333,16,18,0.5
progressive/rome_benchmark/grafo2192.16,6,3,closeness,0.42857142857142855,1.0,2.8333333333333335,4.0,0.4444444444444444,0.13333333333333333,16,18,0.5
progressive/rome_benchmark/grafo2192.16,6,3,betweeness,0.21428571428571427,1.0,2.8333333333333335,4.0,0.4444444444444444,0.13333333333333333,16,18,0.5
progressive/rome_benchmark/grafo2192.16,6,3,rmc,0.23809523809523814,0.3333333333333334,2.8333333333333335,3.0,3.0,0.25,16,18,0.4375
progressive/rome_benchmark/grafo2192.16,6,3,random,0.23809523809523814,1.0,2.8333333333333335,5.0,0.5555555555555556,0.19999999999999998,16,18,0.4375
progressive/rome_benchmark/grafo2192.16,6,3,spectral,0.23809523809523814,0.3333333333333334,2.8333333333333335,3.0,3.0,0.25,16,18,0.4375
progressive/rome_benchmark/grafo2192.16,8,4,degree,0.5555555555555555,0.4545454545454546,2.8333333333333335,3.5,0.35416666666666663,0.3833333333333333,16,18,0.625
progressive/rome_benchmark/grafo2192.16,8,4,closeness,0.4666666666666666,1.0,2.8333333333333335,4.0,0.4444444444444444,0.13333333333333333,16,18,0.625
progressive/rome_benchmark/grafo2192.16,8,4,betweeness,0.5555555555555555,0.4545454545454546,2.8333333333333335,3.5,0.35416666666666663,0.3833333333333333,16,18,0.625
progressive/rome_benchmark/grafo2192.16,8,4,rmc,0.4444444444444444,1.0,2.8333333333333335,3.0,3.0,0.25,16,18,0.5625
progressive/rome_benchmark/grafo2192.16,8,4,random,0.5555555555555555,1.0,2.8333333333333335,5.0,0.5555555555555556,0.19999999999999998,16,18,0.625
progressive/rome_benchmark/grafo2192.16,8,4,spectral,0.4444444444444444,1.0,2.8333333333333335,3.0,3.0,0.25,16,18,0.5625
progressive/rome_benchmark/grafo2192.16,9,5,degree,0.8666666666666666,0.6862745098039216,2.8333333333333335,4.0,1.5,0.4666666666666666,16,18,0.625
progressive/rome_benchmark/grafo2192.16,9,5,closeness,0.4909090909090909,0.4545454545454546,2.8333333333333335,3.5,0.7222222222222222,0.3833333333333333,16,18,0.6875
progressive/rome_benchmark/grafo2192.16,9,5,betweeness,0.8666666666666666,0.6862745098039216,2.8333333333333335,4.0,1.5,0.4666666666666666,16,18,0.625
progressive/rome_benchmark/grafo2192.16,9,5,rmc,0.7222222222222222,0.3333333333333333,2.8333333333333335,3.5,1.375,0.6666666666666666,16,18,0.5625
progressive/rome_benchmark/grafo2192.16,9,5,random,0.4909090909090909,0.3333333333333334,2.8333333333333335,3.0,3.0,0.25,16,18,0.6875
progressive/rome_benchmark/grafo2192.16,9,5,spectral,0.7222222222222222,0.3333333333333333,2.8333333333333335,3.5,1.375,0.6666666666666666,16,18,0.5625
progressive/rome_benchmark/grafo2192.16,11,6,degree,0.4545454545454545,0.37254901960784315,2.8333333333333335,4.0,4.0,0.4666666666666666,16,18,0.75
progressive/rome_benchmark/grafo2192.16,11,6,closeness,0.7948717948717947,0.37254901960784315,2.8333333333333335,4.0,4.0,0.4666666666666666,16,18,0.8125
progressive/rome_benchmark/grafo2192.16,11,6,betweeness,0.7948717948717947,0.37254901960784315,2.8333333333333335,4.0,4.0,0.4666666666666666,16,18,0.8125
progressive/rome_benchmark/grafo2192.16,11,6,rmc,0.45454545454545453,0.3333333333333333,2.8333333333333335,3.5,1.375,0.6666666666666666,16,18,0.6875
progressive/rome_benchmark/grafo2192.16,11,6,random,0.7272727272727272,0.44946236559139785,2.8333333333333335,3.5,3.5,0.6666666666666666,16,18,0.75
progressive/rome_benchmark/grafo2192.16,11,6,spectral,0.45454545454545453,0.3333333333333333,2.8333333333333335,3.5,1.375,0.6666666666666666,16,18,0.6875
progressive/rome_benchmark/grafo2192.16,13,7,degree,0.7878787878787877,1.0,2.8333333333333335,3.1666666666666665,3.1666666666666665,0.7999999999999999,16,18,0.75
progressive/rome_benchmark/grafo2192.16,13,7,closeness,0.8021978021978022,0.44946236559139785,2.8333333333333335,3.5,3.5,0.6666666666666666,16,18,0.875
progressive/rome_benchmark/grafo2192.16,13,7,betweeness,0.8021978021978022,0.44946236559139785,2.8333333333333335,3.5,3.5,0.6666666666666666,16,18,0.875
progressive/rome_benchmark/grafo2192.16,13,7,rmc,0.606060606060606,0.3545217257792108,2.8333333333333335,2.8333333333333335,0.5,0.8333333333333334,16,18,0.75
progressive/rome_benchmark/grafo2192.16,13,7,random,0.769230769230769,0.7894736842105263,2.8333333333333335,3.5,1.375,0.5833333333333334,16,18,0.8125
progressive/rome_benchmark/grafo2192.16,13,7,spectral,0.606060606060606,0.3545217257792108,2.8333333333333335,2.8333333333333335,0.5,0.8333333333333334,16,18,0.75
progressive/rome_benchmark/grafo2192.16,15,8,degree,0.9340659340659341,1.0,2.8333333333333335,3.1666666666666665,3.1666666666666665,0.7999999999999999,16,18,0.875
progressive/rome_benchmark/grafo2192.16,15,8,closeness,0.8476190476190477,0.4796747967479675,2.8333333333333335,4.0,4.0,0.5833333333333334,16,18,0.9375
progressive/rome_benchmark/grafo2192.16,15,8,betweeness,0.8476190476190477,0.4796747967479675,2.8333333333333335,4.0,4.0,0.5833333333333334,16,18,0.9375
progressive/rome_benchmark/grafo2192.16,15,8,rmc,0.769230769230769,1.0,2.8333333333333335,3.1666666666666665,0.7592592592592592,0.9166666666666666,16,18,0.8125
progressive/rome_benchmark/grafo2192.16,15,8,random,0.8476190476190477,0.4796747967479675,2.8333333333333335,4.0,4.0,0.5833333333333334,16,18,0.9375
progressive/rome_benchmark/grafo2192.16,15,8,spectral,0.769230769230769,1.0,2.8333333333333335,3.1666666666666665,0.7592592592592592,0.9166666666666666,16,18,0.8125
progressive/rome_benchmark/grafo2192.16,17,9,degree,0.980952380952381,1.0,2.8333333333333335,2.8333333333333335,2.8333333333333335,1.0,16,18,0.9375
progressive/rome_benchmark/grafo2192.16,17,9,closeness,0.7999999999999999,0.4796747967479675,2.8333333333333335,4.0,4.0,0.5833333333333334,16,18,1.0
progressive/rome_benchmark/grafo2192.16,17,9,betweeness,0.7999999999999999,0.4796747967479675,2.8333333333333335,4.0,4.0,0.5833333333333334,16,18,1.0
progressive/rome_benchmark/grafo2192.16,17,9,rmc,0.8166666666666667,1.0,2.8333333333333335,3.1666666666666665,3.1666666666666665,0.9166666666666666,16,18,1.0
progressive/rome_benchmark/grafo2192.16,17,9,random,0.7999999999999999,0.4796747967479675,2.8333333333333335,4.0,4.0,0.5833333333333334,16,18,1.0
progressive/rome_benchmark/grafo2192.16,17,9,spectral,0.8166666666666667,1.0,2.8333333333333335,3.1666666666666665,3.1666666666666665,0.9166666666666666,16,18,1.0
progressive/rome_benchmark/grafo2192.16,18,10,degree,1.0,1.0,2.8333333333333335,2.8333333333333335,2.8333333333333335,1.0,16,18,1.0
progressive/rome_benchmark/grafo2192.16,18,10,closeness,1.0,1.0,2.8333333333333335,2.8333333333333335,2.8333333333333335,1.0,16,18,1.0
progressive/rome_benchmark/grafo2192.16,18,10,betweeness,1.0,1.0,2.8333333333333335,2.8333333333333335,2.8333333333333335,1.0,16,18,1.0
progressive/rome_benchmark/grafo2192.16,18,10,rmc,1.0,1.0,2.8333333333333335,2.8333333333333335,2.8333333333333335,1.0,16,18,1.0
progressive/rome_benchmark/grafo2192.16,18,10,random,1.0,1.0,2.8333333333333335,2.8333333333333335,2.8333333333333335,1.0,16,18,1.0
progressive/rome_benchmark/grafo2192.16,18,10,spectral,1.0,1.0,2.8333333333333335,2.8333333333333335,2.8333333333333335,1.0,16,18,1.0
progressive/rome_benchmark/grafo5260.35,6,1,degree,0.14285714285714288,1.0,0.3742857142857143,5.0,0.3125,0.09523809523809523,35,53,0.2
progressive/rome_benchmark/grafo5260.35,6,1,closeness,0.0,-0.5,0.3742857142857143,0,0,0.0,35,53,0.22857142857142856
progressive/rome_benchmark/grafo5260.35,6,1,betweeness,0.14285714285714288,1.0,0.3742857142857143,5.0,0.3125,0.09523809523809523,35,53,0.2
progressive/rome_benchmark/grafo5260.35,6,1,rmc,0.05555555555555555,0.0,0.3742857142857143,3.0,0.1875,0.028571428571428574,35,53,0.2571428571428571
progressive/rome_benchmark/grafo5260.35,6,1,random,0.33333333333333337,0.0,0.3742857142857143,3.0,0.75,0.014285714285714287,35,53,0.2
progressive/rome_benchmark/grafo5260.35,6,1,spectral,0.3333333333333333,0.3333333333333334,0.3742857142857143,4.0,4.0,0.12012987012987013,35,53,0.17142857142857143
progressive/rome_benchmark/grafo5260.35,11,2,degree,0.3636363636363636,0.9950124688279302,0.3742857142857143,4.5,4.5,0.15238095238095237,35,53,0.34285714285714286
progressive/rome_benchmark/grafo5260.35,11,2,closeness,0.3636363636363636,1.0,0.3742857142857143,5.0,5.0,0.09523809523809523,35,53,0.34285714285714286
progressive/rome_benchmark/grafo5260.35,11,2,betweeness,0.38181818181818183,0.6617405582922824,0.3742857142857143,3.0,0.4479166666666667,0.14880952380952378,35,53,0.3142857142857143
progressive/rome_benchmark/grafo5260.35,11,2,rmc,0.2051282051282051,0.0,0.3742857142857143,3.0,0.75,0.028571428571428574,35,53,0.37142857142857144
progressive/rome_benchmark/grafo5260.35,11,2,random,0.10256410256410255,0.0,0.3742857142857143,4.0,0.13839285714285715,0.14285714285714285,35,53,0.37142857142857144
progressive/rome_benchmark/grafo5260.35,11,2,spectral,0.05454545454545454,1.0,0.3742857142857143,1.375,0.59375,0.14870129870129872,35,53,0.3142857142857143
progressive/rome_benchmark/grafo5260.35,16,3,degree,0.580952380952381,0.9907550077041603,0.3742857142857143,6.0,6.0,0.1640502354788069,35,53,0.42857142857142855
progressive/rome_benchmark/grafo5260.35,16,3,closeness,0.6323529411764706,1.0,0.3742857142857143,3.0,0.55,0.16666666666666666,35,53,0.4857142857142857
progressive/rome_benchmark/grafo5260.35,16,3,betweeness,0.3626373626373627,0.5980937251787133,0.3742857142857143,3.0,0.4479166666666667,0.19642857142857142,35,53,0.4
progressive/rome_benchmark/grafo5260.35,16,3,rmc,0.5588235294117646,1.0,0.3742857142857143,0.75,0.046875,0.08571428571428572,35,53,0.4857142857142857
progressive/rome_benchmark/grafo5260.35,16,3,random,0.14285714285714285,0.6666666666666666,0.3742857142857143,4.0,1.625,0.09523809523809523,35,53,0.4
progressive/rome_benchmark/grafo5260.35,16,3,spectral,0.35,1.0,0.3742857142857143,1.375,0.59375,0.14870129870129872,35,53,0.45714285714285713
progressive/rome_benchmark/grafo5260.35,22,4,degree,0.49473684210526314,0.5851112119836588,0.3742857142857143,5.333333333333333,2.3333333333333335,0.3069073783359498,35,53,0.5714285714285714
progressive/rome_benchmark/grafo5260.35,22,4,closeness,0.4476190476190477,0.3384615384615385,0.3742857142857143,3.0,0.703125,0.1845238095238095,35,53,0.6
progressive/rome_benchmark/grafo5260.35,22,4,betweeness,0.4736842105263158,0.5923076923076923,0.3742857142857143,3.0,0.703125,0.23214285714285715,35,53,0.5714285714285714
progressive/rome_benchmark/grafo5260.35,22,4,rmc,0.3939393939393939,-0.32711249351995847,0.3742857142857143,1.625,0.07386363636363637,0.19999999999999998,35,53,0.6285714285714286
progressive/rome_benchmark/grafo5260.35,22,4,random,0.4761904761904762,0.6,0.3742857142857143,4.5,1.625,0.18571428571428572,35,53,0.6
progressive/rome_benchmark/grafo5260.35,22,4,spectral,0.5087719298245613,0.3684210526315789,0.3742857142857143,0.9166666666666666,0.25,0.2785714285714286,35,53,0.5428571428571428
progressive/rome_benchmark/grafo5260.35,27,5,degree,0.5333333333333332,0.556001605780811,0.3742857142857143,5.0,2.25,0.4160482374768089,35,53,0.7142857142857143
progressive/rome_benchmark/grafo5260.35,27,5,closeness,0.5579710144927535,0.5763546798029556,0.3742857142857143,3.0,0.9722222222222222,0.39285714285714285,35,53,0.6857142857142857
progressive/rome_benchmark/grafo5260.35,27,5,betweeness,0.5579710144927535,0.5763546798029556,0.3742857142857143,3.0,0.9722222222222222,0.39285714285714285,35,53,0.6857142857142857
progressive/rome_benchmark/grafo5260.35,27,5,rmc,0.5199999999999999,0.2,0.3742857142857143,4.0,0.325,0.1619047619047619,35,53,0.7142857142857143
progressive/rome_benchmark/grafo5260.35,27,5,random,0.5866666666666666,0.9985016856036959,0.3742857142857143,1.28125,0.32708333333333334,0.23809523809523808,35,53,0.7142857142857143
progressive/rome_benchmark/grafo5260.35,27,5,spectral,0.6796536796536796,0.6517006802721088,0.3742857142857143,1.9375,0.21875,0.39285714285714285,35,53,0.6285714285714286
progressive/rome_benchmark/grafo5260.35,32,6,degree,0.6533333333333332,0.587220772608668,0.3742857142857143,5.25,2.375,0.43645640074211506,35,53,0.7142857142857143
progressive/rome_benchmark/grafo5260.35,32,6,closeness,0.5669515669515671,0.530446549391069,0.3742857142857143,3.0,1.4791666666666667,0.4107142857142857,35,53,0.7714285714285715
progressive/rome_benchmark/grafo5260.35,32,6,betweeness,0.5669515669515671,0.530446549391069,0.3742857142857143,3.0,1.4791666666666667,0.4107142857142857,35,53,0.7714285714285715
progressive/rome_benchmark/grafo5260.35,32,6,rmc,0.6466666666666666,0.9826652221018418,0.3742857142857143,5.5,2.25,0.2448979591836735,35,53,0.7142857142857143
progressive/rome_benchmark/grafo5260.35,32,6,random,0.6923076923076924,0.8099260823653643,0.3742857142857143,3.5,0.58125,0.45663265306122447,35,53,0.7714285714285715
progressive/rome_benchmark/grafo5260.35,32,6,spectral,0.8043478260869565,0.7910204081632654,0.3742857142857143,1.85,0.32999999999999996,0.42142857142857143,35,53,0.6857142857142857
progressive/rome_benchmark/grafo5260.35,38,7,degree,0.6798029556650246,0.5741426255086121,0.3742857142857143,3.7083333333333335,1.21875,0.44642857142857145,35,53,0.8285714285714286
progressive/rome_benchmark/grafo5260.35,38,7,closeness,0.6009852216748768,0.903096903096903,0.3742857142857143,1.625,1.0729166666666667,0.5127551020408163,35,53,0.8285714285714286
progressive/rome_benchmark/grafo5260.35,38,7,betweeness,0.6009852216748768,0.903096903096903,0.3742857142857143,1.625,1.0729166666666667,0.5127551020408163,35,53,0.8285714285714286
progressive/rome_benchmark/grafo5260.35,38,7,rmc,0.7142857142857142,0.9834047759887853,0.3742857142857143,1.84375,1.0625,0.5306122448979592,35,53,0.8285714285714286
progressive/rome_benchmark/grafo5260.35,38,7,random,0.67816091954023,0.9568345323741008,0.3742857142857143,1.5,0.4305555555555556,0.33163265306122447,35,53,0.8571428571428571
progressive/rome_benchmark/grafo5260.35,38,7,spectral,0.8233618233618234,1.0,0.3742857142857143,0.8208333333333333,0.37916666666666665,0.6,35,53,0.7714285714285715
progressive/rome_benchmark/grafo5260.35,43,8,degree,0.7609195402298851,0.8741740197048233,0.3742857142857143,0.6,0.47000000000000003,0.7142857142857143,35,53,0.8571428571428571
progressive/rome_benchmark/grafo5260.35,43,8,closeness,0.7793103448275862,0.9371026994984751,0.3742857142857143,1.375,0.9083333333333333,0.6556122448979592,35,53,0.8571428571428571
progressive/rome_benchmark/grafo5260.35,43,8,betweeness,0.7793103448275862,0.9371026994984751,0.3742857142857143,1.375,0.9083333333333333,0.6556122448979592,35,53,0.8571428571428571
progressive/rome_benchmark/grafo5260.35,43,8,rmc,0.7931034482758622,0.9691717311196923,0.3742857142857143,1.375,0.675,0.6377551020408163,35,53,0.8571428571428571
progressive/rome_benchmark/grafo5260.35,43,8,random,0.7727272727272727,0.6427297576445014,0.3742857142857143,2.0166666666666666,0.6513888888888889,0.725,35,53,0.9428571428571428
progressive/rome_benchmark/grafo5260.35,43,8,spectral,0.8365591397849462,0.7794787394246704,0.3742857142857143,0.6166666666666666,0.6166666666666666,0.8095238095238094,35,53,0.8857142857142857
progressive/rome_benchmark/grafo5260.35,48,9,degree,0.8750000000000001,0.9389959691470459,0.3742857142857143,0.5208333333333334,0.4116666666666666,0.8571428571428571,35,53,0.9142857142857143
progressive/rome_benchmark/grafo5260.35,48,9,closeness,0.9153225806451614,0.9438528306102355,0.3742857142857143,0.5208333333333334,0.33958333333333335,0.8392857142857143,35,53,0.9142857142857143
progressive/rome_benchmark/grafo5260.35,48,9,betweeness,0.9153225806451614,0.9438528306102355,0.3742857142857143,0.5208333333333334,0.33958333333333335,0.8392857142857143,35,53,0.9142857142857143
progressive/rome_benchmark/grafo5260.35,48,9,rmc,0.8371212121212122,0.9832853070703462,0.3742857142857143,1.5625,1.034722222222222,0.741326530612245,35,53,0.9428571428571428
progressive/rome_benchmark/grafo5260.35,48,9,random,0.8787878787878788,0.6484349658748206,0.3742857142857143,1.0071428571428571,0.4901785714285714,0.8678571428571429,35,53,0.9428571428571428
progressive/rome_benchmark/grafo5260.35,48,9,spectral,0.8360071301247772,0.7794787394246704,0.3742857142857143,0.46249999999999997,0.46249999999999997,0.8095238095238094,35,53,0.9714285714285714
progressive/rome_benchmark/grafo5260.35,53,10,degree,1.0,1.0,0.3742857142857143,0.3742857142857143,0.3742857142857143,1.0,35,53,1.0
progressive/rome_benchmark/grafo5260.35,53,10,closeness,1.0,1.0,0.3742857142857143,0.3742857142857143,0.3742857142857143,1.0,35,53,1.0
progressive/rome_benchmark/grafo5260.35,53,10,betweeness,1.0,1.0,0.3742857142857143,0.3742857142857143,0.3742857142857143,1.0,35,53,1.0
progressive/rome_benchmark/grafo5260.35,53,10,rmc,1.0,1.0,0.3742857142857143,0.3742857142857143,0.3742857142857143,1.0,35,53,1.0
progressive/rome_benchmark/grafo5260.35,53,10,random,1.0,1.0,0.3742857142857143,0.3742857142857143,0.3742857142857143,1.0,35,53,1.0
progressive/rome_benchmark/grafo5260.35,53,10,spectral,1.0,1.0,0.3742857142857143,0.3742857142857143,0.3742857142857143,1.0,35,53,1.0
progressive/rome_benchmark/grafo1065.14,2,1,degree,1.0,-0.5,1.0,0,0,0.0,14,13,0.21428571428571427
progressive/rome_benchmark/grafo1065.14,2,1,closeness,-0.33333333333333337,-0.5,1.0,0,0,0.0,14,13,0.21428571428571427
progressive/rome_benchmark/grafo1065.14,2,1,betweeness,-0.33333333333333337,-0.5,1.0,0,0,0.0,14,13,0.21428571428571427
progressive/rome_benchmark/grafo1065.14,2,1,rmc,-0.33333333333333337,-0.5,1.0,0,0,0.0,14,13,0.21428571428571427
progressive/rome_benchmark/grafo1065.14,2,1,random,1.0,-0.5,1.0,0,0,0.0,14,13,0.21428571428571427
progressive/rome_benchmark/grafo1065.14,2,1,spectral,-0.33333333333333337,-0.5,1.0,0,0,0.0,14,13,0.21428571428571427
progressive/rome_benchmark/grafo1065.14,3,2,degree,1.0,1.0,1.0,3.0,0.75,0.75,14,13,0.2857142857142857
progressive/rome_benchmark/grafo1065.14,3,2,closeness,0.6666666666666669,-0.5,1.0,0,0,0.0,14,13,0.2857142857142857
progressive/rome_benchmark/grafo1065.14,3,2,betweeness,0.6666666666666669,-0.5,1.0,0,0,0.0,14,13,0.2857142857142857
progressive/rome_benchmark/grafo1065.14,3,2,rmc,0.6666666666666669,-0.5,1.0,0,0,0.0,14,13,0.2857142857142857
progressive/rome_benchmark/grafo1065.14,3,2,random,0.9999999999999999,-0.5,1.0,0,0,0.0,14,13,0.35714285714285715
progressive/rome_benchmark/grafo1065.14,3,2,spectral,0.6666666666666669,-0.5,1.0,0,0,0.0,14,13,0.2857142857142857
progressive/rome_benchmark/grafo1065.14,4,3,degree,0.9999999999999999,1.0,1.0,4.0,1.0,1.0,14,13,0.35714285714285715
progressive/rome_benchmark/grafo1065.14,4,3,closeness,0.39999999999999997,-0.5,1.0,0,0,0.0,14,13,0.35714285714285715
progressive/rome_benchmark/grafo1065.14,4,3,betweeness,0.39999999999999997,-0.5,1.0,0,0,0.0,14,13,0.35714285714285715
progressive/rome_benchmark/grafo1065.14,4,3,rmc,0.39999999999999997,-0.5,1.0,0,0,0.0,14,13,0.35714285714285715
progressive/rome_benchmark/grafo1065.14,4,3,random,0.39999999999999997,-0.5,1.0,0,0,0.0,14,13,0.35714285714285715
progressive/rome_benchmark/grafo1065.14,4,3,spectral,0.39999999999999997,-0.5,1.0,0,0,0.0,14,13,0.35714285714285715
progressive/rome_benchmark/grafo1065.14,6,4,degree,0.9285714285714285,1.0,1.0,4.0,1.0,1.0,14,13,0.5714285714285714
progressive/rome_benchmark/grafo1065.14,6,4,closeness,0.9047619047619049,-0.5,1.0,0,0,0.0,14,13,0.5
progressive/rome_benchmark/grafo1065.14,6,4,betweeness,0.9047619047619049,-0.5,1.0,0,0,0.0,14,13,0.5
progressive/rome_benchmark/grafo1065.14,6,4,rmc,0.9047619047619049,-0.5,1.0,0,0,0.0,14,13,0.5
progressive/rome_benchmark/grafo1065.14,6,4,random,0.42857142857142855,0.0,1.0,1.0,1.0,0.16666666666666666,14,13,0.5714285714285714
progressive/rome_benchmark/grafo1065.14,6,4,spectral,0.9047619047619049,-0.5,1.0,0,0,0.0,14,13,0.5
progressive/rome_benchmark/grafo1065.14,7,5,degree,0.611111111111111,1.0,1.0,4.0,1.0,1.0,14,13,0.6428571428571429
progressive/rome_benchmark/grafo1065.14,7,5,closeness,0.4999999999999999,0.0,1.0,1.0,1.0,0.16666666666666666,14,13,0.5714285714285714
progressive/rome_benchmark/grafo1065.14,7,5,betweeness,0.4999999999999999,0.0,1.0,1.0,1.0,0.16666666666666666,14,13,0.5714285714285714
progressive/rome_benchmark/grafo1065.14,7,5,rmc,0.7222222222222222,-0.5,1.0,0,0,0.0,14,13,0.6428571428571429
progressive/rome_benchmark/grafo1065.14,7,5,random,0.3888888888888889,0.0,1.0,1.0,1.0,0.16666666666666666,14,13,0.6428571428571429
progressive/rome_benchmark/grafo1065.14,7,5,spectral,0.4999999999999999,0.0,1.0,1.0,1.0,0.16666666666666666,14,13,0.5714285714285714
progressive/rome_benchmark/grafo1065.14,8,6,degree,0.5555555555555556,1.0,1.0,4.0,1.0,1.0,14,13,0.6428571428571429
progressive/rome_benchmark/grafo1065.14,8,6,closeness,0.611111111111111,0.0,1.0,1.0,1.0,0.16666666666666666,14,13,0.6428571428571429
progressive/rome_benchmark/grafo1065.14,8,6,betweeness,0.611111111111111,0.0,1.0,1.0,1.0,0.16666666666666666,14,13,0.6428571428571429
progressive/rome_benchmark/grafo1065.14,8,6,rmc,0.6727272727272727,-0.5,1.0,0,0,0.0,14,13,0.7857142857142857
progressive/rome_benchmark/grafo1065.14,8,6,random,0.5555555555555556,1.0,1.0,4.0,1.0,1.0,14,13,0.6428571428571429
progressive/rome_benchmark/grafo1065.14,8,6,spectral,0.611111111111111,0.0,1.0,1.0,1.0,0.16666666666666666,14,13,0.6428571428571429
progressive/rome_benchmark/grafo1065.14,10,7,degree,0.5636363636363636,1.0,1.0,4.0,1.0,1.0,14,13,0.7857142857142857
progressive/rome_benchmark/grafo1065.14,10,7,closeness,0.5636363636363636,1.0,1.0,4.0,1.0,1.0,14,13,0.7857142857142857
progressive/rome_benchmark/grafo1065.14,10,7,betweeness,0.5636363636363636,1.0,1.0,4.0,1.0,1.0,14,13,0.7857142857142857
progressive/rome_benchmark/grafo1065.14,10,7,rmc,0.6153846153846153,0.0,1.0,1.0,1.0,0.16666666666666666,14,13,0.9285714285714286
progressive/rome_benchmark/grafo1065.14,10,7,random,0.5636363636363636,1.0,1.0,4.0,1.0,1.0,14,13,0.7857142857142857
progressive/rome_benchmark/grafo1065.14,10,7,spectral,0.5636363636363636,1.0,1.0,4.0,1.0,1.0,14,13,0.7857142857142857
progressive/rome_benchmark/grafo1065.14,11,8,degree,0.7575757575757575,1.0,1.0,4.0,1.0,1.0,14,13,0.8571428571428571
progressive/rome_benchmark/grafo1065.14,11,8,closeness,0.7575757575757575,1.0,1.0,4.0,1.0,1.0,14,13,0.8571428571428571
progressive/rome_benchmark/grafo1065.14,11,8,betweeness,0.7575757575757575,1.0,1.0,4.0,1.0,1.0,14,13,0.8571428571428571
progressive/rome_benchmark/grafo1065.14,11,8,rmc,0.7435897435897434,0.0,1.0,1.0,1.0,0.16666666666666666,14,13,0.9285714285714286
progressive/rome_benchmark/grafo1065.14,11,8,random,0.7878787878787877,0.3333333333333333,1.0,4.0,1.0,1.0,14,13,0.8571428571428571
progressive/rome_benchmark/grafo1065.14,11,8,spectral,0.7575757575757575,1.0,1.0,4.0,1.0,1.0,14,13,0.8571428571428571
progressive/rome_benchmark/grafo1065.14,12,9,degree,0.8974358974358972,1.0,1.0,4.0,1.0,1.0,14,13,0.9285714285714286
progressive/rome_benchmark/grafo1065.14,12,9,closeness,0.8974358974358972,1.0,1.0,4.0,1.0,1.0,14,13,0.9285714285714286
progressive/rome_benchmark/grafo1065.14,12,9,betweeness,0.8974358974358972,1.0,1.0,4.0,1.0,1.0,14,13,0.9285714285714286
progressive/rome_benchmark/grafo1065.14,12,9,rmc,0.846153846153846,0.3333333333333333,1.0,4.0,1.0,1.0,14,13,0.9285714285714286
progressive/rome_benchmark/grafo1065.14,12,9,random,0.8901098901098902,0.0,1.0,1.0,1.0,0.16666666666666666,14,13,1.0
progressive/rome_benchmark/grafo1065.14,12,9,spectral,0.8974358974358972,1.0,1.0,4.0,1.0,1.0,14,13,0.9285714285714286
progressive/rome_benchmark/grafo1065.14,13,10,degree,1.0,1.0,1.0,1.0,1.0,1.0,14,13,1.0
progressive/rome_benchmark/grafo1065.14,13,10,closeness,1.0,1.0,1.0,1.0,1.0,1.0,14,13,1.0
progressive/rome_benchmark/grafo1065.14,13,10,betweeness,1.0,1.0,1.0,1.0,1.0,1.0,14,13,1.0
progressive/rome_benchmark/grafo1065.14,13,10,rmc,1.0,1.0,1.0,1.0,1.0,1.0,14,13,1.0
progressive/rome_benchmark/grafo1065.14,13,10,random,1.0,1.0,1.0,1.0,1.0,1.0,14,13,1.0
progressive/rome_benchmark/grafo1065.14,13,10,spectral,1.0,1.0,1.0,1.0,1.0,1.0,14,13,1.0
progressive/rome_benchmark/grafo6531.38,6,1,degree,0.9047619047619049,1.0,0.225,4.0,0.25,0.1875,38,51,0.18421052631578946
progressive/rome_benchmark/grafo6531.38,6,1,closeness,0.7142857142857142,-0.5,0.225,0,0,0.0,38,51,0.21052631578947367
progressive/rome_benchmark/grafo6531.38,6,1,betweeness,1.0,1.0,0.225,4.0,1.0,0.1875,38,51,0.18421052631578946
progressive/rome_benchmark/grafo6531.38,6,1,rmc,0.07142857142857142,-0.5,0.225,0,0,0.0,38,51,0.21052631578947367
progressive/rome_benchmark/grafo6531.38,6,1,random,0.7142857142857143,-0.5,0.225,0,0,0.0,38,51,0.18421052631578946
progressive/rome_benchmark/grafo6531.38,6,1,spectral,-0.04761904761904762,-0.5,0.225,0,0,0.0,38,51,0.18421052631578946
progressive/rome_benchmark/grafo6531.38,11,2,degree,0.7878787878787877,1.0,0.225,4.0,1.0,0.1,38,51,0.3157894736842105
progressive/rome_benchmark/grafo6531.38,11,2,closeness,0.3090909090909091,-0.5,0.225,0,0,0.0,38,51,0.2894736842105263
progressive/rome_benchmark/grafo6531.38,11,2,betweeness,0.6363636363636362,0.3333333333333334,0.225,4.0,1.0,0.1875,38,51,0.3157894736842105
progressive/rome_benchmark/grafo6531.38,11,2,rmc,0.3333333333333333,0.0,0.225,4.0,0.16,0.0,38,51,0.3157894736842105
progressive/rome_benchmark/grafo6531.38,11,2,random,0.4545454545454545,0.0,0.225,3.0,0.35,0.05,38,51,0.3157894736842105
progressive/rome_benchmark/grafo6531.38,11,2,spectral,0.4848484848484848,1.0,0.225,3.0,0.225,0.25,38,51,0.3157894736842105
progressive/rome_benchmark/grafo6531.38,16,3,degree,0.65,1.0,0.225,0.6666666666666666,0.10714285714285714,0.3,38,51,0.42105263157894735
progressive/rome_benchmark/grafo6531.38,16,3,closeness,0.5,1.0,0.225,3.0,0.36,0.125,38,51,0.42105263157894735
progressive/rome_benchmark/grafo6531.38,16,3,betweeness,0.5666666666666667,0.0,0.225,3.0,0.20833333333333334,0.1,38,51,0.42105263157894735
progressive/rome_benchmark/grafo6531.38,16,3,rmc,0.45588235294117646,1.0,0.225,3.0,0.28125,0.375,38,51,0.4473684210526316
progressive/rome_benchmark/grafo6531.38,16,3,random,0.38333333333333336,1.0,0.225,3.0,3.0,0.125,38,51,0.42105263157894735
progressive/rome_benchmark/grafo6531.38,16,3,spectral,0.5588235294117646,1.0,0.225,4.0,0.6666666666666666,0.15,38,51,0.4473684210526316
progressive/rome_benchmark/grafo6531.38,21,4,degree,0.6,0.3513513513513514,0.225,0.7777777777777778,0.14285714285714285,0.55,38,51,0.5526315789473685
progressive/rome_benchmark/grafo6531.38,21,4,closeness,0.673202614379085,1.0,0.225,0.2,0.14583333333333334,0.3,38,51,0.47368421052631576
progressive/rome_benchmark/grafo6531.38,21,4,betweeness,0.6631578947368422,1.0,0.225,0.611111111111111,0.08333333333333333,0.3,38,51,0.5263157894736842
progressive/rome_benchmark/grafo6531.38,21,4,rmc,0.45454545454545453,1.0,0.225,5.0,1.25,0.15,38,51,0.5789473684210527
progressive/rome_benchmark/grafo6531.38,21,4,random,0.7052631578947369,1.0,0.225,2.625,0.21875,0.125,38,51,0.5263157894736842
progressive/rome_benchmark/grafo6531.38,21,4,spectral,0.4805194805194805,0.3333333333333334,0.225,1.0,0.25,0.1875,38,51,0.5789473684210527
progressive/rome_benchmark/grafo6531.38,26,5,degree,0.6796536796536796,0.9855072463768116,0.225,0.35,0.125,0.8,38,51,0.5789473684210527
progressive/rome_benchmark/grafo6531.38,26,5,closeness,0.7142857142857142,1.0,0.225,0.15476190476190474,0.0925925925925926,0.3,38,51,0.5789473684210527
progressive/rome_benchmark/grafo6531.38,26,5,betweeness,0.6666666666666667,1.0,0.225,0.31,0.1375,0.8,38,51,0.5526315789473685
progressive/rome_benchmark/grafo6531.38,26,5,rmc,0.6123076923076923,0.3333333333333334,0.225,1.0,0.25,0.1875,38,51,0.6842105263157895
progressive/rome_benchmark/grafo6531.38,26,5,random,0.5933333333333333,1.0,0.225,0.75,0.75,0.25,38,51,0.6578947368421053
progressive/rome_benchmark/grafo6531.38,26,5,spectral,0.6123076923076923,0.3333333333333334,0.225,1.0,0.25,0.1875,38,51,0.6842105263157895
progressive/rome_benchmark/grafo6531.38,31,6,degree,0.7046153846153846,1.0,0.225,0.875,0.4166666666666667,0.75,38,51,0.6842105263157895
progressive/rome_benchmark/grafo6531.38,31,6,closeness,0.6999999999999998,1.0,0.225,0.20833333333333334,0.1375,0.8,38,51,0.6578947368421053
progressive/rome_benchmark/grafo6531.38,31,6,betweeness,0.7391304347826086,1.0,0.225,0.4166666666666667,0.4166666666666667,0.75,38,51,0.631578947368421
progressive/rome_benchmark/grafo6531.38,31,6,rmc,0.6349206349206349,0.3333333333333334,0.225,0.75,0.1875,0.25,38,51,0.7368421052631579
progressive/rome_benchmark/grafo6531.38,31,6,random,0.6137566137566137,1.0,0.225,0.375,0.20833333333333334,0.625,38,51,0.7368421052631579
progressive/rome_benchmark/grafo6531.38,31,6,spectral,0.6923076923076924,1.0,0.225,0.625,0.21875,0.625,38,51,0.6842105263157895
progressive/rome_benchmark/grafo6531.38,36,7,degree,0.7389162561576353,1.0,0.225,0.5,0.28125,0.75,38,51,0.7631578947368421
progressive/rome_benchmark/grafo6531.38,36,7,closeness,0.7241379310344827,1.0,0.225,0.4166666666666667,0.4166666666666667,0.75,38,51,0.7631578947368421
progressive/rome_benchmark/grafo6531.38,36,7,betweeness,0.8042328042328042,1.0,0.225,0.4166666666666667,0.4166666666666667,0.75,38,51,0.7368421052631579
progressive/rome_benchmark/grafo6531.38,36,7,rmc,0.6516129032258065,0.7333333333333333,0.225,0.5,0.225,0.5,38,51,0.8157894736842105
progressive/rome_benchmark/grafo6531.38,36,7,random,0.7471264367816092,1.0,0.225,0.5625,0.5625,0.5,38,51,0.7894736842105263
progressive/rome_benchmark/grafo6531.38,36,7,spectral,0.7149425287356321,0.7333333333333333,0.225,0.5,0.225,0.5,38,51,0.7894736842105263
progressive/rome_benchmark/grafo6531.38,41,8,degree,0.7903225806451614,1.0,0.225,0.875,0.4166666666666667,0.75,38,51,0.8421052631578947
progressive/rome_benchmark/grafo6531.38,41,8,closeness,0.8104838709677421,1.0,0.225,0.4166666666666667,0.4166666666666667,0.75,38,51,0.8421052631578947
progressive/rome_benchmark/grafo6531.38,41,8,betweeness,0.8104838709677421,1.0,0.225,0.4166666666666667,0.4166666666666667,0.75,38,51,0.8421052631578947
progressive/rome_benchmark/grafo6531.38,41,8,rmc,0.7878787878787878,0.9333333333333333,0.225,0.3125,0.225,0.5,38,51,0.868421052631579
progressive/rome_benchmark/grafo6531.38,41,8,random,0.7040998217468807,1.0,0.225,0.35,0.24166666666666667,0.6,38,51,0.8947368421052632
progressive/rome_benchmark/grafo6531.38,41,8,spectral,0.8580645161290323,1.0,0.225,0.4166666666666667,0.4166666666666667,0.5,38,51,0.8157894736842105
progressive/rome_benchmark/grafo6531.38,46,9,degree,0.892436974789916,1.0,0.225,0.4166666666666667,0.4166666666666667,0.75,38,51,0.9210526315789473
progressive/rome_benchmark/grafo6531.38,46,9,closeness,0.8890756302521008,1.0,0.225,0.4166666666666667,0.4166666666666667,0.75,38,51,0.9210526315789473
progressive/rome_benchmark/grafo6531.38,46,9,betweeness,0.8890756302521008,1.0,0.225,0.4166666666666667,0.4166666666666667,0.75,38,51,0.9210526315789473
progressive/rome_benchmark/grafo6531.38,46,9,rmc,0.922689075630252,1.0,0.225,0.5625,0.5625,0.5,38,51,0.9210526315789473
progressive/rome_benchmark/grafo6531.38,46,9,random,0.8507936507936509,1.0,0.225,0.26666666666666666,0.20833333333333334,0.75,38,51,0.9473684210526315
progressive/rome_benchmark/grafo6531.38,46,9,spectral,0.922689075630252,1.0,0.225,0.5625,0.5625,0.5,38,51,0.9210526315789473
progressive/rome_benchmark/grafo6531.38,51,10,degree,1.0,1.0,0.225,0.225,0.225,1.0,38,51,1.0
progressive/rome_benchmark/grafo6531.38,51,10,closeness,1.0,1.0,0.225,0.225,0.225,1.0,38,51,1.0
progressive/rome_benchmark/grafo6531.38,51,10,betweeness,1.0,1.0,0.225,0.225,0.225,1.0,38,51,1.0
progressive/rome_benchmark/grafo6531.38,51,10,rmc,1.0,1.0,0.225,0.225,0.225,1.0,38,51,1.0
progressive/rome_benchmark/grafo6531.38,51,10,random,1.0,1.0,0.225,0.225,0.225,1.0,38,51,1.0
progressive/rome_benchmark/grafo6531.38,51,10,spectral,1.0,1.0,0.225,0.225,0.225,1.0,38,51,1.0
progressive/rome_benchmark/grafo2633.17,3,1,degree,0.0,0.0,1.25,3.0,0.1875,0.05,17,24,0.23529411764705882
progressive/rome_benchmark/grafo2633.17,3,1,closeness,0.0,-0.5,1.25,0,0,0.0,17,24,0.23529411764705882
progressive/rome_benchmark/grafo2633.17,3,1,betweeness,0.0,0.0,1.25,3.0,0.3333333333333333,0.05,17,24,0.23529411764705882
progressive/rome_benchmark/grafo2633.17,3,1,rmc,0.0,-0.5,1.25,0,0,0.0,17,24,0.29411764705882354
progressive/rome_benchmark/grafo2633.17,3,1,random,0.0,-0.5,1.25,0,0,0.0,17,24,0.29411764705882354
progressive/rome_benchmark/grafo2633.17,3,1,spectral,0.3333333333333334,-0.5,1.25,0,0,0.0,17,24,0.23529411764705882
progressive/rome_benchmark/grafo2633.17,5,2,degree,0.2,0.0,1.25,3.0,0.046875,0.05,17,24,0.35294117647058826
progressive/rome_benchmark/grafo2633.17,5,2,closeness,-0.39999999999999997,0.0,1.25,3.0,0.046875,0.05,17,24,0.29411764705882354
progressive/rome_benchmark/grafo2633.17,5,2,betweeness,0.06666666666666665,0.0,1.25,3.0,0.046875,0.05,17,24,0.35294117647058826
progressive/rome_benchmark/grafo2633.17,5,2,rmc,0.14285714285714288,0.0,1.25,3.0,0.1875,0.0,17,24,0.4117647058823529
progressive/rome_benchmark/grafo2633.17,5,2,random,0.6,0.0,1.25,3.0,0.75,0.05,17,24,0.35294117647058826
progressive/rome_benchmark/grafo2633.17,5,2,spectral,-0.14285714285714288,0.0,1.25,3.0,0.046875,0.05,17,24,0.4117647058823529
progressive/rome_benchmark/grafo2633.17,8,3,degree,0.21428571428571427,0.0,1.25,4.0,1.0,0.045454545454545456,17,24,0.47058823529411764
progressive/rome_benchmark/grafo2633.17,8,3,closeness,0.8095238095238096,1.0,1.25,1.0,0.1,0.25,17,24,0.4117647058823529
progressive/rome_benchmark/grafo2633.17,8,3,betweeness,0.5238095238095238,0.0,1.25,3.0,0.75,0.0,17,24,0.4117647058823529
progressive/rome_benchmark/grafo2633.17,8,3,rmc,0.2222222222222222,0.0,1.25,3.0,3.0,0.0,17,24,0.5294117647058824
progressive/rome_benchmark/grafo2633.17,8,3,random,0.7857142857142856,1.0,1.25,3.5,0.5833333333333334,0.425,17,24,0.47058823529411764
progressive/rome_benchmark/grafo2633.17,8,3,spectral,0.3571428571428571,0.3333333333333334,1.25,2.75,0.0949074074074074,0.425,17,24,0.47058823529411764
progressive/rome_benchmark/grafo2633.17,10,4,degree,0.6666666666666666,1.0,1.25,3.5,0.5833333333333334,0.5454545454545454,17,24,0.5294117647058824
progressive/rome_benchmark/grafo2633.17,10,4,closeness,0.5,1.0,1.25,1.0,0.1,0.25,17,24,0.5294117647058824
progressive/rome_benchmark/grafo2633.17,10,4,betweeness,0.4999999999999999,0.6666666666666666,1.25,0.625,0.16666666666666666,0.25,17,24,0.47058823529411764
progressive/rome_benchmark/grafo2633.17,10,4,rmc,0.34545454545454546,0.0,1.25,3.0,3.0,0.0,17,24,0.6470588235294118
progressive/rome_benchmark/grafo2633.17,10,4,random,0.38181818181818183,0.0,1.25,3.0,3.0,0.0,17,24,0.6470588235294118
progressive/rome_benchmark/grafo2633.17,10,4,spectral,0.5555555555555556,-0.3333333333333332,1.25,0.5833333333333334,0.35416666666666663,0.425,17,24,0.5294117647058824
progressive/rome_benchmark/grafo2633.17,12,5,degree,0.5555555555555556,0.3333333333333334,1.25,1.375,0.375,0.42045454545454547,17,24,0.5294117647058824
progressive/rome_benchmark/grafo2633.17,12,5,closeness,0.6444444444444444,0.8666666666666667,1.25,0.625,0.28125,0.375,17,24,0.5882352941176471
progressive/rome_benchmark/grafo2633.17,12,5,betweeness,0.6,0.8,1.25,0.625,0.2125,0.3125,17,24,0.5882352941176471
progressive/rome_benchmark/grafo2633.17,12,5,rmc,0.39393939393939387,0.0,1.25,3.0,3.0,0.0,17,24,0.7058823529411765
progressive/rome_benchmark/grafo2633.17,12,5,random,0.6000000000000001,0.6666666666666666,1.25,0.625,0.16666666666666666,0.25,17,24,0.6470588235294118
progressive/rome_benchmark/grafo2633.17,12,5,spectral,0.2727272727272727,0.3333333333333334,1.25,0.5833333333333334,0.35416666666666663,0.425,17,24,0.6470588235294118
progressive/rome_benchmark/grafo2633.17,15,6,degree,0.7575757575757575,0.3333333333333334,1.25,1.375,0.375,0.425,17,24,0.7058823529411765
progressive/rome_benchmark/grafo2633.17,15,6,closeness,0.564102564102564,0.7333333333333333,1.25,0.625,0.28125,0.375,17,24,0.7647058823529411
progressive/rome_benchmark/grafo2633.17,15,6,betweeness,0.6969696969696969,1.0,1.25,1.0,0.15625,0.3125,17,24,0.7058823529411765
progressive/rome_benchmark/grafo2633.17,15,6,rmc,0.6153846153846153,0.8,1.25,0.9166666666666666,0.3416666666666667,0.3125,17,24,0.7647058823529411
progressive/rome_benchmark/grafo2633.17,15,6,random,0.5824175824175825,0.7333333333333333,1.25,1.0,0.25,0.375,17,24,0.8235294117647058
progressive/rome_benchmark/grafo2633.17,15,6,spectral,0.606060606060606,0.3333333333333333,1.25,0.9166666666666666,0.11904761904761905,0.75,17,24,0.7058823529411765
progressive/rome_benchmark/grafo2633.17,17,7,degree,0.8484848484848484,0.8078291814946619,1.25,2.0,0.265625,0.8125,17,24,0.7058823529411765
progressive/rome_benchmark/grafo2633.17,17,7,closeness,0.5384615384615384,0.8666666666666667,1.25,1.0,0.25,0.375,17,24,0.8235294117647058
progressive/rome_benchmark/grafo2633.17,17,7,betweeness,0.6263736263736264,1.0,1.25,1.0,0.15625,0.3125,17,24,0.8235294117647058
progressive/rome_benchmark/grafo2633.17,17,7,rmc,0.5384615384615384,0.8666666666666667,1.25,1.0,0.25,0.375,17,24,0.8235294117647058
progressive/rome_benchmark/grafo2633.17,17,7,random,0.7142857142857144,0.7677419354838709,1.25,0.9166666666666666,0.21428571428571427,0.75,17,24,0.8235294117647058
progressive/rome_benchmark/grafo2633.17,17,7,spectral,0.7575757575757575,0.4551645856980704,1.25,0.6666666666666666,0.20833333333333334,0.8125,17,24,0.7058823529411765
progressive/rome_benchmark/grafo2633.17,20,8,degree,0.9560439560439562,1.0,1.25,2.0,0.375,0.875,17,24,0.8235294117647058
progressive/rome_benchmark/grafo2633.17,20,8,closeness,0.8681318681318682,0.9556103575832305,1.25,0.625,0.234375,0.9375,17,24,0.8235294117647058
progressive/rome_benchmark/grafo2633.17,20,8,betweeness,0.8681318681318682,0.9556103575832305,1.25,0.625,0.234375,0.9375,17,24,0.8235294117647058
progressive/rome_benchmark/grafo2633.17,20,8,rmc,0.8681318681318682,0.9556103575832305,1.25,0.625,0.234375,0.9375,17,24,0.8235294117647058
progressive/rome_benchmark/grafo2633.17,20,8,random,0.8166666666666667,0.8775510204081632,1.25,2.0,0.375,0.875,17,24,0.9411764705882353
progressive/rome_benchmark/grafo2633.17,20,8,spectral,0.7582417582417583,0.7237977805178791,1.25,0.6666666666666666,0.4305555555555556,0.9375,17,24,0.8235294117647058
progressive/rome_benchmark/grafo2633.17,22,9,degree,0.9238095238095239,0.8603001364256481,1.25,1.25,1.25,1.0,17,24,0.8823529411764706
progressive/rome_benchmark/grafo2633.17,22,9,closeness,0.8088235294117646,1.0,1.25,1.25,0.59375,0.9375,17,24,1.0
progressive/rome_benchmark/grafo2633.17,22,9,betweeness,0.8088235294117646,1.0,1.25,1.25,0.59375,0.9375,17,24,1.0
progressive/rome_benchmark/grafo2633.17,22,9,rmc,0.8833333333333333,1.0,1.25,1.25,0.59375,0.9375,17,24,0.9411764705882353
progressive/rome_benchmark/grafo2633.17,22,9,random,0.8529411764705882,1.0,1.25,1.0,0.25,0.375,17,24,1.0
progressive/rome_benchmark/grafo2633.17,22,9,spectral,1.0,1.0,1.25,1.25,0.59375,0.9375,17,24,0.8823529411764706
progressive/rome_benchmark/grafo2633.17,24,10,degree,0.9999999999999999,1.0,1.25,1.25,1.25,1.0,17,24,1.0
progressive/rome_benchmark/grafo2633.17,24,10,closeness,0.9999999999999999,1.0,1.25,1.25,1.25,1.0,17,24,1.0
progressive/rome_benchmark/grafo2633.17,24,10,betweeness,0.9999999999999999,1.0,1.25,1.25,1.25,1.0,17,24,1.0
progressive/rome_benchmark/grafo2633.17,24,10,rmc,0.9999999999999999,1.0,1.25,1.25,1.25,1.0,17,24,1.0
progressive/rome_benchmark/grafo2633.17,24,10,random,0.9999999999999999,1.0,1.25,1.25,1.25,1.0,17,24,1.0
progressive/rome_benchmark/grafo2633.17,24,10,spectral,0.9999999999999999,1.0,1.25,1.25,1.25,1.0,17,24,1.0
progressive/rome_benchmark/grafo6425.78,10,1,degree,0.41818181818181815,1.0,0.11190476190476191,6.0,1.5,0.13095238095238096,78,96,0.14102564102564102
progressive/rome_benchmark/grafo6425.78,10,1,closeness,0.5384615384615383,0.0,0.11190476190476191,4.0,1.0,0.020833333333333332,78,96,0.16666666666666666
progressive/rome_benchmark/grafo6425.78,10,1,betweeness,0.5636363636363636,1.0,0.11190476190476191,0.75,0.3333333333333333,0.08333333333333333,78,96,0.14102564102564102
progressive/rome_benchmark/grafo6425.78,10,1,rmc,0.769230769230769,0.0,0.11190476190476191,3.0,3.0,0.0,78,96,0.16666666666666666
progressive/rome_benchmark/grafo6425.78,10,1,random,0.1818181818181818,0.3333333333333334,0.11190476190476191,6.0,6.0,0.08333333333333333,78,96,0.15384615384615385
progressive/rome_benchmark/grafo6425.78,10,1,spectral,0.6363636363636364,0.0,0.11190476190476191,3.0,1.125,0.0,78,96,0.14102564102564102
progressive/rome_benchmark/grafo6425.78,20,2,degree,0.46666666666666673,1.0,0.11190476190476191,6.0,1.5,0.13095238095238096,78,96,0.2692307692307692
progressive/rome_benchmark/grafo6425.78,20,2,closeness,0.5789473684210527,1.0,0.11190476190476191,1.5,0.3222222222222222,0.14583333333333334,78,96,0.2564102564102564
progressive/rome_benchmark/grafo6425.78,20,2,betweeness,0.5047619047619049,1.0,0.11190476190476191,1.5,0.3222222222222222,0.14583333333333334,78,96,0.2692307692307692
progressive/rome_benchmark/grafo6425.78,20,2,rmc,0.6466666666666666,0.0,0.11190476190476191,3.0,3.0,0.0,78,96,0.32051282051282054
progressive/rome_benchmark/grafo6425.78,20,2,random,0.4805194805194805,1.0,0.11190476190476191,1.3333333333333333,0.4861111111111111,0.125,78,96,0.28205128205128205
progressive/rome_benchmark/grafo6425.78,20,2,spectral,0.4285714285714286,1.0,0.11190476190476191,3.5,0.5,0.125,78,96,0.2692307692307692
progressive/rome_benchmark/grafo6425.78,29,3,degree,0.455026455026455,1.0,0.11190476190476191,5.5,2.0,0.23095238095238094,78,96,0.358974358974359
progressive/rome_benchmark/grafo6425.78,29,3,closeness,0.5827956989247313,1.0,0.11190476190476191,0.7222222222222222,0.1587301587301587,0.23214285714285712,78,96,0.3974358974358974
progressive/rome_benchmark/grafo6425.78,29,3,betweeness,0.5343915343915343,0.8370118845500849,0.11190476190476191,0.9444444444444445,0.2777777777777778,0.3013888888888889,78,96,0.358974358974359
progressive/rome_benchmark/grafo6425.78,29,3,rmc,0.5795454545454545,0.0,0.11190476190476191,1.25,1.25,0.08333333333333333,78,96,0.4230769230769231
progressive/rome_benchmark/grafo6425.78,29,3,random,0.4717741935483871,1.0,0.11190476190476191,1.0,0.4444444444444444,0.125,78,96,0.41025641025641024
progressive/rome_benchmark/grafo6425.78,29,3,spectral,0.535632183908046,1.0,0.11190476190476191,1.25,0.7222222222222222,0.125,78,96,0.38461538461538464
progressive/rome_benchmark/grafo6425.78,39,4,degree,0.5460317460317461,0.958351409978308,0.11190476190476191,1.0416666666666667,0.32142857142857145,0.46388888888888885,78,96,0.46153846153846156
progressive/rome_benchmark/grafo6425.78,39,4,closeness,0.604551920341394,0.8370118845500849,0.11190476190476191,0.75,0.3,0.28055555555555556,78,96,0.48717948717948717
progressive/rome_benchmark/grafo6425.78,39,4,betweeness,0.6158730158730159,0.8370118845500849,0.11190476190476191,0.75,0.3,0.28055555555555556,78,96,0.46153846153846156
progressive/rome_benchmark/grafo6425.78,39,4,rmc,0.4912891986062718,1.0,0.11190476190476191,1.5625,0.8333333333333334,0.19444444444444442,78,96,0.5384615384615384
progressive/rome_benchmark/grafo6425.78,39,4,random,0.5681511470985156,1.0,0.11190476190476191,0.8333333333333334,0.3333333333333333,0.2916666666666667,78,96,0.5
progressive/rome_benchmark/grafo6425.78,39,4,spectral,0.5902439024390244,0.0,0.11190476190476191,0.75,0.75,0.0,78,96,0.5256410256410257
progressive/rome_benchmark/grafo6425.78,48,5,degree,0.6589147286821705,0.8975453575240128,0.11190476190476191,0.3333333333333333,0.15555555555555553,0.5126984126984127,78,96,0.5512820512820513
progressive/rome_benchmark/grafo6425.78,48,5,closeness,0.6323232323232323,0.9565414214576732,0.11190476190476191,1.0555555555555556,0.5333333333333333,0.38055555555555554,78,96,0.5769230769230769
progressive/rome_benchmark/grafo6425.78,48,5,betweeness,0.7187153931339977,0.9621002763521516,0.11190476190476191,1.1666666666666667,0.6,0.36388888888888893,78,96,0.5512820512820513
progressive/rome_benchmark/grafo6425.78,48,5,rmc,0.5911193339500463,1.0,0.11190476190476191,0.5,0.25,0.4166666666666667,78,96,0.6025641025641025
progressive/rome_benchmark/grafo6425.78,48,5,random,0.6631205673758865,1.0,0.11190476190476191,0.4583333333333333,0.12585034013605442,0.18055555555555555,78,96,0.6153846153846154
progressive/rome_benchmark/grafo6425.78,48,5,spectral,0.6207215541165588,0.0,0.11190476190476191,3.0,3.0,0.0,78,96,0.6025641025641025
progressive/rome_benchmark/grafo6425.78,58,6,degree,0.6865021770682148,0.8948521358159912,0.11190476190476191,0.35000000000000003,0.18518518518518517,0.42936507936507934,78,96,0.6794871794871795
progressive/rome_benchmark/grafo6425.78,58,6,closeness,0.6690856313497823,0.8787878787878788,0.11190476190476191,0.5625,0.3194444444444444,0.40277777777777773,78,96,0.6794871794871795
progressive/rome_benchmark/grafo6425.78,58,6,betweeness,0.7285067873303168,0.9601990049751243,0.11190476190476191,1.0833333333333333,0.7708333333333334,0.3611111111111111,78,96,0.6666666666666666
progressive/rome_benchmark/grafo6425.78,58,6,rmc,0.6188552188552189,1.0,0.11190476190476191,0.8333333333333334,0.3333333333333333,0.2916666666666667,78,96,0.7051282051282052
progressive/rome_benchmark/grafo6425.78,58,6,random,0.7104072398190046,1.0,0.11190476190476191,0.6666666666666666,0.14583333333333334,0.08333333333333333,78,96,0.6666666666666666
progressive/rome_benchmark/grafo6425.78,58,6,spectral,0.7416545718432511,1.0,0.11190476190476191,0.3333333333333333,0.3333333333333333,0.16666666666666666,78,96,0.6794871794871795
progressive/rome_benchmark/grafo6425.78,68,7,degree,0.7422867513611614,0.9798093101514301,0.11190476190476191,0.19999999999999998,0.09307359307359307,0.4611111111111111,78,96,0.7435897435897436
progressive/rome_benchmark/grafo6425.78,68,7,closeness,0.7220338983050847,1.0,0.11190476190476191,0.30833333333333335,0.1619047619047619,0.4361111111111111,78,96,0.7692307692307693
progressive/rome_benchmark/grafo6425.78,68,7,betweeness,0.7220338983050847,1.0,0.11190476190476191,0.30833333333333335,0.1619047619047619,0.4361111111111111,78,96,0.7692307692307693
progressive/rome_benchmark/grafo6425.78,68,7,rmc,0.7408778424114226,1.0,0.11190476190476191,0.33333333333333337,0.1746031746031746,0.3611111111111111,78,96,0.7948717948717948
progressive/rome_benchmark/grafo6425.78,68,7,random,0.7701149425287356,1.0,0.11190476190476191,0.6527777777777778,0.6527777777777778,0.39166666666666666,78,96,0.7435897435897436
progressive/rome_benchmark/grafo6425.78,68,7,spectral,0.8036236119228521,1.0,0.11190476190476191,0.2708333333333333,0.2708333333333333,0.5476190476190476,78,96,0.7564102564102564
progressive/rome_benchmark/grafo6425.78,77,8,degree,0.7926587301587301,0.9153812252093434,0.11190476190476191,0.14444444444444446,0.09358465608465609,0.8166666666666668,78,96,0.8205128205128205
progressive/rome_benchmark/grafo6425.78,77,8,closeness,0.7942307692307693,0.9392507593655078,0.11190476190476191,0.14969135802469136,0.08882783882783883,0.8250000000000001,78,96,0.8333333333333334
progressive/rome_benchmark/grafo6425.78,77,8,betweeness,0.7942307692307693,0.9392507593655078,0.11190476190476191,0.14969135802469136,0.08882783882783883,0.8250000000000001,78,96,0.8333333333333334
progressive/rome_benchmark/grafo6425.78,77,8,rmc,0.8028041610131164,1.0,0.11190476190476191,0.15,0.15,0.75,78,96,0.8589743589743589
progressive/rome_benchmark/grafo6425.78,77,8,random,0.8275058275058276,1.0,0.11190476190476191,0.15,0.15,0.8333333333333334,78,96,0.8461538461538461
progressive/rome_benchmark/grafo6425.78,77,8,spectral,0.8382936507936508,1.0,0.11190476190476191,0.15,0.15,0.75,78,96,0.8205128205128205
progressive/rome_benchmark/grafo6425.78,87,9,degree,0.9028132992327365,1.0,0.11190476190476191,0.1257936507936508,0.10425685425685426,0.9166666666666666,78,96,0.8846153846153846
progressive/rome_benchmark/grafo6425.78,87,9,closeness,0.8929577464788734,0.8494807084441321,0.11190476190476191,0.13580246913580246,0.0992063492063492,0.9583333333333334,78,96,0.9102564102564102
progressive/rome_benchmark/grafo6425.78,87,9,betweeness,0.8929577464788734,0.8494807084441321,0.11190476190476191,0.13580246913580246,0.0992063492063492,0.9583333333333334,78,96,0.9102564102564102
progressive/rome_benchmark/grafo6425.78,87,9,rmc,0.9280125195618153,1.0,0.11190476190476191,0.10999999999999999,0.08928571428571429,0.85,78,96,0.9230769230769231
progressive/rome_benchmark/grafo6425.78,87,9,random,0.9280125195618153,1.0,0.11190476190476191,0.11111111111111112,0.09956709956709955,0.9666666666666667,78,96,0.9230769230769231
progressive/rome_benchmark/grafo6425.78,87,9,spectral,0.9511387163561077,1.0,0.11190476190476191,0.13209876543209875,0.10461760461760461,0.9249999999999999,78,96,0.8974358974358975
progressive/rome_benchmark/grafo6425.78,96,10,degree,1.0,1.0,0.11190476190476191,0.11190476190476191,0.11190476190476191,1.0,78,96,1.0
progressive/rome_benchmark/grafo6425.78,96,10,closeness,1.0,1.0,0.11190476190476191,0.11190476190476191,0.11190476190476191,1.0,78,96,1.0
progressive/rome_benchmark/grafo6425.78,96,10,betweeness,1.0,1.0,0.11190476190476191,0.11190476190476191,0.11190476190476191,1.0,78,96,1.0
progressive/rome_benchmark/grafo6425.78,96,10,rmc,1.0,1.0,0.11190476190476191,0.11190476190476191,0.11190476190476191,1.0,78,96,1.0
progressive/rome_benchmark/grafo6425.78,96,10,random,1.0,1.0,0.11190476190476191,0.11190476190476191,0.11190476190476191,1.0,78,96,1.0
progressive/rome_benchmark/grafo6425.78,96,10,spectral,1.0,1.0,0.11190476190476191,0.11190476190476191,0.11190476190476191,1.0,78,96,1.0
progressive/rome_benchmark/grafo2598.21,3,1,degree,0.3333333333333334,-0.3333333333333332,0.96875,3.0,0.3333333333333333,0.1875,21,28,0.19047619047619047
progressive/rome_benchmark/grafo2598.21,3,1,closeness,0.19999999999999998,-0.5,0.96875,0,0,0.0,21,28,0.23809523809523808
progressive/rome_benchmark/grafo2598.21,3,1,betweeness,0.19999999999999998,-0.5,0.96875,0,0,0.0,21,28,0.23809523809523808
progressive/rome_benchmark/grafo2598.21,3,1,rmc,0.39999999999999997,-0.5,0.96875,0,0,0.0,21,28,0.23809523809523808
progressive/rome_benchmark/grafo2598.21,3,1,random,0.3333333333333334,-0.3333333333333332,0.96875,3.0,0.3333333333333333,0.1875,21,28,0.19047619047619047
progressive/rome_benchmark/grafo2598.21,3,1,spectral,0.6666666666666669,-0.5,0.96875,0,0,0.0,21,28,0.19047619047619047
progressive/rome_benchmark/grafo2598.21,6,2,degree,0.21428571428571427,0.6666666666666666,0.96875,4.0,1.0,0.25,21,28,0.38095238095238093
progressive/rome_benchmark/grafo2598.21,6,2,closeness,0.5714285714285714,0.6666666666666666,0.96875,4.0,1.0,0.25,21,28,0.38095238095238093
progressive/rome_benchmark/grafo2598.21,6,2,betweeness,0.5714285714285714,0.6666666666666666,0.96875,4.0,1.0,0.25,21,28,0.38095238095238093
progressive/rome_benchmark/grafo2598.21,6,2,rmc,0.5714285714285714,0.6666666666666666,0.96875,4.0,1.0,0.25,21,28,0.38095238095238093
progressive/rome_benchmark/grafo2598.21,6,2,random,0.3333333333333333,0.0,0.96875,3.0,0.75,0.041666666666666664,21,28,0.42857142857142855
progressive/rome_benchmark/grafo2598.21,6,2,spectral,0.5714285714285714,0.0,0.96875,4.0,0.4444444444444444,0.25,21,28,0.38095238095238093
progressive/rome_benchmark/grafo2598.21,9,3,degree,0.6444444444444444,0.4,0.96875,4.0,0.6666666666666666,0.5,21,28,0.47619047619047616
progressive/rome_benchmark/grafo2598.21,9,3,closeness,0.28888888888888886,-0.6666666666666666,0.96875,3.5,0.125,0.2916666666666667,21,28,0.47619047619047616
progressive/rome_benchmark/grafo2598.21,9,3,betweeness,0.28888888888888886,-0.6666666666666666,0.96875,3.5,0.125,0.2916666666666667,21,28,0.47619047619047616
progressive/rome_benchmark/grafo2598.21,9,3,rmc,0.7222222222222222,1.0,0.96875,1.375,0.375,0.3,21,28,0.42857142857142855
progressive/rome_benchmark/grafo2598.21,9,3,random,0.37777777777777777,0.3333333333333333,0.96875,4.0,1.0,0.25,21,28,0.47619047619047616
progressive/rome_benchmark/grafo2598.21,9,3,spectral,0.38181818181818183,0.0,0.96875,4.0,0.4444444444444444,0.25,21,28,0.5238095238095238
progressive/rome_benchmark/grafo2598.21,12,4,degree,0.303030303030303,0.13333333333333333,0.96875,3.6666666666666665,0.15625,0.5416666666666667,21,28,0.5714285714285714
progressive/rome_benchmark/grafo2598.21,12,4,closeness,0.4848484848484848,0.0,0.96875,2.8333333333333335,0.26666666666666666,0.2916666666666667,21,28,0.5714285714285714
progressive/rome_benchmark/grafo2598.21,12,4,betweeness,0.4848484848484848,0.0,0.96875,2.8333333333333335,0.26666666666666666,0.2916666666666667,21,28,0.5714285714285714
progressive/rome_benchmark/grafo2598.21,12,4,rmc,0.8181818181818181,1.0,0.96875,4.0,1.0,0.25,21,28,0.5714285714285714
progressive/rome_benchmark/grafo2598.21,12,4,random,0.5384615384615384,0.6666666666666666,0.96875,3.5,0.275,0.2916666666666667,21,28,0.6666666666666666
progressive/rome_benchmark/grafo2598.21,12,4,spectral,0.3846153846153845,0.3333333333333333,0.96875,3.5,0.35416666666666663,0.3,21,28,0.6190476190476191
progressive/rome_benchmark/grafo2598.21,14,5,degree,0.3846153846153845,0.26666666666666666,0.96875,3.1666666666666665,0.3,0.5416666666666667,21,28,0.6190476190476191
progressive/rome_benchmark/grafo2598.21,14,5,closeness,0.42857142857142855,0.0,0.96875,2.75,0.3125,0.2916666666666667,21,28,0.6666666666666666
progressive/rome_benchmark/grafo2598.21,14,5,betweeness,0.42857142857142855,0.0,0.96875,2.75,0.3125,0.2916666666666667,21,28,0.6666666666666666
progressive/rome_benchmark/grafo2598.21,14,5,rmc,0.6923076923076922,0.3333333333333333,0.96875,1.0,0.4444444444444444,0.25,21,28,0.6190476190476191
progressive/rome_benchmark/grafo2598.21,14,5,random,0.6761904761904762,0.6666666666666666,0.96875,3.5,0.5833333333333334,0.2916666666666667,21,28,0.7142857142857143
progressive/rome_benchmark/grafo2598.21,14,5,spectral,0.4871794871794871,0.6666666666666666,0.96875,1.4166666666666667,0.3194444444444445,0.3416666666666667,21,28,0.6190476190476191
progressive/rome_benchmark/grafo2598.21,17,6,degree,0.6000000000000001,0.35294117647058826,0.96875,2.5,0.9166666666666666,0.5416666666666667,21,28,0.7142857142857143
progressive/rome_benchmark/grafo2598.21,17,6,closeness,0.5047619047619049,0.8333333333333334,0.96875,0.75,0.75,0.5,21,28,0.7142857142857143
progressive/rome_benchmark/grafo2598.21,17,6,betweeness,0.5047619047619049,0.8333333333333334,0.96875,0.75,0.75,0.5,21,28,0.7142857142857143
progressive/rome_benchmark/grafo2598.21,17,6,rmc,0.6571428571428571,0.29993815708101423,0.96875,0.7083333333333334,0.39814814814814814,0.5416666666666666,21,28,0.7142857142857143
progressive/rome_benchmark/grafo2598.21,17,6,random,0.6911764705882353,0.6952380952380952,0.96875,2.6666666666666665,0.3541666666666667,0.625,21,28,0.8095238095238095
progressive/rome_benchmark/grafo2598.21,17,6,spectral,0.6571428571428571,1.0,0.96875,1.1666666666666667,0.7222222222222222,0.3416666666666667,21,28,0.7142857142857143
progressive/rome_benchmark/grafo2598.21,20,7,degree,0.6617647058823529,0.37254901960784315,0.96875,2.5,0.9166666666666666,0.5416666666666667,21,28,0.8095238095238095
progressive/rome_benchmark/grafo2598.21,20,7,closeness,0.6617647058823529,1.0,0.96875,0.75,0.75,0.5,21,28,0.8095238095238095
progressive/rome_benchmark/grafo2598.21,20,7,betweeness,0.6617647058823529,1.0,0.96875,0.75,0.75,0.5,21,28,0.8095238095238095
progressive/rome_benchmark/grafo2598.21,20,7,rmc,0.65,1.0,0.96875,1.4166666666666667,1.4166666666666667,0.5416666666666666,21,28,0.7619047619047619
progressive/rome_benchmark/grafo2598.21,20,7,random,0.7499999999999999,1.0,0.96875,0.75,0.75,0.5,21,28,0.8095238095238095
progressive/rome_benchmark/grafo2598.21,20,7,spectral,0.764705882352941,0.9735099337748344,0.96875,2.0,0.611111111111111,0.6875,21,28,0.8095238095238095
progressive/rome_benchmark/grafo2598.21,23,8,degree,0.6725146198830408,0.06173405108235024,0.96875,2.0625,2.0625,0.7916666666666666,21,28,0.9047619047619048
progressive/rome_benchmark/grafo2598.21,23,8,closeness,0.6631578947368422,1.0,0.96875,0.6666666666666666,0.6666666666666666,0.5416666666666666,21,28,0.9523809523809523
progressive/rome_benchmark/grafo2598.21,23,8,betweeness,0.6631578947368422,1.0,0.96875,0.6666666666666666,0.6666666666666666,0.5416666666666666,21,28,0.9523809523809523
progressive/rome_benchmark/grafo2598.21,23,8,rmc,0.5906432748538012,1.0,0.96875,1.4166666666666667,1.4166666666666667,0.5416666666666666,21,28,0.9047619047619048
progressive/rome_benchmark/grafo2598.21,23,8,random,0.7309941520467835,0.3333333333333333,0.96875,1.03125,0.3489583333333333,0.7916666666666666,21,28,0.9047619047619048
progressive/rome_benchmark/grafo2598.21,23,8,spectral,0.7777777777777777,1.0,0.96875,2.0,0.611111111111111,0.6875,21,28,0.9047619047619048
progressive/rome_benchmark/grafo2598.21,26,9,degree,0.8631578947368421,0.3796054375402325,0.96875,0.625,0.625,0.9375,21,28,0.9523809523809523
progressive/rome_benchmark/grafo2598.21,26,9,closeness,0.7809523809523811,0.7037037037037037,0.96875,1.1666666666666667,1.1666666666666667,0.75,21,28,1.0
progressive/rome_benchmark/grafo2598.21,26,9,betweeness,0.7809523809523811,0.7037037037037037,0.96875,1.1666666666666667,1.1666666666666667,0.75,21,28,1.0
progressive/rome_benchmark/grafo2598.21,26,9,rmc,0.8631578947368421,0.3796054375402325,0.96875,0.625,0.625,0.9375,21,28,0.9523809523809523
progressive/rome_benchmark/grafo2598.21,26,9,random,0.8,1.0,0.96875,2.0625,2.0625,0.7916666666666666,21,28,1.0
progressive/rome_benchmark/grafo2598.21,26,9,spectral,0.8190476190476191,1.0,0.96875,2.4375,0.625,0.9375,21,28,1.0
progressive/rome_benchmark/grafo2598.21,28,10,degree,1.0,1.0,0.96875,0.96875,0.96875,1.0,21,28,1.0
progressive/rome_benchmark/grafo2598.21,28,10,closeness,1.0,1.0,0.96875,0.96875,0.96875,1.0,21,28,1.0
progressive/rome_benchmark/grafo2598.21,28,10,betweeness,1.0,1.0,0.96875,0.96875,0.96875,1.0,21,28,1.0
progressive/rome_benchmark/grafo2598.21,28,10,rmc,1.0,1.0,0.96875,0.96875,0.96875,1.0,21,28,1.0
progressive/rome_benchmark/grafo2598.21,28,10,random,1.0,1.0,0.96875,0.96875,0.96875,1.0,21,28,1.0
progressive/rome_benchmark/grafo2598.21,28,10,spectral,1.0,1.0,0.96875,0.96875,0.96875,1.0,21,28,1.0
progressive/rome_benchmark/grafo4758.72,9,1,degree,0.6888888888888888,1.0,0.18571428571428572,4.0,0.4375,0.06666666666666667,72,89,0.1388888888888889
progressive/rome_benchmark/grafo4758.72,9,1,closeness,0.5636363636363636,-0.5,0.18571428571428572,0,0,0.0,72,89,0.1527777777777778
progressive/rome_benchmark/grafo4758.72,9,1,betweeness,0.3090909090909091,0.0,0.18571428571428572,3.0,0.3333333333333333,0.0,72,89,0.1527777777777778
progressive/rome_benchmark/grafo4758.72,9,1,rmc,0.7454545454545454,0.0,0.18571428571428572,3.0,3.0,0.0,72,89,0.1527777777777778
progressive/rome_benchmark/grafo4758.72,9,1,random,0.5636363636363636,0.0,0.18571428571428572,3.0,3.0,0.0,72,89,0.1527777777777778
progressive/rome_benchmark/grafo4758.72,9,1,spectral,0.8181818181818182,-0.5,0.18571428571428572,0,0,0.0,72,89,0.1527777777777778
progressive/rome_benchmark/grafo4758.72,18,2,degree,0.4502923976608187,1.0,0.18571428571428572,3.6666666666666665,0.33333333333333337,0.26666666666666666,72,89,0.2638888888888889
progressive/rome_benchmark/grafo4758.72,18,2,closeness,0.5263157894736842,0.0,0.18571428571428572,3.0,0.3125,0.0,72,89,0.2777777777777778
progressive/rome_benchmark/grafo4758.72,18,2,betweeness,0.6374269005847952,1.0,0.18571428571428572,3.3333333333333335,1.3333333333333333,0.15,72,89,0.2638888888888889
progressive/rome_benchmark/grafo4758.72,18,2,rmc,0.7516339869281047,0.0,0.18571428571428572,1.375,1.375,0.0,72,89,0.25
progressive/rome_benchmark/grafo4758.72,18,2,random,0.4285714285714286,1.0,0.18571428571428572,3.0,0.3125,0.1,72,89,0.2916666666666667
progressive/rome_benchmark/grafo4758.72,18,2,spectral,0.7516339869281047,0.0,0.18571428571428572,1.375,1.375,0.0,72,89,0.25
progressive/rome_benchmark/grafo4758.72,27,3,degree,0.5763546798029556,1.0,0.18571428571428572,1.5833333333333333,0.33333333333333337,0.26666666666666666,72,89,0.4027777777777778
progressive/rome_benchmark/grafo4758.72,27,3,closeness,0.5665024630541872,1.0,0.18571428571428572,1.25,0.6666666666666666,0.13999999999999999,72,89,0.4027777777777778
progressive/rome_benchmark/grafo4758.72,27,3,betweeness,0.6861538461538462,1.0,0.18571428571428572,1.55,0.45999999999999996,0.25,72,89,0.3611111111111111
progressive/rome_benchmark/grafo4758.72,27,3,rmc,0.6502463054187192,1.0,0.18571428571428572,0.5,0.3333333333333333,0.1,72,89,0.4027777777777778
progressive/rome_benchmark/grafo4758.72,27,3,random,0.6256157635467979,1.0,0.18571428571428572,0.75,0.75,0.1,72,89,0.4027777777777778
progressive/rome_benchmark/grafo4758.72,27,3,spectral,0.7094017094017095,1.0,0.18571428571428572,1.25,0.22916666666666666,0.15,72,89,0.375
progressive/rome_benchmark/grafo4758.72,36,4,degree,0.5762483130904184,1.0,0.18571428571428572,1.25,0.6666666666666666,0.3,72,89,0.5416666666666666
progressive/rome_benchmark/grafo4758.72,36,4,closeness,0.48648648648648646,1.0,0.18571428571428572,1.3125,0.75,0.13999999999999999,72,89,0.5138888888888888
progressive/rome_benchmark/grafo4758.72,36,4,betweeness,0.5135135135135135,1.0,0.18571428571428572,0.5,0.3125,0.2,72,89,0.5138888888888888
progressive/rome_benchmark/grafo4758.72,36,4,rmc,0.7117117117117118,1.0,0.18571428571428572,1.1666666666666667,0.7037037037037037,0.15,72,89,0.5138888888888888
progressive/rome_benchmark/grafo4758.72,36,4,random,0.5333333333333333,0.0,0.18571428571428572,1.125,1.125,0.0,72,89,0.5
progressive/rome_benchmark/grafo4758.72,36,4,spectral,0.7210084033613445,1.0,0.18571428571428572,1.125,0.4375,0.24,72,89,0.4861111111111111
progressive/rome_benchmark/grafo4758.72,45,5,degree,0.5797979797979796,1.0,0.18571428571428572,0.6666666666666666,0.6666666666666666,0.3,72,89,0.625
progressive/rome_benchmark/grafo4758.72,45,5,closeness,0.5771670190274841,1.0,0.18571428571428572,0.75,0.75,0.2,72,89,0.6111111111111112
progressive/rome_benchmark/grafo4758.72,45,5,betweeness,0.5791805094130675,1.0,0.18571428571428572,0.625,0.4375,0.3,72,89,0.5972222222222222
progressive/rome_benchmark/grafo4758.72,45,5,rmc,0.7103594080338266,1.0,0.18571428571428572,1.0,1.0,0.15,72,89,0.6111111111111112
progressive/rome_benchmark/grafo4758.72,45,5,random,0.6677740863787375,1.0,0.18571428571428572,0.6666666666666666,0.46875,0.15,72,89,0.5972222222222222
progressive/rome_benchmark/grafo4758.72,45,5,spectral,0.8073170731707318,1.0,0.18571428571428572,0.4583333333333333,0.4583333333333333,0.2,72,89,0.5694444444444444
progressive/rome_benchmark/grafo4758.72,54,6,degree,0.6377551020408162,1.0,0.18571428571428572,0.375,0.375,0.5,72,89,0.6805555555555556
progressive/rome_benchmark/grafo4758.72,54,6,closeness,0.6018099547511312,1.0,0.18571428571428572,0.625,0.4375,0.5,72,89,0.7222222222222222
progressive/rome_benchmark/grafo4758.72,54,6,betweeness,0.6440816326530613,1.0,0.18571428571428572,0.36,0.36,0.5,72,89,0.6944444444444444
progressive/rome_benchmark/grafo4758.72,54,6,rmc,0.8316326530612244,1.0,0.18571428571428572,0.3125,0.3125,0.2,72,89,0.6805555555555556
progressive/rome_benchmark/grafo4758.72,54,6,random,0.6506122448979592,1.0,0.18571428571428572,0.325,0.325,0.45,72,89,0.6944444444444444
progressive/rome_benchmark/grafo4758.72,54,6,spectral,0.8404255319148938,1.0,0.18571428571428572,0.2916666666666667,0.2916666666666667,0.4,72,89,0.6666666666666666
progressive/rome_benchmark/grafo4758.72,63,7,degree,0.7158249158249159,1.0,0.18571428571428572,0.2380952380952381,0.19791666666666666,0.54,72,89,0.7638888888888888
progressive/rome_benchmark/grafo4758.72,63,7,closeness,0.6793708408953417,1.0,0.18571428571428572,0.26666666666666666,0.26666666666666666,0.6,72,89,0.8055555555555556
progressive/rome_benchmark/grafo4758.72,63,7,betweeness,0.6793708408953417,1.0,0.18571428571428572,0.26666666666666666,0.26666666666666666,0.6,72,89,0.8055555555555556
progressive/rome_benchmark/grafo4758.72,63,7,rmc,0.8370370370370371,1.0,0.18571428571428572,0.2916666666666667,0.2916666666666667,0.4,72,89,0.7638888888888888
progressive/rome_benchmark/grafo4758.72,63,7,random,0.7217180883242588,1.0,0.18571428571428572,0.3,0.24285714285714285,0.3,72,89,0.8055555555555556
progressive/rome_benchmark/grafo4758.72,63,7,spectral,0.7393483709273184,1.0,0.18571428571428572,0.46875,0.275,0.48,72,89,0.7916666666666666
progressive/rome_benchmark/grafo4758.72,72,8,degree,0.7934426229508196,1.0,0.18571428571428572,0.14814814814814814,0.14814814814814814,0.7,72,89,0.8472222222222222
progressive/rome_benchmark/grafo4758.72,72,8,closeness,0.7665130568356374,1.0,0.18571428571428572,0.17857142857142858,0.17857142857142858,0.6,72,89,0.875
progressive/rome_benchmark/grafo4758.72,72,8,betweeness,0.7665130568356374,1.0,0.18571428571428572,0.17857142857142858,0.17857142857142858,0.6,72,89,0.875
progressive/rome_benchmark/grafo4758.72,72,8,rmc,0.8627752176139272,1.0,0.18571428571428572,0.18333333333333335,0.15,0.6,72,89,0.875
progressive/rome_benchmark/grafo4758.72,72,8,random,0.8382513661202186,1.0,0.18571428571428572,0.2638888888888889,0.21428571428571427,0.75,72,89,0.8472222222222222
progressive/rome_benchmark/grafo4758.72,72,8,spectral,0.8074756784434203,1.0,0.18571428571428572,0.21666666666666667,0.21666666666666667,0.8,72,89,0.875
progressive/rome_benchmark/grafo4758.72,81,9,degree,0.8682692307692309,1.0,0.18571428571428572,0.14285714285714288,0.12142857142857141,1.0,72,89,0.9027777777777778
progressive/rome_benchmark/grafo4758.72,81,9,closeness,0.8595258999122036,1.0,0.18571428571428572,0.14814814814814814,0.125,0.8,72,89,0.9444444444444444
progressive/rome_benchmark/grafo4758.72,81,9,betweeness,0.8595258999122036,1.0,0.18571428571428572,0.14814814814814814,0.125,0.8,72,89,0.9444444444444444
progressive/rome_benchmark/grafo4758.72,81,9,rmc,0.9367866549604915,1.0,0.18571428571428572,0.15,0.15,0.6,72,89,0.9444444444444444
progressive/rome_benchmark/grafo4758.72,81,9,random,0.8932609678878337,1.0,0.18571428571428572,0.1285714285714286,0.09821428571428571,0.8400000000000001,72,89,0.9305555555555556
progressive/rome_benchmark/grafo4758.72,81,9,spectral,0.9231117141564904,1.0,0.18571428571428572,0.325,0.325,0.72,72,89,0.9305555555555556
progressive/rome_benchmark/grafo4758.72,89,10,degree,0.9999999999999999,1.0,0.18571428571428572,0.18571428571428572,0.18571428571428572,1.0,72,89,1.0
progressive/rome_benchmark/grafo4758.72,89,10,closeness,0.9999999999999999,1.0,0.18571428571428572,0.18571428571428572,0.18571428571428572,1.0,72,89,1.0
progressive/rome_benchmark/grafo4758.72,89,10,betweeness,0.9999999999999999,1.0,0.18571428571428572,0.18571428571428572,0.18571428571428572,1.0,72,89,1.0
progressive/rome_benchmark/grafo4758.72,89,10,rmc,0.9999999999999999,1.0,0.18571428571428572,0.18571428571428572,0.18571428571428572,1.0,72,89,1.0
progressive/rome_benchmark/grafo4758.72,89,10,random,0.9999999999999999,1.0,0.18571428571428572,0.18571428571428572,0.18571428571428572,1.0,72,89,1.0
progressive/rome_benchmark/grafo4758.72,89,10,spectral,0.9999999999999999,1.0,0.18571428571428572,0.18571428571428572,0.18571428571428572,1.0,72,89,1.0
progressive/rome_benchmark/grafo6449.51,7,1,degree,0.3571428571428571,0.33333333333333337,0.171875,5.0,0.3125,0.09999999999999999,51,65,0.1568627450980392
progressive/rome_benchmark/grafo6449.51,7,1,closeness,0.3333333333333333,-0.5,0.171875,0,0,0.0,51,65,0.17647058823529413
progressive/rome_benchmark/grafo6449.51,7,1,betweeness,0.5555555555555556,-0.5,0.171875,0,0,0.0,51,65,0.17647058823529413
progressive/rome_benchmark/grafo6449.51,7,1,rmc,0.3333333333333333,0.0,0.171875,3.0,0.75,0.0,51,65,0.17647058823529413
progressive/rome_benchmark/grafo6449.51,7,1,random,0.611111111111111,0.0,0.171875,3.0,3.0,0.0,51,65,0.17647058823529413
progressive/rome_benchmark/grafo6449.51,7,1,spectral,0.4999999999999999,0.3333333333333334,0.171875,4.0,1.0,0.125,51,65,0.1568627450980392
progressive/rome_benchmark/grafo6449.51,13,2,degree,0.45054945054945056,0.40740740740740744,0.171875,4.5,1.0555555555555556,0.2333333333333333,51,65,0.27450980392156865
progressive/rome_benchmark/grafo6449.51,13,2,closeness,0.5824175824175825,1.0,0.171875,4.0,1.0,0.13333333333333333,51,65,0.27450980392156865
progressive/rome_benchmark/grafo6449.51,13,2,betweeness,0.6666666666666665,0.6666666666666667,0.171875,4.0,0.8888888888888888,0.16111111111111112,51,65,0.2549019607843137
progressive/rome_benchmark/grafo6449.51,13,2,rmc,0.7142857142857144,0.0,0.171875,4.0,1.0,0.0,51,65,0.27450980392156865
progressive/rome_benchmark/grafo6449.51,13,2,random,0.41666666666666663,0.0,0.171875,3.0,0.14583333333333334,0.0,51,65,0.3137254901960784
progressive/rome_benchmark/grafo6449.51,13,2,spectral,0.6043956043956044,0.3333333333333334,0.171875,4.0,4.0,0.125,51,65,0.27450980392156865
progressive/rome_benchmark/grafo6449.51,20,3,degree,0.5428571428571428,0.7037037037037038,0.171875,4.0,0.6527777777777778,0.26666666666666666,51,65,0.4117647058823529
progressive/rome_benchmark/grafo6449.51,20,3,closeness,0.38947368421052636,1.0,0.171875,3.6666666666666665,0.4,0.20000000000000004,51,65,0.39215686274509803
progressive/rome_benchmark/grafo6449.51,20,3,betweeness,0.5473684210526316,0.66996699669967,0.171875,4.0,0.5555555555555556,0.20158730158730162,51,65,0.39215686274509803
progressive/rome_benchmark/grafo6449.51,20,3,rmc,0.6526315789473685,1.0,0.171875,2.1666666666666665,0.75,0.06666666666666667,51,65,0.39215686274509803
progressive/rome_benchmark/grafo6449.51,20,3,random,0.4861660079051383,0.7037037037037038,0.171875,4.5,1.0555555555555556,0.2333333333333333,51,65,0.45098039215686275
progressive/rome_benchmark/grafo6449.51,20,3,spectral,0.6000000000000001,1.0,0.171875,2.75,2.75,0.2916666666666667,51,65,0.39215686274509803
progressive/rome_benchmark/grafo6449.51,26,4,degree,0.6000000000000001,0.40951029098651526,0.171875,4.75,0.8645833333333334,0.3888888888888889,51,65,0.5098039215686274
progressive/rome_benchmark/grafo6449.51,26,4,closeness,0.5434782608695652,-0.012006861063464777,0.171875,0.9444444444444445,0.6666666666666666,0.22222222222222224,51,65,0.47058823529411764
progressive/rome_benchmark/grafo6449.51,26,4,betweeness,0.691699604743083,0.8021978021978022,0.171875,4.25,0.6875,0.2722222222222222,51,65,0.45098039215686275
progressive/rome_benchmark/grafo6449.51,26,4,rmc,0.6430769230769231,1.0,0.171875,2.5,0.3125,0.09999999999999999,51,65,0.5098039215686274
progressive/rome_benchmark/grafo6449.51,26,4,random,0.6984615384615385,0.33333333333333337,0.171875,5.0,5.0,0.09999999999999999,51,65,0.5098039215686274
progressive/rome_benchmark/grafo6449.51,26,4,spectral,0.608695652173913,0.8611111111111112,0.171875,1.1666666666666667,0.7222222222222222,0.39166666666666666,51,65,0.47058823529411764
progressive/rome_benchmark/grafo6449.51,33,5,degree,0.6459770114942529,0.6214941022280472,0.171875,1.9,0.775,0.5222222222222223,51,65,0.5882352941176471
progressive/rome_benchmark/grafo6449.51,33,5,closeness,0.619047619047619,1.0,0.171875,0.7666666666666666,0.35333333333333333,0.2833333333333333,51,65,0.5490196078431373
progressive/rome_benchmark/grafo6449.51,33,5,betweeness,0.656084656084656,0.6071584460934091,0.171875,4.2,0.75,0.33888888888888885,51,65,0.5490196078431373
progressive/rome_benchmark/grafo6449.51,33,5,rmc,0.6965517241379311,1.0,0.171875,1.3333333333333333,1.3333333333333333,0.225,51,65,0.5882352941176471
progressive/rome_benchmark/grafo6449.51,33,5,random,0.6325757575757576,0.43701399688958015,0.171875,1.6666666666666667,0.6527777777777778,0.35555555555555557,51,65,0.6470588235294118
progressive/rome_benchmark/grafo6449.51,33,5,spectral,0.7492877492877494,1.0,0.171875,1.1875,1.1875,0.4583333333333333,51,65,0.5294117647058824
progressive/rome_benchmark/grafo6449.51,39,6,degree,0.6541889483065955,0.5800524934383202,0.171875,0.7666666666666666,0.5533333333333333,0.35555555555555557,51,65,0.6666666666666666
progressive/rome_benchmark/grafo6449.51,39,6,closeness,0.7075268817204302,1.0,0.171875,1.0333333333333334,1.0333333333333334,0.3055555555555555,51,65,0.6078431372549019
progressive/rome_benchmark/grafo6449.51,39,6,betweeness,0.7075268817204302,1.0,0.171875,1.0333333333333334,1.0333333333333334,0.3055555555555555,51,65,0.6078431372549019
progressive/rome_benchmark/grafo6449.51,39,6,rmc,0.6920634920634922,1.0,0.171875,0.8333333333333334,0.3333333333333333,0.25,51,65,0.7058823529411765
progressive/rome_benchmark/grafo6449.51,39,6,random,0.807486631016043,0.6719967199671998,0.171875,0.53125,0.24107142857142858,0.5000000000000001,51,65,0.6666666666666666
progressive/rome_benchmark/grafo6449.51,39,6,spectral,0.6893939393939394,0.8870588235294118,0.171875,2.4166666666666665,2.4166666666666665,0.5833333333333334,51,65,0.6470588235294118
progressive/rome_benchmark/grafo6449.51,46,7,degree,0.7428571428571429,0.8370135027799842,0.171875,0.9285714285714285,0.9285714285714285,0.5972222222222222,51,65,0.7058823529411765
progressive/rome_benchmark/grafo6449.51,46,7,closeness,0.7237237237237237,1.0,0.171875,0.575,0.2742857142857143,0.30972222222222223,51,65,0.7254901960784313
progressive/rome_benchmark/grafo6449.51,46,7,betweeness,0.7237237237237237,1.0,0.171875,0.575,0.2742857142857143,0.30972222222222223,51,65,0.7254901960784313
progressive/rome_benchmark/grafo6449.51,46,7,rmc,0.7902439024390244,1.0,0.171875,0.8333333333333334,0.3333333333333333,0.19166666666666665,51,65,0.803921568627451
progressive/rome_benchmark/grafo6449.51,46,7,random,0.7516869095816464,0.747653429602888,0.171875,0.6527777777777778,0.2638888888888889,0.6,51,65,0.7647058823529411
progressive/rome_benchmark/grafo6449.51,46,7,spectral,0.8558558558558559,0.9289835774522859,0.171875,1.5,1.5,0.5513888888888889,51,65,0.7254901960784313
progressive/rome_benchmark/grafo6449.51,52,8,degree,0.8170731707317073,0.9673321234119783,0.171875,0.638888888888889,0.638888888888889,0.4763888888888889,51,65,0.803921568627451
progressive/rome_benchmark/grafo6449.51,52,8,closeness,0.7723577235772359,1.0,0.171875,0.4166666666666667,0.26666666666666666,0.5597222222222222,51,65,0.8235294117647058
progressive/rome_benchmark/grafo6449.51,52,8,betweeness,0.7723577235772359,1.0,0.171875,0.4166666666666667,0.26666666666666666,0.5597222222222222,51,65,0.8235294117647058
progressive/rome_benchmark/grafo6449.51,52,8,rmc,0.8715393133997784,0.609984399375975,0.171875,0.25,0.18452380952380953,0.5333333333333333,51,65,0.8431372549019608
progressive/rome_benchmark/grafo6449.51,52,8,random,0.8183831672203765,1.0,0.171875,0.41666666666666663,0.32,0.35833333333333334,51,65,0.8431372549019608
progressive/rome_benchmark/grafo6449.51,52,8,spectral,0.7984496124031008,0.9803560466543892,0.171875,0.475,0.23714285714285716,0.4847222222222222,51,65,0.8431372549019608
progressive/rome_benchmark/grafo6449.51,59,9,degree,0.9373737373737373,0.9539402662828356,0.171875,0.23611111111111113,0.17857142857142858,0.4666666666666666,51,65,0.8823529411764706
progressive/rome_benchmark/grafo6449.51,59,9,closeness,0.9342995169082127,0.9757403458895996,0.171875,0.1953125,0.1550925925925926,0.625,51,65,0.9019607843137255
progressive/rome_benchmark/grafo6449.51,59,9,betweeness,0.9342995169082127,0.9757403458895996,0.171875,0.1953125,0.1550925925925926,0.625,51,65,0.9019607843137255
progressive/rome_benchmark/grafo6449.51,59,9,rmc,0.9024822695035463,0.6115184771524305,0.171875,0.1640625,0.1640625,0.6666666666666666,51,65,0.9411764705882353
progressive/rome_benchmark/grafo6449.51,59,9,random,0.8673469387755102,0.9816382154640654,0.171875,0.1796875,0.14583333333333334,0.6666666666666666,51,65,0.9607843137254902
progressive/rome_benchmark/grafo6449.51,59,9,spectral,0.9167437557816838,1.0,0.171875,0.3958333333333333,0.3958333333333333,0.7000000000000001,51,65,0.9215686274509803
progressive/rome_benchmark/grafo6449.51,65,10,degree,1.0,1.0,0.171875,0.171875,0.171875,1.0,51,65,1.0
progressive/rome_benchmark/grafo6449.51,65,10,closeness,1.0,1.0,0.171875,0.171875,0.171875,1.0,51,65,1.0
progressive/rome_benchmark/grafo6449.51,65,10,betweeness,1.0,1.0,0.171875,0.171875,0.171875,1.0,51,65,1.0
progressive/rome_benchmark/grafo6449.51,65,10,rmc,1.0,1.0,0.171875,0.171875,0.171875,1.0,51,65,1.0
progressive/rome_benchmark/grafo6449.51,65,10,random,1.0,1.0,0.171875,0.171875,0.171875,1.0,51,65,1.0
progressive/rome_benchmark/grafo6449.51,65,10,spectral,1.0,1.0,0.171875,0.171875,0.171875,1.0,51,65,1.0
progressive/rome_benchmark/grafo5401.74,10,1,degree,0.7454545454545454,0.33333333333333337,0.28125,4.0,0.6666666666666666,0.15,74,96,0.14864864864864866
progressive/rome_benchmark/grafo5401.74,10,1,closeness,0.45054945054945056,-0.5,0.28125,0,0,0.0,74,96,0.1891891891891892
progressive/rome_benchmark/grafo5401.74,10,1,betweeness,0.564102564102564,1.0,0.28125,3.0,0.75,0.125,74,96,0.17567567567567569
progressive/rome_benchmark/grafo5401.74,10,1,rmc,0.4909090909090909,0.0,0.28125,3.0,0.3333333333333333,0.0,74,96,0.14864864864864866
progressive/rome_benchmark/grafo5401.74,10,1,random,0.7454545454545454,0.33333333333333337,0.28125,4.0,0.6666666666666666,0.15,74,96,0.14864864864864866
progressive/rome_benchmark/grafo5401.74,10,1,spectral,0.4909090909090909,0.0,0.28125,3.0,0.3333333333333333,0.0,74,96,0.14864864864864866
progressive/rome_benchmark/grafo5401.74,20,2,degree,0.645021645021645,0.33333333333333337,0.28125,4.0,0.3125,0.15,74,96,0.2972972972972973
progressive/rome_benchmark/grafo5401.74,20,2,closeness,0.5441595441595443,-0.5,0.28125,0,0,0.0,74,96,0.36486486486486486
progressive/rome_benchmark/grafo5401.74,20,2,betweeness,0.6571428571428571,-1.0,0.28125,3.0,0.3125,0.125,74,96,0.28378378378378377
progressive/rome_benchmark/grafo5401.74,20,2,rmc,0.4782608695652174,-0.0666666666666666,0.28125,1.25,0.26666666666666666,0.5,74,96,0.3108108108108108
progressive/rome_benchmark/grafo5401.74,20,2,random,0.37999999999999995,-0.5,0.28125,0,0,0.0,74,96,0.33783783783783783
progressive/rome_benchmark/grafo5401.74,20,2,spectral,0.5619047619047619,0.0,0.28125,1.125,0.5,0.0,74,96,0.28378378378378377
progressive/rome_benchmark/grafo5401.74,29,3,degree,0.5954022988505747,0.33333333333333337,0.28125,4.5,0.2265625,0.3,74,96,0.40540540540540543
progressive/rome_benchmark/grafo5401.74,29,3,closeness,0.41741741741741745,-0.5,0.28125,0,0,0.0,74,96,0.5
progressive/rome_benchmark/grafo5401.74,29,3,betweeness,0.5569892473118281,-1.0,0.28125,3.0,0.75,0.125,74,96,0.4189189189189189
progressive/rome_benchmark/grafo5401.74,29,3,rmc,0.5492424242424242,1.0,0.28125,1.125,1.125,0.25,74,96,0.44594594594594594
progressive/rome_benchmark/grafo5401.74,29,3,random,0.4084033613445378,1.0,0.28125,1.25,0.6666666666666666,0.25,74,96,0.47297297297297297
progressive/rome_benchmark/grafo5401.74,29,3,spectral,0.5913978494623657,0.3333333333333334,0.28125,1.125,0.5,0.25,74,96,0.4189189189189189
progressive/rome_benchmark/grafo5401.74,39,4,degree,0.580952380952381,-0.33333333333333326,0.28125,1.0833333333333333,0.1953125,0.3,74,96,0.4864864864864865
progressive/rome_benchmark/grafo5401.74,39,4,closeness,0.4394079555966698,-0.5,0.28125,0,0,0.0,74,96,0.6351351351351351
progressive/rome_benchmark/grafo5401.74,39,4,betweeness,0.5313131313131313,-0.5,0.28125,0,0,0.0,74,96,0.6081081081081081
progressive/rome_benchmark/grafo5401.74,39,4,rmc,0.6076923076923076,1.0,0.28125,0.46875,0.35,0.5,74,96,0.5405405405405406
progressive/rome_benchmark/grafo5401.74,39,4,random,0.6102418207681366,-0.3333333333333332,0.28125,0.4166666666666667,0.125,0.1875,74,96,0.5135135135135135
progressive/rome_benchmark/grafo5401.74,39,4,spectral,0.562753036437247,0.8333333333333334,0.28125,1.4166666666666667,0.7222222222222222,0.4375,74,96,0.527027027027027
progressive/rome_benchmark/grafo5401.74,48,5,degree,0.5818815331010454,-0.3333333333333332,0.28125,0.4714285714285714,0.1130952380952381,0.2,74,96,0.5675675675675675
progressive/rome_benchmark/grafo5401.74,48,5,closeness,0.4781297134238311,1.0,0.28125,0.375,0.375,0.1,74,96,0.7027027027027027
progressive/rome_benchmark/grafo5401.74,48,5,betweeness,0.5510204081632653,1.0,0.28125,0.375,0.375,0.1,74,96,0.6756756756756757
progressive/rome_benchmark/grafo5401.74,48,5,rmc,0.8048780487804879,1.0,0.28125,0.33999999999999997,0.33999999999999997,0.75,74,96,0.5675675675675675
progressive/rome_benchmark/grafo5401.74,48,5,random,0.6511627906976744,1.0,0.28125,0.7000000000000001,0.25833333333333336,0.425,74,96,0.5945945945945946
progressive/rome_benchmark/grafo5401.74,48,5,spectral,0.5898989898989898,1.0,0.28125,1.25,0.3875,0.525,74,96,0.6081081081081081
progressive/rome_benchmark/grafo5401.74,58,6,degree,0.6762257169287698,1.0,0.28125,0.45999999999999996,0.18333333333333332,0.15000000000000002,74,96,0.6351351351351351
progressive/rome_benchmark/grafo5401.74,58,6,closeness,0.550125313283208,1.0,0.28125,0.4375,0.4375,0.15,74,96,0.7702702702702703
progressive/rome_benchmark/grafo5401.74,58,6,betweeness,0.5467532467532468,1.0,0.28125,0.19444444444444445,0.19444444444444445,0.25,74,96,0.7567567567567568
progressive/rome_benchmark/grafo5401.74,58,6,rmc,0.6617749825296994,1.0,0.28125,0.5,0.5,0.75,74,96,0.7297297297297297
progressive/rome_benchmark/grafo5401.74,58,6,random,0.6748911465892599,0.0,0.28125,0.15178571428571427,0.09722222222222222,0.0,74,96,0.7162162162162162
progressive/rome_benchmark/grafo5401.74,58,6,spectral,0.6878431372549021,1.0,0.28125,0.4375,0.4375,0.75,74,96,0.6891891891891891
progressive/rome_benchmark/grafo5401.74,68,7,degree,0.7010101010101011,0.3333333333333333,0.28125,0.2222222222222222,0.17857142857142858,0.25,74,96,0.7432432432432432
progressive/rome_benchmark/grafo5401.74,68,7,closeness,0.6054997355896352,-0.18518518518518512,0.28125,0.33999999999999997,0.2333333333333333,0.75,74,96,0.8378378378378378
progressive/rome_benchmark/grafo5401.74,68,7,betweeness,0.6065573770491803,-0.18518518518518512,0.28125,0.33999999999999997,0.2333333333333333,0.75,74,96,0.8243243243243243
progressive/rome_benchmark/grafo5401.74,68,7,rmc,0.6901110523532523,1.0,0.28125,0.4375,0.4375,0.75,74,96,0.8378378378378378
progressive/rome_benchmark/grafo5401.74,68,7,random,0.6633879781420765,0.0,0.28125,0.19642857142857142,0.1640625,0.0,74,96,0.8243243243243243
progressive/rome_benchmark/grafo5401.74,68,7,spectral,0.7531760435571686,1.0,0.28125,0.2777777777777778,0.19270833333333334,0.75,74,96,0.7837837837837838
progressive/rome_benchmark/grafo5401.74,77,8,degree,0.7728813559322034,0.9954022988505747,0.28125,0.19791666666666666,0.125,0.5,74,96,0.8108108108108109
progressive/rome_benchmark/grafo5401.74,77,8,closeness,0.7430555555555555,-0.1878787878787878,0.28125,0.2916666666666667,0.21428571428571427,0.9375,74,96,0.8648648648648649
progressive/rome_benchmark/grafo5401.74,77,8,betweeness,0.7261904761904762,1.0,0.28125,0.33999999999999997,0.2333333333333333,0.55,74,96,0.8648648648648649
progressive/rome_benchmark/grafo5401.74,77,8,rmc,0.8153846153846155,0.9918032786885246,0.28125,0.3055555555555555,0.3055555555555555,0.85,74,96,0.8783783783783784
progressive/rome_benchmark/grafo5401.74,77,8,random,0.7696969696969697,1.0,0.28125,0.5833333333333334,0.5833333333333334,0.1875,74,96,0.8918918918918919
progressive/rome_benchmark/grafo5401.74,77,8,spectral,0.7900665642601126,1.0,0.28125,0.2333333333333333,0.15625,0.5,74,96,0.8513513513513513
progressive/rome_benchmark/grafo5401.74,87,9,degree,0.8570782451379467,1.0,0.28125,0.16875,0.1388888888888889,0.75,74,96,0.9054054054054054
progressive/rome_benchmark/grafo5401.74,87,9,closeness,0.9087809036658141,-0.1885369532428355,0.28125,0.38,0.26666666666666666,0.9,74,96,0.9324324324324325
progressive/rome_benchmark/grafo5401.74,87,9,betweeness,0.9087809036658141,-0.1885369532428355,0.28125,0.38,0.26666666666666666,0.9,74,96,0.9324324324324325
progressive/rome_benchmark/grafo5401.74,87,9,rmc,0.8782608695652175,1.0,0.28125,0.20089285714285715,0.20089285714285715,1.0,74,96,0.9459459459459459
progressive/rome_benchmark/grafo5401.74,87,9,random,0.8674948240165631,-0.15259259259259253,0.28125,0.5625,0.375,0.8375,74,96,0.9459459459459459
progressive/rome_benchmark/grafo5401.74,87,9,spectral,0.8437225636523266,1.0,0.28125,0.18125,0.18125,0.75,74,96,0.918918918918919
progressive/rome_benchmark/grafo5401.74,96,10,degree,1.0,1.0,0.28125,0.28125,0.28125,1.0,74,96,1.0
progressive/rome_benchmark/grafo5401.74,96,10,closeness,1.0,1.0,0.28125,0.28125,0.28125,1.0,74,96,1.0
progressive/rome_benchmark/grafo5401.74,96,10,betweeness,1.0,1.0,0.28125,0.28125,0.28125,1.0,74,96,1.0
progressive/rome_benchmark/grafo5401.74,96,10,rmc,1.0,1.0,0.28125,0.28125,0.28125,1.0,74,96,1.0
progressive/rome_benchmark/grafo5401.74,96,10,random,1.0,1.0,0.28125,0.28125,0.28125,1.0,74,96,1.0
progressive/rome_benchmark/grafo5401.74,96,10,spectral,1.0,1.0,0.28125,0.28125,0.28125,1.0,74,96,1.0
progressive/rome_benchmark/grafo5989.49,6,1,degree,0.6190476190476191,0.0,0.3083333333333333,4.0,4.0,0.0,49,60,0.14285714285714285
progressive/rome_benchmark/grafo5989.49,6,1,closeness,0.07142857142857142,-0.5,0.3083333333333333,0,0,0.0,49,60,0.16326530612244897
progressive/rome_benchmark/grafo5989.49,6,1,betweeness,0.6190476190476191,0.0,0.3083333333333333,4.0,4.0,0.0,49,60,0.14285714285714285
progressive/rome_benchmark/grafo5989.49,6,1,rmc,0.14285714285714285,-0.5,0.3083333333333333,0,0,0.0,49,60,0.16326530612244897
progressive/rome_benchmark/grafo5989.49,6,1,random,0.4999999999999999,0.0,0.3083333333333333,4.0,0.25,0.0,49,60,0.16326530612244897
progressive/rome_benchmark/grafo5989.49,6,1,spectral,0.33333333333333337,-0.5,0.3083333333333333,0,0,0.0,49,60,0.14285714285714285
progressive/rome_benchmark/grafo5989.49,12,2,degree,0.5164835164835165,0.0,0.3083333333333333,4.0,4.0,0.2,49,60,0.2857142857142857
progressive/rome_benchmark/grafo5989.49,12,2,closeness,0.45054945054945056,0.0,0.3083333333333333,4.0,4.0,0.0,49,60,0.2857142857142857
progressive/rome_benchmark/grafo5989.49,12,2,betweeness,0.5384615384615384,0.0,0.3083333333333333,3.5,1.375,0.05,49,60,0.2857142857142857
progressive/rome_benchmark/grafo5989.49,12,2,rmc,0.5128205128205127,0.6666666666666667,0.3083333333333333,4.0,1.0,0.2,49,60,0.2653061224489796
progressive/rome_benchmark/grafo5989.49,12,2,random,0.3626373626373627,0.0,0.3083333333333333,4.0,0.25,0.0,49,60,0.2857142857142857
progressive/rome_benchmark/grafo5989.49,12,2,spectral,0.5897435897435896,1.0,0.3083333333333333,0.75,0.75,0.1,49,60,0.2653061224489796
progressive/rome_benchmark/grafo5989.49,18,3,degree,0.52046783625731,0.8,0.3083333333333333,4.5,4.5,0.25,49,60,0.3877551020408163
progressive/rome_benchmark/grafo5989.49,18,3,closeness,0.6526315789473685,0.0,0.3083333333333333,3.5,3.5,0.05,49,60,0.40816326530612246
progressive/rome_benchmark/grafo5989.49,18,3,betweeness,0.6526315789473685,0.0,0.3083333333333333,3.5,3.5,0.05,49,60,0.40816326530612246
progressive/rome_benchmark/grafo5989.49,18,3,rmc,0.7794117647058824,0.8,0.3083333333333333,4.0,4.0,0.25,49,60,0.3469387755102041
progressive/rome_benchmark/grafo5989.49,18,3,random,0.6421052631578947,0.0,0.3083333333333333,4.0,4.0,0.0,49,60,0.40816326530612246
progressive/rome_benchmark/grafo5989.49,18,3,spectral,0.8823529411764705,1.0,0.3083333333333333,1.25,1.25,0.2,49,60,0.3469387755102041
progressive/rome_benchmark/grafo5989.49,24,4,degree,0.5333333333333332,0.8,0.3083333333333333,5.0,5.0,0.25,49,60,0.5102040816326531
progressive/rome_benchmark/grafo5989.49,24,4,closeness,0.7037037037037037,0.0,0.3083333333333333,3.0,3.0,0.05,49,60,0.5714285714285714
progressive/rome_benchmark/grafo5989.49,24,4,betweeness,0.7292307692307692,1.0,0.3083333333333333,2.5,2.5,0.15000000000000002,49,60,0.5306122448979592
progressive/rome_benchmark/grafo5989.49,24,4,rmc,0.8268398268398268,0.8,0.3083333333333333,4.333333333333333,4.333333333333333,0.25,49,60,0.4489795918367347
progressive/rome_benchmark/grafo5989.49,24,4,random,0.6733333333333332,1.0,0.3083333333333333,4.5,4.5,0.1,49,60,0.5102040816326531
progressive/rome_benchmark/grafo5989.49,24,4,spectral,0.761904761904762,1.0,0.3083333333333333,0.5916666666666667,0.5916666666666667,0.35000000000000003,49,60,0.42857142857142855
progressive/rome_benchmark/grafo5989.49,30,5,degree,0.7093596059113298,0.8,0.3083333333333333,4.333333333333333,4.333333333333333,0.3,49,60,0.5918367346938775
progressive/rome_benchmark/grafo5989.49,30,5,closeness,0.6327985739750447,0.3333333333333333,0.3083333333333333,2.6666666666666665,2.6666666666666665,0.2,49,60,0.6938775510204082
progressive/rome_benchmark/grafo5989.49,30,5,betweeness,0.6327985739750447,0.3333333333333333,0.3083333333333333,2.6666666666666665,2.6666666666666665,0.2,49,60,0.6938775510204082
progressive/rome_benchmark/grafo5989.49,30,5,rmc,0.7724867724867724,0.8,0.3083333333333333,4.0,4.0,0.25,49,60,0.5714285714285714
progressive/rome_benchmark/grafo5989.49,30,5,random,0.6645161290322582,0.0,0.3083333333333333,2.0,2.0,0.05,49,60,0.6326530612244898
progressive/rome_benchmark/grafo5989.49,30,5,spectral,0.6752136752136754,1.0,0.3083333333333333,0.875,0.34375,0.55,49,60,0.5510204081632653
progressive/rome_benchmark/grafo5989.49,36,6,degree,0.7040998217468807,0.8,0.3083333333333333,3.25,3.25,0.25,49,60,0.6938775510204082
progressive/rome_benchmark/grafo5989.49,36,6,closeness,0.7142857142857143,0.9980855137204852,0.3083333333333333,3.3333333333333335,3.3333333333333335,0.44999999999999996,49,60,0.7346938775510204
progressive/rome_benchmark/grafo5989.49,36,6,betweeness,0.7142857142857143,0.9980855137204852,0.3083333333333333,3.3333333333333335,3.3333333333333335,0.44999999999999996,49,60,0.7346938775510204
progressive/rome_benchmark/grafo5989.49,36,6,rmc,0.8830645161290324,1.0,0.3083333333333333,3.6666666666666665,3.6666666666666665,0.25,49,60,0.6530612244897959
progressive/rome_benchmark/grafo5989.49,36,6,random,0.7647058823529413,0.3333333333333333,0.3083333333333333,1.3333333333333333,1.3333333333333333,0.2,49,60,0.6938775510204082
progressive/rome_benchmark/grafo5989.49,36,6,spectral,0.7096774193548389,0.45454545454545453,0.3083333333333333,1.0416666666666667,1.0416666666666667,0.6000000000000001,49,60,0.6530612244897959
progressive/rome_benchmark/grafo5989.49,42,7,degree,0.8317460317460319,0.7987080309434565,0.3083333333333333,0.42400000000000004,0.42400000000000004,0.575,49,60,0.7346938775510204
progressive/rome_benchmark/grafo5989.49,42,7,closeness,0.7589743589743589,0.9980855137204852,0.3083333333333333,1.6666666666666667,1.6666666666666667,0.4,49,60,0.8163265306122449
progressive/rome_benchmark/grafo5989.49,42,7,betweeness,0.7589743589743589,0.9980855137204852,0.3083333333333333,1.6666666666666667,1.6666666666666667,0.4,49,60,0.8163265306122449
progressive/rome_benchmark/grafo5989.49,42,7,rmc,0.8549075391180655,1.0,0.3083333333333333,4.0,4.0,0.25,49,60,0.7755102040816326
progressive/rome_benchmark/grafo5989.49,42,7,random,0.7678812415654521,1.0,0.3083333333333333,0.36,0.36,0.525,49,60,0.7959183673469388
progressive/rome_benchmark/grafo5989.49,42,7,spectral,0.8126984126984127,1.0,0.3083333333333333,0.5,0.5,0.6000000000000001,49,60,0.7346938775510204
progressive/rome_benchmark/grafo5989.49,48,8,degree,0.8560975609756097,0.7958537743313815,0.3083333333333333,0.484,0.484,0.6875,49,60,0.8367346938775511
progressive/rome_benchmark/grafo5989.49,48,8,closeness,0.8626799557032114,0.993660855784469,0.3083333333333333,1.75,1.75,0.45,49,60,0.8775510204081632
progressive/rome_benchmark/grafo5989.49,48,8,betweeness,0.8626799557032114,0.993660855784469,0.3083333333333333,1.75,1.75,0.45,49,60,0.8775510204081632
progressive/rome_benchmark/grafo5989.49,48,8,rmc,0.8908246225319396,1.0,0.3083333333333333,5.0,5.0,0.25,49,60,0.8571428571428571
progressive/rome_benchmark/grafo5989.49,48,8,random,0.7999999999999999,0.8006220591753729,0.3083333333333333,0.9583333333333334,0.9583333333333334,0.525,49,60,0.9183673469387755
progressive/rome_benchmark/grafo5989.49,48,8,spectral,0.8463414634146341,1.0,0.3083333333333333,0.65,0.65,0.6000000000000001,49,60,0.8367346938775511
progressive/rome_benchmark/grafo5989.49,54,9,degree,0.8550724637681161,0.9936626635824963,0.3083333333333333,0.2425,0.21,0.75,49,60,0.9387755102040817
progressive/rome_benchmark/grafo5989.49,54,9,closeness,0.897584541062802,1.0,0.3083333333333333,0.5666666666666667,0.5666666666666667,0.75,49,60,0.9387755102040817
progressive/rome_benchmark/grafo5989.49,54,9,betweeness,0.897584541062802,1.0,0.3083333333333333,0.5666666666666667,0.5666666666666667,0.75,49,60,0.9387755102040817
progressive/rome_benchmark/grafo5989.49,54,9,rmc,0.9777777777777777,1.0,0.3083333333333333,1.0,1.0,0.5,49,60,0.9183673469387755
progressive/rome_benchmark/grafo5989.49,54,9,random,0.927844588344126,1.0,0.3083333333333333,0.43999999999999995,0.43999999999999995,0.6875,49,60,0.9591836734693877
progressive/rome_benchmark/grafo5989.49,54,9,spectral,0.8848484848484848,0.6042299898682878,0.3083333333333333,0.45499999999999996,0.45499999999999996,0.95,49,60,0.9183673469387755
progressive/rome_benchmark/grafo5989.49,60,10,degree,0.9999999999999998,1.0,0.3083333333333333,0.3083333333333333,0.3083333333333333,1.0,49,60,1.0
progressive/rome_benchmark/grafo5989.49,60,10,closeness,0.9999999999999998,1.0,0.3083333333333333,0.3083333333333333,0.3083333333333333,1.0,49,60,1.0
progressive/rome_benchmark/grafo5989.49,60,10,betweeness,0.9999999999999998,1.0,0.3083333333333333,0.3083333333333333,0.3083333333333333,1.0,49,60,1.0
progressive/rome_benchmark/grafo5989.49,60,10,rmc,0.9999999999999998,1.0,0.3083333333333333,0.3083333333333333,0.3083333333333333,1.0,49,60,1.0
progressive/rome_benchmark/grafo5989.49,60,10,random,0.9999999999999998,1.0,0.3083333333333333,0.3083333333333333,0.3083333333333333,1.0,49,60,1.0
progressive/rome_benchmark/grafo5989.49,60,10,spectral,0.9999999999999998,1.0,0.3083333333333333,0.3083333333333333,0.3083333333333333,1.0,49,60,1.0
progressive/rome_benchmark/grafo4455.60,10,1,degree,0.3186813186813187,0.0,0.10833333333333332,3.0,0.3125,0.03333333333333333,60,93,0.23333333333333334
progressive/rome_benchmark/grafo4455.60,10,1,closeness,0.6153846153846153,-0.5,0.10833333333333332,0,0,0.0,60,93,0.21666666666666667
progressive/rome_benchmark/grafo4455.60,10,1,betweeness,0.34545454545454546,0.0,0.10833333333333332,4.0,0.25,0.0,60,93,0.18333333333333332
progressive/rome_benchmark/grafo4455.60,10,1,rmc,0.7777777777777777,0.0,0.10833333333333332,0.3333333333333333,0.1875,0.0,60,93,0.16666666666666666
progressive/rome_benchmark/grafo4455.60,10,1,random,0.1515151515151515,1.0,0.10833333333333332,3.5,0.10416666666666666,0.1619047619047619,60,93,0.2
progressive/rome_benchmark/grafo4455.60,10,1,spectral,0.7777777777777777,0.0,0.10833333333333332,0.3333333333333333,0.1875,0.0,60,93,0.16666666666666666
progressive/rome_benchmark/grafo4455.60,19,2,degree,0.3099415204678362,0.0,0.10833333333333332,4.5,0.5,0.13333333333333333,60,93,0.31666666666666665
progressive/rome_benchmark/grafo4455.60,19,2,closeness,0.5324675324675324,0.0,0.10833333333333332,1.125,0.46875,0.0,60,93,0.36666666666666664
progressive/rome_benchmark/grafo4455.60,19,2,betweeness,0.5157894736842106,1.0,0.10833333333333332,0.8333333333333334,0.45999999999999996,0.1,60,93,0.3333333333333333
progressive/rome_benchmark/grafo4455.60,19,2,rmc,0.52046783625731,0.0,0.10833333333333332,3.0,0.75,0.0,60,93,0.31666666666666665
progressive/rome_benchmark/grafo4455.60,19,2,random,0.4761904761904762,0.0,0.10833333333333332,1.125,0.225,0.0,60,93,0.35
progressive/rome_benchmark/grafo4455.60,19,2,spectral,0.5686274509803922,0.0,0.10833333333333332,3.5,1.375,0.0,60,93,0.3
progressive/rome_benchmark/grafo4455.60,28,3,degree,0.37333333333333324,-0.33333333333333326,0.10833333333333332,1.0555555555555556,0.24206349206349206,0.1619047619047619,60,93,0.4166666666666667
progressive/rome_benchmark/grafo4455.60,28,3,closeness,0.5815384615384616,0.0,0.10833333333333332,0.6666666666666666,0.6666666666666666,0.03333333333333333,60,93,0.43333333333333335
progressive/rome_benchmark/grafo4455.60,28,3,betweeness,0.5599999999999998,1.0,0.10833333333333332,0.33333333333333337,0.21904761904761902,0.13333333333333333,60,93,0.4166666666666667
progressive/rome_benchmark/grafo4455.60,28,3,rmc,0.7107692307692308,1.0,0.10833333333333332,1.75,0.4833333333333333,0.1,60,93,0.43333333333333335
progressive/rome_benchmark/grafo4455.60,28,3,random,0.5566502463054187,0.0,0.10833333333333332,0.3333333333333333,0.1875,0.0,60,93,0.48333333333333334
progressive/rome_benchmark/grafo4455.60,28,3,spectral,0.5333333333333332,0.0,0.10833333333333332,0.7083333333333334,0.125,0.07333333333333333,60,93,0.4166666666666667
progressive/rome_benchmark/grafo4455.60,38,4,degree,0.5508021390374332,-0.33333333333333326,0.10833333333333332,0.5625,0.10984848484848485,0.22857142857142856,60,93,0.5666666666666667
progressive/rome_benchmark/grafo4455.60,38,4,closeness,0.6250000000000001,1.0,0.10833333333333332,0.625,0.22916666666666666,0.17857142857142855,60,93,0.5333333333333333
progressive/rome_benchmark/grafo4455.60,38,4,betweeness,0.588709677419355,1.0,0.10833333333333332,0.6166666666666667,0.304,0.13333333333333333,60,93,0.5333333333333333
progressive/rome_benchmark/grafo4455.60,38,4,rmc,0.625,1.0,0.10833333333333332,0.4166666666666667,0.125,0.2,60,93,0.55
progressive/rome_benchmark/grafo4455.60,38,4,random,0.5795795795795796,1.0,0.10833333333333332,0.5,0.08159722222222222,0.1619047619047619,60,93,0.6166666666666667
progressive/rome_benchmark/grafo4455.60,38,4,spectral,0.5606060606060606,1.0,0.10833333333333332,1.125,0.225,0.1,60,93,0.55
progressive/rome_benchmark/grafo4455.60,47,5,degree,0.5600539811066128,0.0,0.10833333333333332,0.32,0.07692307692307693,0.16666666666666666,60,93,0.65
progressive/rome_benchmark/grafo4455.60,47,5,closeness,0.6734143049932524,1.0,0.10833333333333332,1.5833333333333333,1.5833333333333333,0.15,60,93,0.65
progressive/rome_benchmark/grafo4455.60,47,5,betweeness,0.6329284750337383,0.45578231292517013,0.10833333333333332,0.4375,0.3375,0.3,60,93,0.65
progressive/rome_benchmark/grafo4455.60,47,5,rmc,0.6761133603238867,1.0,0.10833333333333332,0.375,0.2875,0.23333333333333334,60,93,0.65
progressive/rome_benchmark/grafo4455.60,47,5,random,0.621951219512195,0.0,0.10833333333333332,0.275,0.11499999999999999,0.03333333333333333,60,93,0.6833333333333333
progressive/rome_benchmark/grafo4455.60,47,5,spectral,0.7109243697478992,1.0,0.10833333333333332,0.325,0.2625,0.18,60,93,0.5833333333333334
progressive/rome_benchmark/grafo4455.60,56,6,degree,0.6088794926004227,0.0029211295034079843,0.10833333333333332,0.25,0.12958333333333333,0.3,60,93,0.7333333333333333
progressive/rome_benchmark/grafo4455.60,56,6,closeness,0.7120772946859903,0.5635123614663257,0.10833333333333332,0.20750000000000002,0.13055555555555556,0.27,60,93,0.7666666666666667
progressive/rome_benchmark/grafo4455.60,56,6,betweeness,0.6997885835095137,0.40822931114193256,0.10833333333333332,0.9583333333333334,0.5,0.3,60,93,0.7333333333333333
progressive/rome_benchmark/grafo4455.60,56,6,rmc,0.606060606060606,0.45578231292517013,0.10833333333333332,0.25,0.175,0.3,60,93,0.75
progressive/rome_benchmark/grafo4455.60,56,6,random,0.6444444444444444,1.0,0.10833333333333332,0.3222222222222222,0.13580246913580246,0.2619047619047619,60,93,0.75
progressive/rome_benchmark/grafo4455.60,56,6,spectral,0.751219512195122,1.0,0.10833333333333332,0.10833333333333334,0.07666666666666666,0.43,60,93,0.6833333333333333
progressive/rome_benchmark/grafo4455.60,66,7,degree,0.7391304347826088,0.04363502095957952,0.10833333333333332,0.35462962962962963,0.23263888888888887,0.51,60,93,0.7666666666666667
progressive/rome_benchmark/grafo4455.60,66,7,closeness,0.6847058823529413,0.4164244600216562,0.10833333333333332,0.2,0.2,0.36,60,93,0.85
progressive/rome_benchmark/grafo4455.60,66,7,betweeness,0.6847058823529413,0.4164244600216562,0.10833333333333332,0.2,0.2,0.36,60,93,0.85
progressive/rome_benchmark/grafo4455.60,66,7,rmc,0.7363945578231291,1.0,0.10833333333333332,0.16428571428571428,0.07954545454545454,0.15,60,93,0.8166666666666667
progressive/rome_benchmark/grafo4455.60,66,7,random,0.7269503546099292,0.33546797380453547,0.10833333333333332,0.39,0.25833333333333336,0.5,60,93,0.8
progressive/rome_benchmark/grafo4455.60,66,7,spectral,0.814986123959297,1.0,0.10833333333333332,0.08030303030303029,0.06102564102564102,0.48,60,93,0.7833333333333333
progressive/rome_benchmark/grafo4455.60,75,8,degree,0.7647058823529412,0.9443973849395104,0.10833333333333332,0.28273809523809523,0.28273809523809523,0.51,60,93,0.8666666666666667
progressive/rome_benchmark/grafo4455.60,75,8,closeness,0.7924528301886793,0.969016700044062,0.10833333333333332,0.21428571428571427,0.21428571428571427,0.6,60,93,0.8833333333333333
progressive/rome_benchmark/grafo4455.60,75,8,betweeness,0.7924528301886793,0.969016700044062,0.10833333333333332,0.21428571428571427,0.21428571428571427,0.6,60,93,0.8833333333333333
progressive/rome_benchmark/grafo4455.60,75,8,rmc,0.793151642208246,1.0,0.10833333333333332,0.16666666666666666,0.1087962962962963,0.2,60,93,0.9
progressive/rome_benchmark/grafo4455.60,75,8,random,0.8262626262626264,0.6841516781369884,0.10833333333333332,0.10952380952380951,0.10952380952380951,0.6,60,93,0.9166666666666666
progressive/rome_benchmark/grafo4455.60,75,8,spectral,0.8009049773755657,1.0,0.10833333333333332,0.11333333333333333,0.11333333333333333,0.52,60,93,0.8666666666666667
progressive/rome_benchmark/grafo4455.60,84,9,degree,0.917540181691125,1.0,0.10833333333333332,0.13773148148148148,0.13773148148148148,0.9,60,93,0.9
progressive/rome_benchmark/grafo4455.60,84,9,closeness,0.8909090909090911,1.0,0.10833333333333332,0.11197916666666666,0.11197916666666666,0.6,60,93,0.9333333333333333
progressive/rome_benchmark/grafo4455.60,84,9,betweeness,0.8909090909090911,1.0,0.10833333333333332,0.11197916666666666,0.11197916666666666,0.6,60,93,0.9333333333333333
progressive/rome_benchmark/grafo4455.60,84,9,rmc,0.9085213032581455,1.0,0.10833333333333332,0.08358585858585858,0.07523148148148147,0.8,60,93,0.95
progressive/rome_benchmark/grafo4455.60,84,9,random,0.8458646616541354,0.15243481859566838,0.10833333333333332,0.16145833333333334,0.13117283950617284,0.9,60,93,0.95
progressive/rome_benchmark/grafo4455.60,84,9,spectral,0.8841750841750843,0.6792623777135612,0.10833333333333332,0.27619047619047615,0.17916666666666664,0.6300000000000001,60,93,0.9166666666666666
progressive/rome_benchmark/grafo4455.60,93,10,degree,1.0,1.0,0.10833333333333332,0.10833333333333332,0.10833333333333332,1.0,60,93,1.0
progressive/rome_benchmark/grafo4455.60,93,10,closeness,1.0,1.0,0.10833333333333332,0.10833333333333332,0.10833333333333332,1.0,60,93,1.0
progressive/rome_benchmark/grafo4455.60,93,10,betweeness,1.0,1.0,0.10833333333333332,0.10833333333333332,0.10833333333333332,1.0,60,93,1.0
progressive/rome_benchmark/grafo4455.60,93,10,rmc,1.0,1.0,0.10833333333333332,0.10833333333333332,0.10833333333333332,1.0,60,93,1.0
progressive/rome_benchmark/grafo4455.60,93,10,random,1.0,1.0,0.10833333333333332,0.10833333333333332,0.10833333333333332,1.0,60,93,1.0
progressive/rome_benchmark/grafo4455.60,93,10,spectral,1.0,1.0,0.10833333333333332,0.10833333333333332,0.10833333333333332,1.0,60,93,1.0
progressive/rome_benchmark/grafo5833.39,6,1,degree,-0.21428571428571427,0.3333333333333334,0.2921875,4.0,0.25,0.1875,39,54,0.20512820512820512
progressive/rome_benchmark/grafo5833.39,6,1,closeness,0.611111111111111,1.0,0.2921875,1.0,0.19999999999999998,0.1,39,54,0.23076923076923078
progressive/rome_benchmark/grafo5833.39,6,1,betweeness,-0.23809523809523814,-0.5,0.2921875,0,0,0.0,39,54,0.1794871794871795
progressive/rome_benchmark/grafo5833.39,6,1,rmc,0.33333333333333337,0.3333333333333334,0.2921875,3.0,0.75,0.25,39,54,0.1794871794871795
progressive/rome_benchmark/grafo5833.39,6,1,random,-0.21428571428571427,-0.5,0.2921875,0,0,0.0,39,54,0.20512820512820512
progressive/rome_benchmark/grafo5833.39,6,1,spectral,-0.07142857142857142,0.0,0.2921875,3.0,0.12,0.041666666666666664,39,54,0.20512820512820512
progressive/rome_benchmark/grafo5833.39,11,2,degree,0.7090909090909091,1.0,0.2921875,3.5,1.375,0.2857142857142857,39,54,0.28205128205128205
progressive/rome_benchmark/grafo5833.39,11,2,closeness,0.5666666666666667,-0.5,0.2921875,0,0,0.0,39,54,0.41025641025641024
progressive/rome_benchmark/grafo5833.39,11,2,betweeness,0.5454545454545454,0.0,0.2921875,3.0,3.0,0.041666666666666664,39,54,0.3076923076923077
progressive/rome_benchmark/grafo5833.39,11,2,rmc,0.42857142857142855,0.3333333333333334,0.2921875,3.0,0.75,0.25,39,54,0.358974358974359
progressive/rome_benchmark/grafo5833.39,11,2,random,0.2,1.0,0.2921875,0.625,0.2625,0.1,39,54,0.28205128205128205
progressive/rome_benchmark/grafo5833.39,11,2,spectral,0.1515151515151515,0.0,0.2921875,2.25,0.21000000000000002,0.041666666666666664,39,54,0.3076923076923077
progressive/rome_benchmark/grafo5833.39,17,3,degree,0.48571428571428577,1.0,0.2921875,3.125,0.3097222222222222,0.3482142857142857,39,54,0.38461538461538464
progressive/rome_benchmark/grafo5833.39,17,3,closeness,0.4761904761904762,0.33333333333333337,0.2921875,0.375,0.06964285714285715,0.29464285714285715,39,54,0.5384615384615384
progressive/rome_benchmark/grafo5833.39,17,3,betweeness,0.5588235294117646,0.0,0.2921875,3.0,3.0,0.041666666666666664,39,54,0.4358974358974359
progressive/rome_benchmark/grafo5833.39,17,3,rmc,0.3684210526315789,0.3333333333333334,0.2921875,3.0,1.125,0.25,39,54,0.48717948717948717
progressive/rome_benchmark/grafo5833.39,17,3,random,0.38333333333333336,0.6666666666666667,0.2921875,2.0,0.625,0.2,39,54,0.41025641025641024
progressive/rome_benchmark/grafo5833.39,17,3,spectral,0.6,0.0,0.2921875,4.0,1.0,0.03571428571428571,39,54,0.41025641025641024
progressive/rome_benchmark/grafo5833.39,22,4,degree,0.5032679738562092,0.5045871559633027,0.2921875,0.5208333333333333,0.26071428571428573,0.3794642857142857,39,54,0.46153846153846156
progressive/rome_benchmark/grafo5833.39,22,4,closeness,0.6231884057971014,0.33333333333333337,0.2921875,0.3875,0.09166666666666667,0.33035714285714285,39,54,0.6153846153846154
progressive/rome_benchmark/grafo5833.39,22,4,betweeness,0.6190476190476191,0.3913995620147323,0.2921875,0.39583333333333337,0.12250000000000001,0.3660714285714286,39,54,0.5641025641025641
progressive/rome_benchmark/grafo5833.39,22,4,rmc,0.5333333333333333,0.2880258899676376,0.2921875,1.125,0.23214285714285715,0.35714285714285715,39,54,0.5384615384615384
progressive/rome_benchmark/grafo5833.39,22,4,random,0.5930735930735931,0.6666666666666669,0.2921875,0.5888888888888889,0.2777777777777778,0.1845238095238095,39,54,0.5641025641025641
progressive/rome_benchmark/grafo5833.39,22,4,spectral,0.4476190476190477,0.0,0.2921875,3.5,0.5833333333333334,0.041666666666666664,39,54,0.5384615384615384
progressive/rome_benchmark/grafo5833.39,27,5,degree,0.6095238095238096,0.543661971830986,0.2921875,0.42666666666666675,0.1409090909090909,0.42857142857142855,39,54,0.5384615384615384
progressive/rome_benchmark/grafo5833.39,27,5,closeness,0.5612535612535613,0.4,0.2921875,0.4166666666666667,0.15625,0.17857142857142858,39,54,0.6923076923076923
progressive/rome_benchmark/grafo5833.39,27,5,betweeness,0.5612535612535613,0.4,0.2921875,0.4166666666666667,0.15625,0.17857142857142858,39,54,0.6923076923076923
progressive/rome_benchmark/grafo5833.39,27,5,rmc,0.5869565217391304,-0.11903012490815573,0.2921875,0.5925925925925927,0.2569444444444445,0.4285714285714286,39,54,0.6153846153846154
progressive/rome_benchmark/grafo5833.39,27,5,random,0.608695652173913,0.3609467455621302,0.2921875,0.5555555555555556,0.21851851851851853,0.2857142857142857,39,54,0.6153846153846154
progressive/rome_benchmark/grafo5833.39,27,5,spectral,0.525691699604743,0.6666666666666667,0.2921875,1.0,1.0,0.2,39,54,0.5897435897435898
progressive/rome_benchmark/grafo5833.39,33,6,degree,0.7107692307692308,1.0,0.2921875,0.5088888888888888,0.1907142857142857,0.6785714285714286,39,54,0.6666666666666666
progressive/rome_benchmark/grafo5833.39,33,6,closeness,0.664367816091954,0.4,0.2921875,0.4166666666666667,0.15625,0.17857142857142858,39,54,0.7692307692307693
progressive/rome_benchmark/grafo5833.39,33,6,betweeness,0.664367816091954,0.4,0.2921875,0.4166666666666667,0.15625,0.17857142857142858,39,54,0.7692307692307693
progressive/rome_benchmark/grafo5833.39,33,6,rmc,0.6206896551724137,0.50319375443577,0.2921875,0.39583333333333337,0.2552083333333333,0.5535714285714286,39,54,0.7435897435897436
progressive/rome_benchmark/grafo5833.39,33,6,random,0.6183908045977011,0.4,0.2921875,0.3888888888888889,0.2125,0.17857142857142858,39,54,0.7692307692307693
progressive/rome_benchmark/grafo5833.39,33,6,spectral,0.7150997150997151,0.6666666666666667,0.2921875,0.3333333333333333,0.21875,0.2277777777777778,39,54,0.6923076923076923
progressive/rome_benchmark/grafo5833.39,38,7,degree,0.8042328042328042,1.0,0.2921875,0.3732142857142857,0.20416666666666664,0.9017857142857143,39,54,0.717948717948718
progressive/rome_benchmark/grafo5833.39,38,7,closeness,0.6774193548387097,0.8000000000000002,0.2921875,0.2380952380952381,0.15625,0.17857142857142858,39,54,0.8205128205128205
progressive/rome_benchmark/grafo5833.39,38,7,betweeness,0.6774193548387097,0.8000000000000002,0.2921875,0.2380952380952381,0.15625,0.17857142857142858,39,54,0.8205128205128205
progressive/rome_benchmark/grafo5833.39,38,7,rmc,0.6559139784946237,0.5418419822346892,0.2921875,1.4375,0.45499999999999996,0.5104166666666667,39,54,0.7948717948717948
progressive/rome_benchmark/grafo5833.39,38,7,random,0.746236559139785,0.0,0.2921875,0.3833333333333333,0.16666666666666666,0.14285714285714285,39,54,0.7948717948717948
progressive/rome_benchmark/grafo5833.39,38,7,spectral,0.6473118279569893,0.7604773085458815,0.2921875,0.4083333333333333,0.178125,0.4285714285714286,39,54,0.7948717948717948
progressive/rome_benchmark/grafo5833.39,44,8,degree,0.8451612903225807,1.0,0.2921875,0.29874999999999996,0.29874999999999996,0.9375,39,54,0.7948717948717948
progressive/rome_benchmark/grafo5833.39,44,8,closeness,0.875,1.0,0.2921875,0.5821428571428571,0.37916666666666665,0.7142857142857143,39,54,0.8461538461538461
progressive/rome_benchmark/grafo5833.39,44,8,betweeness,0.875,1.0,0.2921875,0.5821428571428571,0.37916666666666665,0.7142857142857143,39,54,0.8461538461538461
progressive/rome_benchmark/grafo5833.39,44,8,rmc,0.8333333333333334,1.0,0.2921875,0.4375,0.225,0.40625,39,54,0.8461538461538461
progressive/rome_benchmark/grafo5833.39,44,8,random,0.8539682539682542,1.0,0.2921875,0.19999999999999998,0.0625,0.10714285714285714,39,54,0.9230769230769231
progressive/rome_benchmark/grafo5833.39,44,8,spectral,0.8467023172905528,1.0,0.2921875,0.4388888888888889,0.2020833333333333,0.4285714285714286,39,54,0.8717948717948718
progressive/rome_benchmark/grafo5833.39,49,9,degree,0.9142857142857144,1.0,0.2921875,0.2921875,0.2921875,0.75,39,54,0.9230769230769231
progressive/rome_benchmark/grafo5833.39,49,9,closeness,0.9361344537815126,1.0,0.2921875,0.2921875,0.2921875,1.0,39,54,0.8974358974358975
progressive/rome_benchmark/grafo5833.39,49,9,betweeness,0.9361344537815126,1.0,0.2921875,0.2921875,0.2921875,1.0,39,54,0.8974358974358975
progressive/rome_benchmark/grafo5833.39,49,9,rmc,0.8698412698412699,1.0,0.2921875,0.35555555555555557,0.20952380952380953,0.4375,39,54,0.9230769230769231
progressive/rome_benchmark/grafo5833.39,49,9,random,0.8498498498498499,1.0,0.2921875,0.19916666666666663,0.19916666666666663,0.9375,39,54,0.9487179487179487
progressive/rome_benchmark/grafo5833.39,49,9,spectral,0.8888888888888888,0.9161987969763158,0.2921875,0.41875,0.41875,0.5,39,54,0.9487179487179487
progressive/rome_benchmark/grafo5833.39,54,10,degree,1.0,1.0,0.2921875,0.2921875,0.2921875,1.0,39,54,1.0
progressive/rome_benchmark/grafo5833.39,54,10,closeness,1.0,1.0,0.2921875,0.2921875,0.2921875,1.0,39,54,1.0
progressive/rome_benchmark/grafo5833.39,54,10,betweeness,1.0,1.0,0.2921875,0.2921875,0.2921875,1.0,39,54,1.0
progressive/rome_benchmark/grafo5833.39,54,10,rmc,1.0,1.0,0.2921875,0.2921875,0.2921875,1.0,39,54,1.0
progressive/rome_benchmark/grafo5833.39,54,10,random,1.0,1.0,0.2921875,0.2921875,0.2921875,1.0,39,54,1.0
progressive/rome_benchmark/grafo5833.39,54,10,spectral,1.0,1.0,0.2921875,0.2921875,0.2921875,1.0,39,54,1.0
progressive/rome_benchmark/grafo2356.21,3,1,degree,1.0,1.0,0.8333333333333334,3.0,0.75,0.19999999999999998,21,27,0.19047619047619047
progressive/rome_benchmark/grafo2356.21,3,1,closeness,-0.3333333333333333,-0.5,0.8333333333333334,0,0,0.0,21,27,0.2857142857142857
progressive/rome_benchmark/grafo2356.21,3,1,betweeness,0.6666666666666669,0.0,0.8333333333333334,3.0,0.3333333333333333,0.0,21,27,0.19047619047619047
progressive/rome_benchmark/grafo2356.21,3,1,rmc,0.0,-0.5,0.8333333333333334,0,0,0.0,21,27,0.19047619047619047
progressive/rome_benchmark/grafo2356.21,3,1,random,-0.19999999999999998,-0.5,0.8333333333333334,0,0,0.0,21,27,0.23809523809523808
progressive/rome_benchmark/grafo2356.21,3,1,spectral,0.0,-0.5,0.8333333333333334,0,0,0.0,21,27,0.19047619047619047
progressive/rome_benchmark/grafo2356.21,6,2,degree,0.33333333333333337,0.6,0.8333333333333334,5.0,1.25,0.3333333333333333,21,27,0.3333333333333333
progressive/rome_benchmark/grafo2356.21,6,2,closeness,0.7222222222222222,0.0,0.8333333333333334,3.0,3.0,0.0,21,27,0.42857142857142855
progressive/rome_benchmark/grafo2356.21,6,2,betweeness,0.7222222222222222,0.0,0.8333333333333334,3.0,3.0,0.0,21,27,0.42857142857142855
progressive/rome_benchmark/grafo2356.21,6,2,rmc,0.33333333333333337,0.0,0.8333333333333334,3.0,0.3333333333333333,0.0,21,27,0.3333333333333333
progressive/rome_benchmark/grafo2356.21,6,2,random,0.7142857142857142,0.0,0.8333333333333334,3.0,3.0,0.0,21,27,0.38095238095238093
progressive/rome_benchmark/grafo2356.21,6,2,spectral,0.33333333333333337,0.0,0.8333333333333334,3.0,0.3333333333333333,0.0,21,27,0.3333333333333333
progressive/rome_benchmark/grafo2356.21,9,3,degree,0.8333333333333334,0.6903304773561811,0.8333333333333334,4.5,0.75,0.6666666666666666,21,27,0.42857142857142855
progressive/rome_benchmark/grafo2356.21,9,3,closeness,0.6363636363636362,1.0,0.8333333333333334,3.0,3.0,0.3333333333333333,21,27,0.5714285714285714
progressive/rome_benchmark/grafo2356.21,9,3,betweeness,0.6363636363636362,1.0,0.8333333333333334,3.0,3.0,0.3333333333333333,21,27,0.5714285714285714
progressive/rome_benchmark/grafo2356.21,9,3,rmc,0.45454545454545453,0.0,0.8333333333333334,4.0,4.0,0.0,21,27,0.5238095238095238
progressive/rome_benchmark/grafo2356.21,9,3,random,0.4545454545454545,0.0,0.8333333333333334,3.0,3.0,0.0,21,27,0.5714285714285714
progressive/rome_benchmark/grafo2356.21,9,3,spectral,0.37777777777777777,0.0,0.8333333333333334,4.0,4.0,0.0,21,27,0.47619047619047616
progressive/rome_benchmark/grafo2356.21,11,4,degree,0.7454545454545454,0.847001223990208,0.8333333333333334,4.5,0.75,0.6666666666666666,21,27,0.5238095238095238
progressive/rome_benchmark/grafo2356.21,11,4,closeness,0.6666666666666665,0.803921568627451,0.8333333333333334,3.0,1.25,0.5333333333333333,21,27,0.6190476190476191
progressive/rome_benchmark/grafo2356.21,11,4,betweeness,0.6666666666666665,0.803921568627451,0.8333333333333334,3.0,1.25,0.5333333333333333,21,27,0.6190476190476191
progressive/rome_benchmark/grafo2356.21,11,4,rmc,0.4545454545454545,0.0,0.8333333333333334,4.0,4.0,0.0,21,27,0.5714285714285714
progressive/rome_benchmark/grafo2356.21,11,4,random,0.5757575757575757,1.0,0.8333333333333334,3.5,1.375,0.25,21,27,0.5714285714285714
progressive/rome_benchmark/grafo2356.21,11,4,spectral,0.6,0.0,0.8333333333333334,3.0,3.0,0.0,21,27,0.47619047619047616
progressive/rome_benchmark/grafo2356.21,14,5,degree,0.7362637362637363,0.5410036719706243,0.8333333333333334,4.0,0.8333333333333334,0.6666666666666666,21,27,0.6666666666666666
progressive/rome_benchmark/grafo2356.21,14,5,closeness,0.6571428571428571,0.6823379923761118,0.8333333333333334,3.6666666666666665,1.4166666666666667,0.6666666666666666,21,27,0.7142857142857143
progressive/rome_benchmark/grafo2356.21,14,5,betweeness,0.6571428571428571,0.6823379923761118,0.8333333333333334,3.6666666666666665,1.4166666666666667,0.6666666666666666,21,27,0.7142857142857143
progressive/rome_benchmark/grafo2356.21,14,5,rmc,0.5604395604395604,0.0,0.8333333333333334,3.0,3.0,0.0,21,27,0.6666666666666666
progressive/rome_benchmark/grafo2356.21,14,5,random,0.5047619047619049,0.6666666666666666,0.8333333333333334,1.375,0.375,0.3333333333333333,21,27,0.7142857142857143
progressive/rome_benchmark/grafo2356.21,14,5,spectral,0.5824175824175825,0.0,0.8333333333333334,3.0,3.0,0.0,21,27,0.6666666666666666
progressive/rome_benchmark/grafo2356.21,17,6,degree,0.6666666666666667,1.0,0.8333333333333334,1.5625,0.875,1.0,21,27,0.7619047619047619
progressive/rome_benchmark/grafo2356.21,17,6,closeness,0.4509803921568628,1.0,0.8333333333333334,1.4166666666666667,1.4166666666666667,0.6666666666666666,21,27,0.8571428571428571
progressive/rome_benchmark/grafo2356.21,17,6,betweeness,0.4509803921568628,1.0,0.8333333333333334,1.4166666666666667,1.4166666666666667,0.6666666666666666,21,27,0.8571428571428571
progressive/rome_benchmark/grafo2356.21,17,6,rmc,0.5,0.0,0.8333333333333334,3.0,3.0,0.0,21,27,0.7619047619047619
progressive/rome_benchmark/grafo2356.21,17,6,random,0.45588235294117646,0.7491425771680549,0.8333333333333334,1.5625,0.425,1.0,21,27,0.8095238095238095
progressive/rome_benchmark/grafo2356.21,17,6,spectral,0.5,0.0,0.8333333333333334,3.0,3.0,0.0,21,27,0.7619047619047619
progressive/rome_benchmark/grafo2356.21,19,7,degree,0.6911764705882353,1.0,0.8333333333333334,1.6875,0.9583333333333334,1.0,21,27,0.8095238095238095
progressive/rome_benchmark/grafo2356.21,19,7,closeness,0.6339869281045752,0.8745712885840274,0.8333333333333334,1.5625,0.875,1.0,21,27,0.8571428571428571
progressive/rome_benchmark/grafo2356.21,19,7,betweeness,0.6339869281045752,0.8745712885840274,0.8333333333333334,1.5625,0.875,1.0,21,27,0.8571428571428571
progressive/rome_benchmark/grafo2356.21,19,7,rmc,0.8166666666666667,0.6666666666666666,0.8333333333333334,4.0,1.0,0.3333333333333333,21,27,0.7619047619047619
progressive/rome_benchmark/grafo2356.21,19,7,random,0.6608187134502924,0.8192090395480226,0.8333333333333334,3.5,1.25,0.6666666666666666,21,27,0.9047619047619048
progressive/rome_benchmark/grafo2356.21,19,7,spectral,0.8166666666666667,0.6666666666666666,0.8333333333333334,4.0,1.0,0.3333333333333333,21,27,0.7619047619047619
progressive/rome_benchmark/grafo2356.21,22,8,degree,0.7777777777777777,1.0,0.8333333333333334,1.5625,0.875,1.0,21,27,0.9047619047619048
progressive/rome_benchmark/grafo2356.21,22,8,closeness,0.7660818713450293,0.8745712885840274,0.8333333333333334,1.6875,0.9583333333333334,1.0,21,27,0.9047619047619048
progressive/rome_benchmark/grafo2356.21,22,8,betweeness,0.7660818713450293,0.8745712885840274,0.8333333333333334,1.6875,0.9583333333333334,1.0,21,27,0.9047619047619048
progressive/rome_benchmark/grafo2356.21,22,8,rmc,0.7894736842105262,0.6103896103896104,0.8333333333333334,1.25,0.5833333333333334,0.5333333333333333,21,27,0.9047619047619048
progressive/rome_benchmark/grafo2356.21,22,8,random,0.6842105263157894,0.9563139931740614,0.8333333333333334,0.5625,0.5625,1.0,21,27,0.9047619047619048
progressive/rome_benchmark/grafo2356.21,22,8,spectral,0.7894736842105262,0.6103896103896104,0.8333333333333334,1.25,0.5833333333333334,0.5333333333333333,21,27,0.9047619047619048
progressive/rome_benchmark/grafo2356.21,25,9,degree,0.8947368421052632,0.8745712885840274,0.8333333333333334,1.5625,0.875,1.0,21,27,0.9523809523809523
progressive/rome_benchmark/grafo2356.21,25,9,closeness,0.8947368421052632,0.8745712885840274,0.8333333333333334,1.5625,0.875,1.0,21,27,0.9523809523809523
progressive/rome_benchmark/grafo2356.21,25,9,betweeness,0.8947368421052632,0.8745712885840274,0.8333333333333334,1.5625,0.875,1.0,21,27,0.9523809523809523
progressive/rome_benchmark/grafo2356.21,25,9,rmc,0.761904761904762,0.4427934621099554,0.8333333333333334,1.75,0.75,0.6666666666666666,21,27,1.0
progressive/rome_benchmark/grafo2356.21,25,9,random,0.9142857142857144,1.0,0.8333333333333334,1.0833333333333333,1.0833333333333333,0.8666666666666667,21,27,1.0
progressive/rome_benchmark/grafo2356.21,25,9,spectral,0.761904761904762,0.4427934621099554,0.8333333333333334,1.75,0.75,0.6666666666666666,21,27,1.0
progressive/rome_benchmark/grafo2356.21,27,10,degree,1.0,1.0,0.8333333333333334,0.8333333333333334,0.8333333333333334,1.0,21,27,1.0
progressive/rome_benchmark/grafo2356.21,27,10,closeness,1.0,1.0,0.8333333333333334,0.8333333333333334,0.8333333333333334,1.0,21,27,1.0
progressive/rome_benchmark/grafo2356.21,27,10,betweeness,1.0,1.0,0.8333333333333334,0.8333333333333334,0.8333333333333334,1.0,21,27,1.0
progressive/rome_benchmark/grafo2356.21,27,10,rmc,1.0,1.0,0.8333333333333334,0.8333333333333334,0.8333333333333334,1.0,21,27,1.0
progressive/rome_benchmark/grafo2356.21,27,10,random,1.0,1.0,0.8333333333333334,0.8333333333333334,0.8333333333333334,1.0,21,27,1.0
progressive/rome_benchmark/grafo2356.21,27,10,spectral,1.0,1.0,0.8333333333333334,0.8333333333333334,0.8333333333333334,1.0,21,27,1.0
progressive/rome_benchmark/grafo6254.37,5,1,degree,0.4666666666666666,0.0,0.34333333333333327,5.0,1.25,0.16,37,46,0.16216216216216217
progressive/rome_benchmark/grafo6254.37,5,1,closeness,0.4285714285714286,-1.0,0.34333333333333327,3.0,0.1875,0.15,37,46,0.1891891891891892
progressive/rome_benchmark/grafo6254.37,5,1,betweeness,0.2,0.0,0.34333333333333327,3.0,0.75,0.03333333333333333,37,46,0.16216216216216217
progressive/rome_benchmark/grafo6254.37,5,1,rmc,0.23809523809523814,0.0,0.34333333333333327,1.0,1.0,0.0,37,46,0.1891891891891892
progressive/rome_benchmark/grafo6254.37,5,1,random,0.6,1.0,0.34333333333333327,3.0,0.75,0.1,37,46,0.16216216216216217
progressive/rome_benchmark/grafo6254.37,5,1,spectral,0.6190476190476191,-0.5,0.34333333333333327,0,0,0.0,37,46,0.1891891891891892
progressive/rome_benchmark/grafo6254.37,10,2,degree,0.4848484848484848,-0.008130081300813006,0.34333333333333327,4.0,0.325,0.31,37,46,0.32432432432432434
progressive/rome_benchmark/grafo6254.37,10,2,closeness,0.28888888888888886,-0.33333333333333326,0.34333333333333327,3.0,0.1875,0.15,37,46,0.2702702702702703
progressive/rome_benchmark/grafo6254.37,10,2,betweeness,0.37777777777777777,-0.33333333333333326,0.34333333333333327,3.0,0.225,0.15,37,46,0.2702702702702703
progressive/rome_benchmark/grafo6254.37,10,2,rmc,0.6363636363636362,-1.0,0.34333333333333327,3.0,0.75,0.08,37,46,0.32432432432432434
progressive/rome_benchmark/grafo6254.37,10,2,random,0.3333333333333333,-0.33333333333333326,0.34333333333333327,3.0,0.225,0.15,37,46,0.32432432432432434
progressive/rome_benchmark/grafo6254.37,10,2,spectral,0.6000000000000001,0.0,0.34333333333333327,5.0,1.25,0.16,37,46,0.2972972972972973
progressive/rome_benchmark/grafo6254.37,14,3,degree,0.43333333333333335,-0.008130081300813006,0.34333333333333327,4.0,0.325,0.31,37,46,0.43243243243243246
progressive/rome_benchmark/grafo6254.37,14,3,closeness,0.5128205128205127,-0.33333333333333326,0.34333333333333327,3.0,0.225,0.15,37,46,0.35135135135135137
progressive/rome_benchmark/grafo6254.37,14,3,betweeness,0.23809523809523814,-0.33333333333333326,0.34333333333333327,3.0,0.225,0.15,37,46,0.40540540540540543
progressive/rome_benchmark/grafo6254.37,14,3,rmc,0.6380952380952382,0.0,0.34333333333333327,5.0,1.25,0.16,37,46,0.40540540540540543
progressive/rome_benchmark/grafo6254.37,14,3,random,0.5,-0.31707317073170727,0.34333333333333327,3.6666666666666665,0.33333333333333337,0.35,37,46,0.43243243243243246
progressive/rome_benchmark/grafo6254.37,14,3,spectral,0.6380952380952382,0.0,0.34333333333333327,5.0,1.25,0.16,37,46,0.40540540540540543
progressive/rome_benchmark/grafo6254.37,19,4,degree,0.5321637426900584,0.027210884353741503,0.34333333333333327,4.5,0.35,0.36,37,46,0.5135135135135135
progressive/rome_benchmark/grafo6254.37,19,4,closeness,0.52046783625731,-0.33333333333333326,0.34333333333333327,3.0,0.225,0.15,37,46,0.5135135135135135
progressive/rome_benchmark/grafo6254.37,19,4,betweeness,0.5578947368421052,-0.008130081300813006,0.34333333333333327,3.6666666666666665,0.2638888888888889,0.31,37,46,0.5405405405405406
progressive/rome_benchmark/grafo6254.37,19,4,rmc,0.8431372549019609,0.667446089893479,0.34333333333333327,3.25,1.0,0.26,37,46,0.4864864864864865
progressive/rome_benchmark/grafo6254.37,19,4,random,0.6190476190476191,0.0,0.34333333333333327,1.625,0.325,0.24,37,46,0.5945945945945946
progressive/rome_benchmark/grafo6254.37,19,4,spectral,0.6491228070175439,0.6712891628145866,0.34333333333333327,3.5,1.125,0.31,37,46,0.5135135135135135
progressive/rome_benchmark/grafo6254.37,23,5,degree,0.5757575757575758,0.3209494324045408,0.34333333333333327,4.0,0.6666666666666666,0.26,37,46,0.5945945945945946
progressive/rome_benchmark/grafo6254.37,23,5,closeness,0.4940711462450593,-0.5,0.34333333333333327,0,0,0.0,37,46,0.6216216216216216
progressive/rome_benchmark/grafo6254.37,23,5,betweeness,0.5757575757575758,0.3209494324045408,0.34333333333333327,4.0,0.6666666666666666,0.26,37,46,0.5945945945945946
progressive/rome_benchmark/grafo6254.37,23,5,rmc,0.557312252964427,0.6712891628145866,0.34333333333333327,3.5,1.125,0.31,37,46,0.6216216216216216
progressive/rome_benchmark/grafo6254.37,23,5,random,0.5933333333333333,0.3333333333333333,0.34333333333333327,2.5,0.18055555555555555,0.22999999999999998,37,46,0.6756756756756757
progressive/rome_benchmark/grafo6254.37,23,5,spectral,0.6996047430830039,0.6712891628145866,0.34333333333333327,3.5,1.125,0.31,37,46,0.6216216216216216
progressive/rome_benchmark/grafo6254.37,28,6,degree,0.5999999999999999,0.33489217978695773,0.34333333333333327,3.25,1.0,0.26,37,46,0.6756756756756757
progressive/rome_benchmark/grafo6254.37,28,6,closeness,0.6068376068376069,0.33333333333333337,0.34333333333333327,5.0,1.25,0.16,37,46,0.7297297297297297
progressive/rome_benchmark/grafo6254.37,28,6,betweeness,0.6061538461538462,0.33489217978695773,0.34333333333333327,3.25,1.0,0.26,37,46,0.7027027027027027
progressive/rome_benchmark/grafo6254.37,28,6,rmc,0.7107692307692308,0.6710498136805586,0.34333333333333327,0.8333333333333334,0.4166666666666667,0.51,37,46,0.7027027027027027
progressive/rome_benchmark/grafo6254.37,28,6,random,0.6243386243386243,1.0,0.34333333333333327,3.0,0.75,0.2,37,46,0.7567567567567568
progressive/rome_benchmark/grafo6254.37,28,6,spectral,0.7866666666666665,1.0,0.34333333333333327,3.1666666666666665,1.3333333333333333,0.4,37,46,0.6756756756756757
progressive/rome_benchmark/grafo6254.37,33,7,degree,0.7241379310344828,0.33075135553834245,0.34333333333333327,2.375,0.34375,0.49000000000000005,37,46,0.8108108108108109
progressive/rome_benchmark/grafo6254.37,33,7,closeness,0.7389162561576353,0.667446089893479,0.34333333333333327,1.3333333333333333,0.31666666666666665,0.33999999999999997,37,46,0.7837837837837838
progressive/rome_benchmark/grafo6254.37,33,7,betweeness,0.7389162561576353,0.667446089893479,0.34333333333333327,1.3333333333333333,0.31666666666666665,0.33999999999999997,37,46,0.7837837837837838
progressive/rome_benchmark/grafo6254.37,33,7,rmc,0.8620689655172412,0.9919744341838944,0.34333333333333327,0.7592592592592592,0.5416666666666666,0.6,37,46,0.7837837837837838
progressive/rome_benchmark/grafo6254.37,33,7,random,0.7204301075268817,0.0009233610341643584,0.34333333333333327,1.0,0.4166666666666667,0.31,37,46,0.8378378378378378
progressive/rome_benchmark/grafo6254.37,33,7,spectral,0.7301587301587301,1.0,0.34333333333333327,1.1666666666666667,1.1666666666666667,0.44000000000000006,37,46,0.7567567567567568
progressive/rome_benchmark/grafo6254.37,37,8,degree,0.8193548387096776,0.3330454558539886,0.34333333333333327,0.75,0.3125,0.45,37,46,0.8378378378378378
progressive/rome_benchmark/grafo6254.37,37,8,closeness,0.7741935483870969,0.9963151682643867,0.34333333333333327,1.3125,0.546875,0.45,37,46,0.8648648648648649
progressive/rome_benchmark/grafo6254.37,37,8,betweeness,0.7741935483870969,0.9963151682643867,0.34333333333333327,1.3125,0.546875,0.45,37,46,0.8648648648648649
progressive/rome_benchmark/grafo6254.37,37,8,rmc,0.7419354838709679,0.9919744341838944,0.34333333333333327,0.7592592592592592,0.5416666666666666,0.6,37,46,0.8648648648648649
progressive/rome_benchmark/grafo6254.37,37,8,random,0.7397504456327987,-0.0013869625520110955,0.34333333333333327,1.625,0.325,0.24000000000000005,37,46,0.918918918918919
progressive/rome_benchmark/grafo6254.37,37,8,spectral,0.8236559139784947,1.0,0.34333333333333327,1.1666666666666667,1.1666666666666667,0.44000000000000006,37,46,0.8378378378378378
progressive/rome_benchmark/grafo6254.37,42,9,degree,0.946969696969697,0.3536477563788798,0.34333333333333327,0.38611111111111107,0.26620370370370366,1.0,37,46,0.8918918918918919
progressive/rome_benchmark/grafo6254.37,42,9,closeness,0.8787878787878789,0.9919947621979225,0.34333333333333327,0.3733333333333333,0.3,0.8400000000000001,37,46,0.918918918918919
progressive/rome_benchmark/grafo6254.37,42,9,betweeness,0.8787878787878789,0.9919947621979225,0.34333333333333327,0.3733333333333333,0.3,0.8400000000000001,37,46,0.918918918918919
progressive/rome_benchmark/grafo6254.37,42,9,rmc,0.8645276292335118,0.9919744341838944,0.34333333333333327,0.7592592592592592,0.5416666666666666,0.6,37,46,0.918918918918919
progressive/rome_benchmark/grafo6254.37,42,9,random,0.9193277310924369,1.0,0.34333333333333327,0.6041666666666666,0.6041666666666666,0.75,37,46,0.9459459459459459
progressive/rome_benchmark/grafo6254.37,42,9,spectral,0.8645276292335118,0.9919744341838944,0.34333333333333327,0.7592592592592592,0.5416666666666666,0.6,37,46,0.918918918918919
progressive/rome_benchmark/grafo6254.37,46,10,degree,1.0,1.0,0.34333333333333327,0.34333333333333327,0.34333333333333327,1.0,37,46,1.0
progressive/rome_benchmark/grafo6254.37,46,10,closeness,1.0,1.0,0.34333333333333327,0.34333333333333327,0.34333333333333327,1.0,37,46,1.0
progressive/rome_benchmark/grafo6254.37,46,10,betweeness,1.0,1.0,0.34333333333333327,0.34333333333333327,0.34333333333333327,1.0,37,46,1.0
progressive/rome_benchmark/grafo6254.37,46,10,rmc,1.0,1.0,0.34333333333333327,0.34333333333333327,0.34333333333333327,1.0,37,46,1.0
progressive/rome_benchmark/grafo6254.37,46,10,random,1.0,1.0,0.34333333333333327,0.34333333333333327,0.34333333333333327,1.0,37,46,1.0
progressive/rome_benchmark/grafo6254.37,46,10,spectral,1.0,1.0,0.34333333333333327,0.34333333333333327,0.34333333333333327,1.0,37,46,1.0
progressive/rome_benchmark/grafo6320.49,7,1,degree,0.7142857142857142,-0.33333333333333326,0.325,5.0,5.0,0.4,49,61,0.16326530612244897
progressive/rome_benchmark/grafo6320.49,7,1,closeness,0.3333333333333333,0.0,0.325,3.0,0.1875,0.0,49,61,0.1836734693877551
progressive/rome_benchmark/grafo6320.49,7,1,betweeness,-0.14285714285714285,0.0,0.325,3.0,0.75,0.0,49,61,0.16326530612244897
progressive/rome_benchmark/grafo6320.49,7,1,rmc,0.3571428571428571,-0.5,0.325,0,0,0.0,49,61,0.16326530612244897
progressive/rome_benchmark/grafo6320.49,7,1,random,0.6666666666666666,-0.5,0.325,0,0,0.0,49,61,0.1836734693877551
progressive/rome_benchmark/grafo6320.49,7,1,spectral,0.23809523809523814,0.0,0.325,4.0,0.25,0.0,49,61,0.14285714285714285
progressive/rome_benchmark/grafo6320.49,13,2,degree,0.7142857142857143,1.0,0.325,5.0,5.0,0.4,49,61,0.30612244897959184
progressive/rome_benchmark/grafo6320.49,13,2,closeness,0.5384615384615383,0.0,0.325,3.0,3.0,0.0,49,61,0.2653061224489796
progressive/rome_benchmark/grafo6320.49,13,2,betweeness,0.3846153846153845,0.0,0.325,3.0,0.75,0.0,49,61,0.2653061224489796
progressive/rome_benchmark/grafo6320.49,13,2,rmc,0.23076923076923078,0.0,0.325,4.0,0.25,0.0,49,61,0.2857142857142857
progressive/rome_benchmark/grafo6320.49,13,2,random,0.3626373626373627,0.0,0.325,0.75,0.1875,0.0,49,61,0.2857142857142857
progressive/rome_benchmark/grafo6320.49,13,2,spectral,0.3626373626373627,0.0,0.325,1.0,0.25,0.0,49,61,0.2857142857142857
progressive/rome_benchmark/grafo6320.49,19,3,degree,0.6631578947368422,1.0,0.325,1.5,0.8333333333333334,0.5,49,61,0.40816326530612246
progressive/rome_benchmark/grafo6320.49,19,3,closeness,0.5411255411255411,0.0,0.325,0.75,0.75,0.0,49,61,0.4489795918367347
progressive/rome_benchmark/grafo6320.49,19,3,betweeness,0.6323529411764706,-0.5,0.325,0,0,0.0,49,61,0.3469387755102041
progressive/rome_benchmark/grafo6320.49,19,3,rmc,0.5555555555555555,0.0,0.325,4.0,0.25,0.0,49,61,0.3877551020408163
progressive/rome_benchmark/grafo6320.49,19,3,random,0.6285714285714286,0.0,0.325,4.0,1.625,0.4,49,61,0.42857142857142855
progressive/rome_benchmark/grafo6320.49,19,3,spectral,0.7254901960784316,0.0,0.325,1.25,1.25,0.0,49,61,0.3673469387755102
progressive/rome_benchmark/grafo6320.49,25,4,degree,0.7066666666666666,1.0,0.325,0.8333333333333334,0.8333333333333334,0.5,49,61,0.5102040816326531
progressive/rome_benchmark/grafo6320.49,25,4,closeness,0.6068376068376069,0.0,0.325,0.375,0.375,0.0,49,61,0.5510204081632653
progressive/rome_benchmark/grafo6320.49,25,4,betweeness,0.6709956709956709,0.0,0.325,3.0,3.0,0.0,49,61,0.4489795918367347
progressive/rome_benchmark/grafo6320.49,25,4,rmc,0.7628458498023716,0.0,0.325,1.0,1.0,0.0,49,61,0.46938775510204084
progressive/rome_benchmark/grafo6320.49,25,4,random,0.6184615384615385,0.0,0.325,1.0,0.25,0.0,49,61,0.5306122448979592
progressive/rome_benchmark/grafo6320.49,25,4,spectral,0.8285714285714286,0.0,0.325,0.3125,0.3125,0.0,49,61,0.42857142857142855
progressive/rome_benchmark/grafo6320.49,31,5,degree,0.6827586206896552,1.0,0.325,1.5,1.5,0.5,49,61,0.6122448979591837
progressive/rome_benchmark/grafo6320.49,31,5,closeness,0.5443548387096775,0.0,0.325,0.375,0.375,0.0,49,61,0.6530612244897959
progressive/rome_benchmark/grafo6320.49,31,5,betweeness,0.6387096774193549,0.0,0.325,0.75,0.75,0.0,49,61,0.6326530612244898
progressive/rome_benchmark/grafo6320.49,31,5,rmc,0.8575498575498577,0.0,0.325,1.0,1.0,0.0,49,61,0.5510204081632653
progressive/rome_benchmark/grafo6320.49,31,5,random,0.6411290322580646,0.0,0.325,1.5,0.625,0.0,49,61,0.6530612244897959
progressive/rome_benchmark/grafo6320.49,31,5,spectral,0.94,0.0,0.325,0.5,0.5,0.0,49,61,0.5102040816326531
progressive/rome_benchmark/grafo6320.49,37,6,degree,0.7782258064516131,1.0,0.325,1.25,1.25,0.5,49,61,0.6530612244897959
progressive/rome_benchmark/grafo6320.49,37,6,closeness,0.6539682539682541,0.0,0.325,0.375,0.375,0.0,49,61,0.7346938775510204
progressive/rome_benchmark/grafo6320.49,37,6,betweeness,0.6285714285714287,0.0,0.325,0.75,0.75,0.0,49,61,0.7346938775510204
progressive/rome_benchmark/grafo6320.49,37,6,rmc,0.8150537634408603,1.0,0.325,0.355,0.2333333333333333,0.5,49,61,0.6326530612244898
progressive/rome_benchmark/grafo6320.49,37,6,random,0.6306306306306306,1.0,0.325,1.3125,0.46875,0.25,49,61,0.7551020408163265
progressive/rome_benchmark/grafo6320.49,37,6,spectral,0.8896551724137931,1.0,0.325,0.24,0.24,0.5,49,61,0.6122448979591837
progressive/rome_benchmark/grafo6320.49,43,7,degree,0.786628733997155,1.0,0.325,1.25,1.25,0.5,49,61,0.7755102040816326
progressive/rome_benchmark/grafo6320.49,43,7,closeness,0.7610241820768138,0.0,0.325,0.375,0.375,0.0,49,61,0.7755102040816326
progressive/rome_benchmark/grafo6320.49,43,7,betweeness,0.7657657657657657,1.0,0.325,1.5,1.5,0.5,49,61,0.7551020408163265
progressive/rome_benchmark/grafo6320.49,43,7,rmc,0.8528528528528528,1.0,0.325,0.19999999999999998,0.19999999999999998,0.5,49,61,0.7551020408163265
progressive/rome_benchmark/grafo6320.49,43,7,random,0.6756097560975609,1.0,0.325,3.0,0.75,0.25,49,61,0.8367346938775511
progressive/rome_benchmark/grafo6320.49,43,7,spectral,0.8528528528528528,1.0,0.325,0.19999999999999998,0.19999999999999998,0.5,49,61,0.7551020408163265
progressive/rome_benchmark/grafo6320.49,49,8,degree,0.7770034843205575,1.0,0.325,1.0,1.0,0.5,49,61,0.8571428571428571
progressive/rome_benchmark/grafo6320.49,49,8,closeness,0.7862950058072009,1.0,0.325,0.4583333333333333,0.4583333333333333,0.5,49,61,0.8571428571428571
progressive/rome_benchmark/grafo6320.49,49,8,betweeness,0.7770034843205575,1.0,0.325,1.0,1.0,0.5,49,61,0.8571428571428571
progressive/rome_benchmark/grafo6320.49,49,8,rmc,0.9146341463414634,1.0,0.325,0.25833333333333336,0.25833333333333336,0.5833333333333334,49,61,0.8367346938775511
progressive/rome_benchmark/grafo6320.49,49,8,random,0.769656699889258,1.0,0.325,0.26666666666666666,0.26666666666666666,0.5,49,61,0.8775510204081632
progressive/rome_benchmark/grafo6320.49,49,8,spectral,0.8853658536585365,1.0,0.325,0.26666666666666666,0.26666666666666666,0.5,49,61,0.8367346938775511
progressive/rome_benchmark/grafo6320.49,55,9,degree,0.8828282828282827,1.0,0.325,1.125,0.625,0.75,49,61,0.9183673469387755
progressive/rome_benchmark/grafo6320.49,55,9,closeness,0.8929292929292928,1.0,0.325,0.75,0.75,0.5,49,61,0.9183673469387755
progressive/rome_benchmark/grafo6320.49,55,9,betweeness,0.8666666666666667,1.0,0.325,1.0,1.0,0.5,49,61,0.9387755102040817
progressive/rome_benchmark/grafo6320.49,55,9,rmc,0.9130434782608697,0.3431855500821018,0.325,0.3,0.3,1.0,49,61,0.9387755102040817
progressive/rome_benchmark/grafo6320.49,55,9,random,0.8743961352657006,-0.26582278481012644,0.325,0.25833333333333336,0.17333333333333334,0.875,49,61,0.9387755102040817
progressive/rome_benchmark/grafo6320.49,55,9,spectral,0.9313131313131312,0.3431855500821018,0.325,0.3,0.3,1.0,49,61,0.9183673469387755
progressive/rome_benchmark/grafo6320.49,61,10,degree,0.9999999999999998,1.0,0.325,0.325,0.325,1.0,49,61,1.0
progressive/rome_benchmark/grafo6320.49,61,10,closeness,0.9999999999999998,1.0,0.325,0.325,0.325,1.0,49,61,1.0
progressive/rome_benchmark/grafo6320.49,61,10,betweeness,0.9999999999999998,1.0,0.325,0.325,0.325,1.0,49,61,1.0
progressive/rome_benchmark/grafo6320.49,61,10,rmc,0.9999999999999998,1.0,0.325,0.325,0.325,1.0,49,61,1.0
progressive/rome_benchmark/grafo6320.49,61,10,random,0.9999999999999998,1.0,0.325,0.325,0.325,1.0,49,61,1.0
progressive/rome_benchmark/grafo6320.49,61,10,spectral,0.9999999999999998,1.0,0.325,0.325,0.325,1.0,49,61,1.0
progressive/rome_benchmark/grafo4619.63,9,1,degree,0.6,0.3333333333333333,0.11093073593073592,6.0,6.0,0.07142857142857142,63,87,0.15873015873015872
progressive/rome_benchmark/grafo4619.63,9,1,closeness,0.8181818181818182,0.0,0.11093073593073592,4.0,1.0,0.0,63,87,0.1746031746031746
progressive/rome_benchmark/grafo4619.63,9,1,betweeness,0.6,0.0,0.11093073593073592,5.0,0.5555555555555556,0.0,63,87,0.15873015873015872
progressive/rome_benchmark/grafo4619.63,9,1,rmc,0.15384615384615383,0.0,0.11093073593073592,3.0,0.1875,0.0,63,87,0.20634920634920634
progressive/rome_benchmark/grafo4619.63,9,1,random,0.6,0.3333333333333333,0.11093073593073592,6.0,6.0,0.07142857142857142,63,87,0.15873015873015872
progressive/rome_benchmark/grafo4619.63,9,1,spectral,0.4222222222222222,0.0,0.11093073593073592,4.0,0.25,0.027777777777777776,63,87,0.15873015873015872
progressive/rome_benchmark/grafo4619.63,18,2,degree,0.47368421052631576,-0.21348314606741564,0.11093073593073592,2.0,0.17857142857142858,0.18333333333333335,63,87,0.30158730158730157
progressive/rome_benchmark/grafo4619.63,18,2,closeness,0.47712418300653603,0.0,0.11093073593073592,1.3333333333333333,0.13315696649029982,0.05158730158730159,63,87,0.2857142857142857
progressive/rome_benchmark/grafo4619.63,18,2,betweeness,0.43859649122807015,0.0,0.11093073593073592,4.0,0.39583333333333337,0.03333333333333333,63,87,0.30158730158730157
progressive/rome_benchmark/grafo4619.63,18,2,rmc,0.4632034632034632,0.0,0.11093073593073592,3.0,0.12,0.03333333333333333,63,87,0.3492063492063492
progressive/rome_benchmark/grafo4619.63,18,2,random,0.4190476190476191,1.0,0.11093073593073592,4.0,1.0,0.06666666666666667,63,87,0.3333333333333333
progressive/rome_benchmark/grafo4619.63,18,2,spectral,0.7647058823529412,0.3333333333333334,0.11093073593073592,0.5,0.14583333333333334,0.16666666666666666,63,87,0.2857142857142857
progressive/rome_benchmark/grafo4619.63,27,3,degree,0.5767195767195767,1.0,0.11093073593073592,3.5,0.375,0.3666666666666667,63,87,0.4444444444444444
progressive/rome_benchmark/grafo4619.63,27,3,closeness,0.536231884057971,1.0,0.11093073593073592,1.3333333333333333,0.3888888888888889,0.1111111111111111,63,87,0.38095238095238093
progressive/rome_benchmark/grafo4619.63,27,3,betweeness,0.6752136752136754,1.0,0.11093073593073592,5.0,0.5208333333333334,0.09999999999999999,63,87,0.42857142857142855
progressive/rome_benchmark/grafo4619.63,27,3,rmc,0.6045977011494253,0.0,0.11093073593073592,0.75,0.3333333333333333,0.0,63,87,0.47619047619047616
progressive/rome_benchmark/grafo4619.63,27,3,random,0.566137566137566,1.0,0.11093073593073592,1.5833333333333333,0.24074074074074073,0.15833333333333333,63,87,0.4444444444444444
progressive/rome_benchmark/grafo4619.63,27,3,spectral,0.5333333333333332,-1.0,0.11093073593073592,1.1666666666666667,0.3611111111111111,0.08333333333333333,63,87,0.3968253968253968
progressive/rome_benchmark/grafo4619.63,35,4,degree,0.6793650793650794,1.0,0.11093073593073592,1.55,0.23809523809523808,0.3833333333333333,63,87,0.5714285714285714
progressive/rome_benchmark/grafo4619.63,35,4,closeness,0.6455026455026455,0.7841675541356051,0.11093073593073592,0.6833333333333332,0.15026455026455027,0.35000000000000003,63,87,0.4444444444444444
progressive/rome_benchmark/grafo4619.63,35,4,betweeness,0.6403361344537816,1.0,0.11093073593073592,3.6666666666666665,0.33333333333333337,0.16666666666666666,63,87,0.5555555555555556
progressive/rome_benchmark/grafo4619.63,35,4,rmc,0.4952380952380953,0.0,0.11093073593073592,1.25,0.2333333333333333,0.0,63,87,0.5714285714285714
progressive/rome_benchmark/grafo4619.63,35,4,random,0.6476190476190478,0.8253275109170306,0.11093073593073592,3.4,0.23809523809523808,0.3833333333333333,63,87,0.5714285714285714
progressive/rome_benchmark/grafo4619.63,35,4,spectral,0.7747126436781608,0.0,0.11093073593073592,0.5833333333333334,0.5833333333333334,0.0,63,87,0.47619047619047616
progressive/rome_benchmark/grafo4619.63,44,5,degree,0.6341463414634146,0.8817442719881743,0.11093073593073592,0.9166666666666666,0.1438888888888889,0.4611111111111111,63,87,0.6507936507936508
progressive/rome_benchmark/grafo4619.63,44,5,closeness,0.7031039136302294,0.7841675541356051,0.11093073593073592,0.5125,0.13523809523809524,0.35000000000000003,63,87,0.6190476190476191
progressive/rome_benchmark/grafo4619.63,44,5,betweeness,0.709815078236131,1.0,0.11093073593073592,1.6875,0.3055555555555555,0.21666666666666667,63,87,0.6031746031746031
progressive/rome_benchmark/grafo4619.63,44,5,rmc,0.6268292682926829,0.3333333333333334,0.11093073593073592,0.33333333333333337,0.07374338624338624,0.1488095238095238,63,87,0.6507936507936508
progressive/rome_benchmark/grafo4619.63,44,5,random,0.477297895902547,1.0,0.11093073593073592,0.36666666666666664,0.36666666666666664,0.12380952380952381,63,87,0.6825396825396826
progressive/rome_benchmark/grafo4619.63,44,5,spectral,0.8554621848739495,0.19496855345911956,0.11093073593073592,0.17857142857142858,0.11696428571428572,0.2916666666666667,63,87,0.5555555555555556
progressive/rome_benchmark/grafo4619.63,53,6,degree,0.7297895902547065,1.0,0.11093073593073592,0.5892857142857143,0.12878787878787878,0.5916666666666667,63,87,0.6825396825396826
progressive/rome_benchmark/grafo4619.63,53,6,closeness,0.6808080808080808,0.7958728388176242,0.11093073593073592,0.28775510204081634,0.11551543694400837,0.4611111111111111,63,87,0.7142857142857143
progressive/rome_benchmark/grafo4619.63,53,6,betweeness,0.7378435517970401,1.0,0.11093073593073592,0.875,0.39583333333333337,0.33809523809523806,63,87,0.6984126984126984
progressive/rome_benchmark/grafo4619.63,53,6,rmc,0.6445578231292516,-0.2826603325415676,0.11093073593073592,0.5,0.17965367965367965,0.2488095238095238,63,87,0.7777777777777778
progressive/rome_benchmark/grafo4619.63,53,6,random,0.7275747508305648,1.0,0.11093073593073592,0.33796296296296297,0.1484126984126984,0.3333333333333333,63,87,0.6825396825396826
progressive/rome_benchmark/grafo4619.63,53,6,spectral,0.7829457364341085,-0.321042209280774,0.11093073593073592,0.21018518518518517,0.14831349206349206,0.4154761904761905,63,87,0.6825396825396826
progressive/rome_benchmark/grafo4619.63,61,7,degree,0.7855072463768117,1.0,0.11093073593073592,0.49479166666666663,0.2916666666666667,0.5361111111111111,63,87,0.7301587301587301
progressive/rome_benchmark/grafo4619.63,61,7,closeness,0.7976190476190474,0.962527352297593,0.11093073593073592,0.2885714285714286,0.11686507936507935,0.43333333333333335,63,87,0.7777777777777778
progressive/rome_benchmark/grafo4619.63,61,7,betweeness,0.7631975867269986,0.9881188118811881,0.11093073593073592,0.39999999999999997,0.1766666666666667,0.39166666666666666,63,87,0.8253968253968254
progressive/rome_benchmark/grafo4619.63,61,7,rmc,0.6835016835016836,1.0,0.11093073593073592,0.375,0.0873015873015873,0.1488095238095238,63,87,0.873015873015873
progressive/rome_benchmark/grafo4619.63,61,7,random,0.7585034013605441,1.0,0.11093073593073592,0.27380952380952384,0.27380952380952384,0.2833333333333333,63,87,0.7777777777777778
progressive/rome_benchmark/grafo4619.63,61,7,spectral,0.8368794326241136,0.9897652980376949,0.11093073593073592,0.18858024691358025,0.1516955266955267,0.5499999999999999,63,87,0.7619047619047619
progressive/rome_benchmark/grafo4619.63,70,8,degree,0.843137254901961,1.0,0.11093073593073592,0.37777777777777777,0.2642857142857143,0.5694444444444444,63,87,0.8095238095238095
progressive/rome_benchmark/grafo4619.63,70,8,closeness,0.8280922431865827,1.0,0.11093073593073592,0.31444444444444447,0.1319047619047619,0.425,63,87,0.8571428571428571
progressive/rome_benchmark/grafo4619.63,70,8,betweeness,0.8074074074074075,1.0,0.11093073593073592,0.4083333333333333,0.4083333333333333,0.41111111111111115,63,87,0.873015873015873
progressive/rome_benchmark/grafo4619.63,70,8,rmc,0.8020050125313285,1.0,0.11093073593073592,0.2928571428571428,0.20625,0.4527777777777778,63,87,0.9047619047619048
progressive/rome_benchmark/grafo4619.63,70,8,random,0.8154882154882156,1.0,0.11093073593073592,0.20138888888888887,0.13055555555555556,0.5499999999999999,63,87,0.873015873015873
progressive/rome_benchmark/grafo4619.63,70,8,spectral,0.7683501683501684,1.0,0.11093073593073592,0.13888888888888887,0.12309523809523808,0.4666666666666666,63,87,0.873015873015873
progressive/rome_benchmark/grafo4619.63,79,9,degree,0.890909090909091,1.0,0.11093073593073592,0.14947089947089945,0.1261904761904762,0.8333333333333334,63,87,0.873015873015873
progressive/rome_benchmark/grafo4619.63,79,9,closeness,0.865698729582577,0.9911306238545026,0.11093073593073592,0.13257575757575757,0.10908882783882784,0.9027777777777777,63,87,0.9206349206349206
progressive/rome_benchmark/grafo4619.63,79,9,betweeness,0.865698729582577,0.9911306238545026,0.11093073593073592,0.13257575757575757,0.10908882783882784,0.9027777777777777,63,87,0.9206349206349206
progressive/rome_benchmark/grafo4619.63,79,9,rmc,0.922565033272837,0.6273721819682438,0.11093073593073592,0.1937830687830688,0.1937830687830688,0.7583333333333333,63,87,0.9206349206349206
progressive/rome_benchmark/grafo4619.63,79,9,random,0.9129943502824858,1.0,0.11093073593073592,0.11904761904761905,0.11904761904761905,0.625,63,87,0.9523809523809523
progressive/rome_benchmark/grafo4619.63,79,9,spectral,0.922565033272837,0.6273721819682438,0.11093073593073592,0.1937830687830688,0.1937830687830688,0.7583333333333333,63,87,0.9206349206349206
progressive/rome_benchmark/grafo4619.63,87,10,degree,0.9999999999999999,1.0,0.11093073593073592,0.11093073593073592,0.11093073593073592,1.0,63,87,1.0
progressive/rome_benchmark/grafo4619.63,87,10,closeness,0.9999999999999999,1.0,0.11093073593073592,0.11093073593073592,0.11093073593073592,1.0,63,87,1.0
progressive/rome_benchmark/grafo4619.63,87,10,betweeness,0.9999999999999999,1.0,0.11093073593073592,0.11093073593073592,0.11093073593073592,1.0,63,87,1.0
progressive/rome_benchmark/grafo4619.63,87,10,rmc,0.9999999999999999,1.0,0.11093073593073592,0.11093073593073592,0.11093073593073592,1.0,63,87,1.0
progressive/rome_benchmark/grafo4619.63,87,10,random,0.9999999999999999,1.0,0.11093073593073592,0.11093073593073592,0.11093073593073592,1.0,63,87,1.0
progressive/rome_benchmark/grafo4619.63,87,10,spectral,0.9999999999999999,1.0,0.11093073593073592,0.11093073593073592,0.11093073593073592,1.0,63,87,1.0
progressive/rome_benchmark/grafo2908.13,2,1,degree,0.33333333333333337,-0.5,3.0,0,0,0.0,13,12,0.23076923076923078
progressive/rome_benchmark/grafo2908.13,2,1,closeness,1.0,-0.5,3.0,0,0,0.0,13,12,0.23076923076923078
progressive/rome_benchmark/grafo2908.13,2,1,betweeness,1.0,-0.5,3.0,0,0,0.0,13,12,0.23076923076923078
progressive/rome_benchmark/grafo2908.13,2,1,rmc,-0.33333333333333337,-0.5,3.0,0,0,0.0,13,12,0.23076923076923078
progressive/rome_benchmark/grafo2908.13,2,1,random,1.0,-0.5,3.0,0,0,0.0,13,12,0.23076923076923078
progressive/rome_benchmark/grafo2908.13,2,1,spectral,0.33333333333333337,-0.5,3.0,0,0,0.0,13,12,0.23076923076923078
progressive/rome_benchmark/grafo2908.13,3,2,degree,0.3333333333333334,-0.33333333333333326,3.0,3.0,0.3333333333333333,1.0,13,12,0.3076923076923077
progressive/rome_benchmark/grafo2908.13,3,2,closeness,0.0,-0.5,3.0,0,0,0.0,13,12,0.3076923076923077
progressive/rome_benchmark/grafo2908.13,3,2,betweeness,0.0,-0.5,3.0,0,0,0.0,13,12,0.3076923076923077
progressive/rome_benchmark/grafo2908.13,3,2,rmc,0.3333333333333334,-0.5,3.0,0,0,0.0,13,12,0.3076923076923077
progressive/rome_benchmark/grafo2908.13,3,2,random,0.3333333333333334,-0.33333333333333326,3.0,3.0,0.3333333333333333,1.0,13,12,0.3076923076923077
progressive/rome_benchmark/grafo2908.13,3,2,spectral,1.0,-0.5,3.0,0,0,0.0,13,12,0.3076923076923077
progressive/rome_benchmark/grafo2908.13,4,3,degree,0.39999999999999997,-0.33333333333333326,3.0,3.0,0.3333333333333333,1.0,13,12,0.38461538461538464
progressive/rome_benchmark/grafo2908.13,4,3,closeness,0.06666666666666665,-0.5,3.0,0,0,0.0,13,12,0.46153846153846156
progressive/rome_benchmark/grafo2908.13,4,3,betweeness,0.06666666666666665,-0.5,3.0,0,0,0.0,13,12,0.46153846153846156
progressive/rome_benchmark/grafo2908.13,4,3,rmc,0.6,-0.5,3.0,0,0,0.0,13,12,0.38461538461538464
progressive/rome_benchmark/grafo2908.13,4,3,random,0.6,-0.5,3.0,0,0,0.0,13,12,0.38461538461538464
progressive/rome_benchmark/grafo2908.13,4,3,spectral,0.6,-0.5,3.0,0,0,0.0,13,12,0.46153846153846156
progressive/rome_benchmark/grafo2908.13,5,4,degree,0.6,0.3333333333333334,3.0,3.0,3.0,1.0,13,12,0.46153846153846156
progressive/rome_benchmark/grafo2908.13,5,4,closeness,0.7142857142857143,-0.5,3.0,0,0,0.0,13,12,0.5384615384615384
progressive/rome_benchmark/grafo2908.13,5,4,betweeness,0.7142857142857143,-0.5,3.0,0,0,0.0,13,12,0.5384615384615384
progressive/rome_benchmark/grafo2908.13,5,4,rmc,0.7333333333333333,-0.5,3.0,0,0,0.0,13,12,0.46153846153846156
progressive/rome_benchmark/grafo2908.13,5,4,random,0.6,0.3333333333333334,3.0,3.0,3.0,1.0,13,12,0.46153846153846156
progressive/rome_benchmark/grafo2908.13,5,4,spectral,0.7333333333333333,0.0,3.0,3.0,3.0,0.2,13,12,0.46153846153846156
progressive/rome_benchmark/grafo2908.13,6,5,degree,0.8095238095238096,1.0,3.0,3.0,3.0,1.0,13,12,0.5384615384615384
progressive/rome_benchmark/grafo2908.13,6,5,closeness,0.7142857142857142,-0.5,3.0,0,0,0.0,13,12,0.6153846153846154
progressive/rome_benchmark/grafo2908.13,6,5,betweeness,0.7142857142857142,-0.5,3.0,0,0,0.0,13,12,0.6153846153846154
progressive/rome_benchmark/grafo2908.13,6,5,rmc,0.7142857142857143,-0.5,3.0,0,0,0.0,13,12,0.5384615384615384
progressive/rome_benchmark/grafo2908.13,6,5,random,0.4285714285714286,0.0,3.0,3.0,0.75,0.0,13,12,0.5384615384615384
progressive/rome_benchmark/grafo2908.13,6,5,spectral,0.9047619047619049,1.0,3.0,3.0,3.0,1.0,13,12,0.5384615384615384
progressive/rome_benchmark/grafo2908.13,8,6,degree,0.7777777777777778,1.0,3.0,3.0,3.0,1.0,13,12,0.6923076923076923
progressive/rome_benchmark/grafo2908.13,8,6,closeness,0.7777777777777778,0.0,3.0,3.0,3.0,0.2,13,12,0.6923076923076923
progressive/rome_benchmark/grafo2908.13,8,6,betweeness,0.7777777777777778,0.0,3.0,3.0,3.0,0.2,13,12,0.6923076923076923
progressive/rome_benchmark/grafo2908.13,8,6,rmc,0.611111111111111,-0.5,3.0,0,0,0.0,13,12,0.6923076923076923
progressive/rome_benchmark/grafo2908.13,8,6,random,0.7222222222222222,0.3333333333333334,3.0,3.0,3.0,1.0,13,12,0.6923076923076923
progressive/rome_benchmark/grafo2908.13,8,6,spectral,0.6666666666666666,1.0,3.0,3.0,3.0,1.0,13,12,0.6923076923076923
progressive/rome_benchmark/grafo2908.13,9,7,degree,0.8222222222222221,1.0,3.0,3.0,3.0,1.0,13,12,0.7692307692307693
progressive/rome_benchmark/grafo2908.13,9,7,closeness,0.8222222222222221,1.0,3.0,3.0,3.0,1.0,13,12,0.7692307692307693
progressive/rome_benchmark/grafo2908.13,9,7,betweeness,0.8222222222222221,1.0,3.0,3.0,3.0,1.0,13,12,0.7692307692307693
progressive/rome_benchmark/grafo2908.13,9,7,rmc,0.6888888888888888,-0.33333333333333326,3.0,3.0,0.3333333333333333,1.0,13,12,0.7692307692307693
progressive/rome_benchmark/grafo2908.13,9,7,random,0.7454545454545454,0.0,3.0,3.0,3.0,0.2,13,12,0.8461538461538461
progressive/rome_benchmark/grafo2908.13,9,7,spectral,0.7777777777777777,1.0,3.0,3.0,3.0,1.0,13,12,0.7692307692307693
progressive/rome_benchmark/grafo2908.13,10,8,degree,0.8181818181818182,1.0,3.0,3.0,3.0,1.0,13,12,0.8461538461538461
progressive/rome_benchmark/grafo2908.13,10,8,closeness,0.8181818181818182,1.0,3.0,3.0,3.0,1.0,13,12,0.8461538461538461
progressive/rome_benchmark/grafo2908.13,10,8,betweeness,0.8181818181818182,1.0,3.0,3.0,3.0,1.0,13,12,0.8461538461538461
progressive/rome_benchmark/grafo2908.13,10,8,rmc,0.7818181818181819,0.3333333333333334,3.0,3.0,3.0,1.0,13,12,0.8461538461538461
progressive/rome_benchmark/grafo2908.13,10,8,random,0.7272727272727272,0.0,3.0,3.0,3.0,0.2,13,12,0.9230769230769231
progressive/rome_benchmark/grafo2908.13,10,8,spectral,0.8181818181818182,1.0,3.0,3.0,3.0,1.0,13,12,0.8461538461538461
progressive/rome_benchmark/grafo2908.13,11,9,degree,0.909090909090909,1.0,3.0,3.0,1.125,1.0,13,12,0.9230769230769231
progressive/rome_benchmark/grafo2908.13,11,9,closeness,0.909090909090909,1.0,3.0,3.0,1.125,1.0,13,12,0.9230769230769231
progressive/rome_benchmark/grafo2908.13,11,9,betweeness,0.909090909090909,1.0,3.0,3.0,1.125,1.0,13,12,0.9230769230769231
progressive/rome_benchmark/grafo2908.13,11,9,rmc,0.909090909090909,1.0,3.0,3.0,3.0,1.0,13,12,0.9230769230769231
progressive/rome_benchmark/grafo2908.13,11,9,random,0.9393939393939392,0.0,3.0,3.0,3.0,0.2,13,12,0.9230769230769231
progressive/rome_benchmark/grafo2908.13,11,9,spectral,0.909090909090909,1.0,3.0,3.0,1.125,1.0,13,12,0.9230769230769231
progressive/rome_benchmark/grafo2908.13,12,10,degree,0.9999999999999998,1.0,3.0,3.0,3.0,1.0,13,12,1.0
progressive/rome_benchmark/grafo2908.13,12,10,closeness,0.9999999999999998,1.0,3.0,3.0,3.0,1.0,13,12,1.0
progressive/rome_benchmark/grafo2908.13,12,10,betweeness,0.9999999999999998,1.0,3.0,3.0,3.0,1.0,13,12,1.0
progressive/rome_benchmark/grafo2908.13,12,10,rmc,0.9999999999999998,1.0,3.0,3.0,3.0,1.0,13,12,1.0
progressive/rome_benchmark/grafo2908.13,12,10,random,0.9999999999999998,1.0,3.0,3.0,3.0,1.0,13,12,1.0
progressive/rome_benchmark/grafo2908.13,12,10,spectral,0.9999999999999998,1.0,3.0,3.0,3.0,1.0,13,12,1.0
progressive/rome_benchmark/grafo3767.36,5,1,degree,0.6,0.33333333333333337,0.3125,5.0,0.5555555555555556,0.19999999999999998,36,44,0.16666666666666666
progressive/rome_benchmark/grafo3767.36,5,1,closeness,0.0,-0.5,0.3125,0,0,0.0,36,44,0.2222222222222222
progressive/rome_benchmark/grafo3767.36,5,1,betweeness,0.6,0.3333333333333334,0.3125,3.0,0.75,0.25,36,44,0.16666666666666666
progressive/rome_benchmark/grafo3767.36,5,1,rmc,0.6190476190476191,-0.5,0.3125,0,0,0.0,36,44,0.19444444444444445
progressive/rome_benchmark/grafo3767.36,5,1,random,0.7333333333333333,0.0,0.3125,3.0,0.75,0.12222222222222223,36,44,0.16666666666666666
progressive/rome_benchmark/grafo3767.36,5,1,spectral,0.4666666666666666,-0.5,0.3125,0,0,0.0,36,44,0.16666666666666666
progressive/rome_benchmark/grafo3767.36,9,2,degree,0.9555555555555554,0.33333333333333337,0.3125,5.0,1.25,0.19999999999999998,36,44,0.2777777777777778
progressive/rome_benchmark/grafo3767.36,9,2,closeness,0.06666666666666668,-0.5,0.3125,0,0,0.0,36,44,0.4166666666666667
progressive/rome_benchmark/grafo3767.36,9,2,betweeness,0.0909090909090909,-0.3333333333333332,0.3125,0.75,0.3333333333333333,0.25,36,44,0.3333333333333333
progressive/rome_benchmark/grafo3767.36,9,2,rmc,0.6363636363636362,-0.5,0.3125,0,0,0.0,36,44,0.3333333333333333
progressive/rome_benchmark/grafo3767.36,9,2,random,0.5555555555555555,0.33333333333333337,0.3125,5.0,1.25,0.19999999999999998,36,44,0.2777777777777778
progressive/rome_benchmark/grafo3767.36,9,2,spectral,0.8222222222222221,-0.5,0.3125,0,0,0.0,36,44,0.2777777777777778
progressive/rome_benchmark/grafo3767.36,14,3,degree,0.45054945054945056,-0.14285714285714282,0.3125,4.0,0.6666666666666666,0.45,36,44,0.3888888888888889
progressive/rome_benchmark/grafo3767.36,14,3,closeness,0.14619883040935672,-0.3333333333333332,0.3125,0.75,0.3333333333333333,0.25,36,44,0.5277777777777778
progressive/rome_benchmark/grafo3767.36,14,3,betweeness,0.21568627450980396,-0.3333333333333332,0.3125,0.75,0.3333333333333333,0.25,36,44,0.5
progressive/rome_benchmark/grafo3767.36,14,3,rmc,0.5833333333333334,-0.5,0.3125,0,0,0.0,36,44,0.4444444444444444
progressive/rome_benchmark/grafo3767.36,14,3,random,0.588235294117647,-1.0,0.3125,0.75,0.75,0.16666666666666666,36,44,0.4722222222222222
progressive/rome_benchmark/grafo3767.36,14,3,spectral,0.5047619047619049,0.0,0.3125,4.0,0.4444444444444444,0.05555555555555555,36,44,0.4166666666666667
progressive/rome_benchmark/grafo3767.36,18,4,degree,0.7205882352941176,0.5402298850574713,0.3125,1.625,0.6666666666666666,0.45,36,44,0.4722222222222222
progressive/rome_benchmark/grafo3767.36,18,4,closeness,0.35177865612648224,-0.3333333333333332,0.3125,0.75,0.3333333333333333,0.25,36,44,0.6388888888888888
progressive/rome_benchmark/grafo3767.36,18,4,betweeness,0.35177865612648224,-0.3333333333333332,0.3125,0.75,0.3333333333333333,0.25,36,44,0.6388888888888888
progressive/rome_benchmark/grafo3767.36,18,4,rmc,0.7052631578947369,0.0,0.3125,1.0,1.0,0.0,36,44,0.5555555555555556
progressive/rome_benchmark/grafo3767.36,18,4,random,0.4952380952380953,1.0,0.3125,0.75,0.4166666666666667,0.31666666666666665,36,44,0.5833333333333334
progressive/rome_benchmark/grafo3767.36,18,4,spectral,0.8088235294117646,0.0,0.3125,1.0,1.0,0.05555555555555555,36,44,0.4722222222222222
progressive/rome_benchmark/grafo3767.36,22,5,degree,0.6140350877192983,0.5402298850574713,0.3125,0.9444444444444445,0.5,0.5055555555555555,36,44,0.5277777777777778
progressive/rome_benchmark/grafo3767.36,22,5,closeness,0.52,-0.38461538461538447,0.3125,0.5,0.3125,0.4166666666666667,36,44,0.7222222222222222
progressive/rome_benchmark/grafo3767.36,22,5,betweeness,0.52,-0.38461538461538447,0.3125,0.5,0.3125,0.4166666666666667,36,44,0.7222222222222222
progressive/rome_benchmark/grafo3767.36,22,5,rmc,0.7533333333333332,-0.5,0.3125,0,0,0.0,36,44,0.6944444444444444
progressive/rome_benchmark/grafo3767.36,22,5,random,0.5072463768115942,0.33333333333333337,0.3125,5.0,0.5555555555555556,0.19999999999999998,36,44,0.6666666666666666
progressive/rome_benchmark/grafo3767.36,22,5,spectral,0.5064935064935064,0.0,0.3125,1.25,1.25,0.05555555555555555,36,44,0.6111111111111112
progressive/rome_benchmark/grafo3767.36,27,6,degree,0.5599999999999998,0.7435897435897436,0.3125,1.0,0.5416666666666666,0.5888888888888889,36,44,0.6944444444444444
progressive/rome_benchmark/grafo3767.36,27,6,closeness,0.6011396011396013,0.4155251141552511,0.3125,0.4583333333333333,0.3222222222222222,0.5833333333333334,36,44,0.75
progressive/rome_benchmark/grafo3767.36,27,6,betweeness,0.6011396011396013,0.4155251141552511,0.3125,0.4583333333333333,0.3222222222222222,0.5833333333333334,36,44,0.75
progressive/rome_benchmark/grafo3767.36,27,6,rmc,0.7435897435897437,0.33333333333333337,0.3125,5.0,0.5555555555555556,0.19999999999999998,36,44,0.75
progressive/rome_benchmark/grafo3767.36,27,6,random,0.6084656084656085,0.3333333333333333,0.3125,0.6666666666666666,0.41666666666666663,0.3888888888888889,36,44,0.7777777777777778
progressive/rome_benchmark/grafo3767.36,27,6,spectral,0.7865612648221344,1.0,0.3125,1.5,0.7777777777777778,0.18888888888888888,36,44,0.6388888888888888
progressive/rome_benchmark/grafo3767.36,31,7,degree,0.6866096866096868,0.9196787148594378,0.3125,0.5416666666666666,0.5416666666666666,0.7833333333333333,36,44,0.75
progressive/rome_benchmark/grafo3767.36,31,7,closeness,0.5862068965517242,1.0,0.3125,0.3541666666666667,0.3541666666666667,0.6666666666666666,36,44,0.8333333333333334
progressive/rome_benchmark/grafo3767.36,31,7,betweeness,0.5862068965517242,1.0,0.3125,0.3541666666666667,0.3541666666666667,0.6666666666666666,36,44,0.8333333333333334
progressive/rome_benchmark/grafo3767.36,31,7,rmc,0.8078817733990147,0.7619047619047619,0.3125,0.6666666666666666,0.6666666666666666,0.45,36,44,0.8055555555555556
progressive/rome_benchmark/grafo3767.36,31,7,random,0.578494623655914,0.4155251141552511,0.3125,0.4583333333333333,0.3222222222222222,0.5833333333333334,36,44,0.8611111111111112
progressive/rome_benchmark/grafo3767.36,31,7,spectral,0.8584615384615385,0.5402298850574713,0.3125,0.8333333333333334,0.4166666666666667,0.5166666666666667,36,44,0.7222222222222222
progressive/rome_benchmark/grafo3767.36,36,8,degree,0.7548387096774194,0.9138395261173936,0.3125,0.4375,0.4375,0.8666666666666667,36,44,0.8611111111111112
progressive/rome_benchmark/grafo3767.36,36,8,closeness,0.7862903225806454,0.9138395261173936,0.3125,0.4375,0.4375,0.8666666666666667,36,44,0.8888888888888888
progressive/rome_benchmark/grafo3767.36,36,8,betweeness,0.7862903225806454,0.9138395261173936,0.3125,0.4375,0.4375,0.8666666666666667,36,44,0.8888888888888888
progressive/rome_benchmark/grafo3767.36,36,8,rmc,0.8279569892473119,1.0,0.3125,0.4583333333333333,0.2638888888888889,0.5166666666666667,36,44,0.8611111111111112
progressive/rome_benchmark/grafo3767.36,36,8,random,0.8150537634408603,0.9196787148594378,0.3125,0.5416666666666666,0.5416666666666666,0.7833333333333333,36,44,0.8611111111111112
progressive/rome_benchmark/grafo3767.36,36,8,spectral,0.9080459770114943,1.0,0.3125,1.0,0.5416666666666666,0.7833333333333333,36,44,0.8333333333333334
progressive/rome_benchmark/grafo3767.36,40,9,degree,0.8522727272727273,1.0,0.3125,0.3125,0.3125,1.0,36,44,0.9166666666666666
progressive/rome_benchmark/grafo3767.36,40,9,closeness,0.8752228163992871,0.9138395261173936,0.3125,0.4375,0.4375,0.8666666666666667,36,44,0.9444444444444444
progressive/rome_benchmark/grafo3767.36,40,9,betweeness,0.8752228163992871,0.9138395261173936,0.3125,0.4375,0.4375,0.8666666666666667,36,44,0.9444444444444444
progressive/rome_benchmark/grafo3767.36,40,9,rmc,0.9053030303030304,1.0,0.3125,0.75,0.75,0.5333333333333333,36,44,0.9166666666666666
progressive/rome_benchmark/grafo3767.36,40,9,random,0.8521008403361344,1.0,0.3125,0.4166666666666667,0.4166666666666667,0.5166666666666667,36,44,0.9722222222222222
progressive/rome_benchmark/grafo3767.36,40,9,spectral,0.8609625668449199,1.0,0.3125,0.4375,0.4375,0.8666666666666667,36,44,0.9444444444444444
progressive/rome_benchmark/grafo3767.36,44,10,degree,1.0,1.0,0.3125,0.3125,0.3125,1.0,36,44,1.0
progressive/rome_benchmark/grafo3767.36,44,10,closeness,1.0,1.0,0.3125,0.3125,0.3125,1.0,36,44,1.0
progressive/rome_benchmark/grafo3767.36,44,10,betweeness,1.0,1.0,0.3125,0.3125,0.3125,1.0,36,44,1.0
progressive/rome_benchmark/grafo3767.36,44,10,rmc,1.0,1.0,0.3125,0.3125,0.3125,1.0,36,44,1.0
progressive/rome_benchmark/grafo3767.36,44,10,random,1.0,1.0,0.3125,0.3125,0.3125,1.0,36,44,1.0
progressive/rome_benchmark/grafo3767.36,44,10,spectral,1.0,1.0,0.3125,0.3125,0.3125,1.0,36,44,1.0
progressive/rome_benchmark/grafo5701.45,6,1,degree,0.5238095238095238,0.3333333333333334,0.38416666666666666,6.0,1.5,0.14285714285714285,45,58,0.15555555555555556
progressive/rome_benchmark/grafo5701.45,6,1,closeness,0.3333333333333333,-0.5,0.38416666666666666,0,0,0.0,45,58,0.2
progressive/rome_benchmark/grafo5701.45,6,1,betweeness,0.5238095238095238,-0.5,0.38416666666666666,0,0,0.0,45,58,0.15555555555555556
progressive/rome_benchmark/grafo5701.45,6,1,rmc,0.6,1.0,0.38416666666666666,3.0,3.0,0.08333333333333333,45,58,0.2222222222222222
progressive/rome_benchmark/grafo5701.45,6,1,random,0.33333333333333337,0.0,0.38416666666666666,5.0,0.2,0.03571428571428571,45,58,0.15555555555555556
progressive/rome_benchmark/grafo5701.45,6,1,spectral,0.4999999999999999,-0.5,0.38416666666666666,0,0,0.0,45,58,0.17777777777777778
progressive/rome_benchmark/grafo5701.45,12,2,degree,0.18681318681318684,0.4,0.38416666666666666,7.0,1.75,0.17857142857142858,45,58,0.3111111111111111
progressive/rome_benchmark/grafo5701.45,12,2,closeness,0.2833333333333333,-0.5,0.38416666666666666,0,0,0.0,45,58,0.35555555555555557
progressive/rome_benchmark/grafo5701.45,12,2,betweeness,0.2967032967032967,0.0,0.38416666666666666,0.75,0.75,0.0,45,58,0.3111111111111111
progressive/rome_benchmark/grafo5701.45,12,2,rmc,0.4871794871794871,0.4,0.38416666666666666,7.0,1.75,0.17857142857142858,45,58,0.28888888888888886
progressive/rome_benchmark/grafo5701.45,12,2,random,0.1619047619047619,0.0,0.38416666666666666,3.0,0.1142857142857143,0.05,45,58,0.3333333333333333
progressive/rome_benchmark/grafo5701.45,12,2,spectral,0.3904761904761905,0.0,0.38416666666666666,3.0,0.75,0.0,45,58,0.3333333333333333
progressive/rome_benchmark/grafo5701.45,18,3,degree,0.45263157894736844,0.36236677692024993,0.38416666666666666,6.5,1.0833333333333333,0.34523809523809523,45,58,0.4444444444444444
progressive/rome_benchmark/grafo5701.45,18,3,closeness,0.41999999999999993,0.0,0.38416666666666666,0.75,0.75,0.0,45,58,0.5555555555555556
progressive/rome_benchmark/grafo5701.45,18,3,betweeness,0.41999999999999993,0.0,0.38416666666666666,0.75,0.75,0.0,45,58,0.5555555555555556
progressive/rome_benchmark/grafo5701.45,18,3,rmc,0.7192982456140351,0.3998800102848327,0.38416666666666666,3.875,0.6833333333333332,0.3035714285714286,45,58,0.4222222222222222
progressive/rome_benchmark/grafo5701.45,18,3,random,0.43722943722943725,0.0,0.38416666666666666,3.5,0.375,0.041666666666666664,45,58,0.4888888888888889
progressive/rome_benchmark/grafo5701.45,18,3,spectral,0.27485380116959063,0.0,0.38416666666666666,0.75,0.3333333333333333,0.0,45,58,0.4222222222222222
progressive/rome_benchmark/grafo5701.45,24,4,degree,0.5144927536231884,0.5553105475927967,0.38416666666666666,6.0,1.0,0.38095238095238093,45,58,0.5333333333333333
progressive/rome_benchmark/grafo5701.45,24,4,closeness,0.5402298850574713,1.0,0.38416666666666666,1.375,1.375,0.07142857142857142,45,58,0.6666666666666666
progressive/rome_benchmark/grafo5701.45,24,4,betweeness,0.5402298850574713,1.0,0.38416666666666666,1.375,1.375,0.07142857142857142,45,58,0.6666666666666666
progressive/rome_benchmark/grafo5701.45,24,4,rmc,0.6133333333333332,0.3998800102848327,0.38416666666666666,3.875,0.6833333333333332,0.3035714285714286,45,58,0.5555555555555556
progressive/rome_benchmark/grafo5701.45,24,4,random,0.47008547008547014,0.33333333333333337,0.38416666666666666,6.0,1.5,0.16666666666666666,45,58,0.6
progressive/rome_benchmark/grafo5701.45,24,4,spectral,0.4940711462450593,0.0,0.38416666666666666,1.875,0.5,0.16666666666666666,45,58,0.5111111111111111
progressive/rome_benchmark/grafo5701.45,29,5,degree,0.4942528735632184,0.5553105475927967,0.38416666666666666,5.166666666666667,0.4166666666666667,0.38095238095238093,45,58,0.6666666666666666
progressive/rome_benchmark/grafo5701.45,29,5,closeness,0.44516129032258067,0.4,0.38416666666666666,1.6666666666666667,1.0555555555555556,0.17857142857142858,45,58,0.6888888888888889
progressive/rome_benchmark/grafo5701.45,29,5,betweeness,0.44516129032258067,0.4,0.38416666666666666,1.6666666666666667,1.0555555555555556,0.17857142857142858,45,58,0.6888888888888889
progressive/rome_benchmark/grafo5701.45,29,5,rmc,0.5724137931034483,0.4,0.38416666666666666,7.0,7.0,0.17857142857142858,45,58,0.6666666666666666
progressive/rome_benchmark/grafo5701.45,29,5,random,0.37471264367816093,0.19999999999999996,0.38416666666666666,5.0,0.5625,0.2285714285714286,45,58,0.6666666666666666
progressive/rome_benchmark/grafo5701.45,29,5,spectral,0.7133333333333332,0.33333333333333337,0.38416666666666666,6.0,1.5,0.16666666666666666,45,58,0.5555555555555556
progressive/rome_benchmark/grafo5701.45,35,6,degree,0.6008064516129034,-0.1189279731993299,0.38416666666666666,0.75,0.35000000000000003,0.35238095238095235,45,58,0.7111111111111111
progressive/rome_benchmark/grafo5701.45,35,6,closeness,0.590017825311943,1.0,0.38416666666666666,2.125,1.3333333333333333,0.17857142857142858,45,58,0.7555555555555555
progressive/rome_benchmark/grafo5701.45,35,6,betweeness,0.590017825311943,1.0,0.38416666666666666,2.125,1.3333333333333333,0.17857142857142858,45,58,0.7555555555555555
progressive/rome_benchmark/grafo5701.45,35,6,rmc,0.717741935483871,1.0,0.38416666666666666,1.5166666666666666,1.5166666666666666,0.4285714285714286,45,58,0.7111111111111111
progressive/rome_benchmark/grafo5701.45,35,6,random,0.5294117647058825,0.3971613230262324,0.38416666666666666,2.0833333333333335,0.8333333333333334,0.2619047619047619,45,58,0.7555555555555555
progressive/rome_benchmark/grafo5701.45,35,6,spectral,0.8298850574712644,1.0,0.38416666666666666,0.8125,0.8125,0.45,45,58,0.6666666666666666
progressive/rome_benchmark/grafo5701.45,41,7,degree,0.6648841354723708,0.7963502724622987,0.38416666666666666,2.25,0.6666666666666666,0.2976190476190476,45,58,0.7555555555555555
progressive/rome_benchmark/grafo5701.45,41,7,closeness,0.6102418207681366,1.0,0.38416666666666666,1.222222222222222,0.875,0.2142857142857143,45,58,0.8444444444444444
progressive/rome_benchmark/grafo5701.45,41,7,betweeness,0.6102418207681366,1.0,0.38416666666666666,1.222222222222222,0.875,0.2142857142857143,45,58,0.8444444444444444
progressive/rome_benchmark/grafo5701.45,41,7,rmc,0.7682539682539684,1.0,0.38416666666666666,1.0666666666666667,1.0666666666666667,0.4285714285714286,45,58,0.8
progressive/rome_benchmark/grafo5701.45,41,7,random,0.7155049786628734,0.39193446754883426,0.38416666666666666,1.8333333333333333,0.5833333333333334,0.37857142857142856,45,58,0.8444444444444444
progressive/rome_benchmark/grafo5701.45,41,7,spectral,0.7680672268907563,1.0,0.38416666666666666,0.34722222222222215,0.34722222222222215,0.5,45,58,0.7777777777777778
progressive/rome_benchmark/grafo5701.45,47,8,degree,0.7268847795163585,0.8001015357278842,0.38416666666666666,1.9166666666666667,0.8888888888888888,0.2976190476190476,45,58,0.8444444444444444
progressive/rome_benchmark/grafo5701.45,47,8,closeness,0.7230769230769231,1.0,0.38416666666666666,2.375,2.375,0.2142857142857143,45,58,0.8888888888888888
progressive/rome_benchmark/grafo5701.45,47,8,betweeness,0.7230769230769231,1.0,0.38416666666666666,2.375,2.375,0.2142857142857143,45,58,0.8888888888888888
progressive/rome_benchmark/grafo5701.45,47,8,rmc,0.873144399460189,1.0,0.38416666666666666,0.4666666666666666,0.4666666666666666,0.4,45,58,0.8666666666666667
progressive/rome_benchmark/grafo5701.45,47,8,random,0.8153846153846155,1.0,0.38416666666666666,0.17708333333333334,0.17708333333333334,0.4875,45,58,0.8888888888888888
progressive/rome_benchmark/grafo5701.45,47,8,spectral,0.7974358974358975,1.0,0.38416666666666666,0.34722222222222215,0.34722222222222215,0.5,45,58,0.8888888888888888
progressive/rome_benchmark/grafo5701.45,53,9,degree,0.8902439024390244,0.9995185721205709,0.38416666666666666,0.6375,0.6375,0.6517857142857143,45,58,0.9111111111111111
progressive/rome_benchmark/grafo5701.45,53,9,closeness,0.9146341463414634,0.9990371442411419,0.38416666666666666,0.6375,0.6375,0.6517857142857143,45,58,0.9111111111111111
progressive/rome_benchmark/grafo5701.45,53,9,betweeness,0.9146341463414634,0.9990371442411419,0.38416666666666666,0.6375,0.6375,0.6517857142857143,45,58,0.9111111111111111
progressive/rome_benchmark/grafo5701.45,53,9,rmc,0.9651567944250871,1.0,0.38416666666666666,0.5375,0.5375,0.7232142857142857,45,58,0.9333333333333333
progressive/rome_benchmark/grafo5701.45,53,9,random,0.8985200845665962,1.0,0.38416666666666666,0.20555555555555555,0.20555555555555555,0.55,45,58,0.9777777777777777
progressive/rome_benchmark/grafo5701.45,53,9,spectral,0.9534883720930232,1.0,0.38416666666666666,0.20555555555555555,0.20555555555555555,0.55,45,58,0.9555555555555556
progressive/rome_benchmark/grafo5701.45,58,10,degree,0.9999999999999999,1.0,0.38416666666666666,0.38416666666666666,0.38416666666666666,1.0,45,58,1.0
progressive/rome_benchmark/grafo5701.45,58,10,closeness,0.9999999999999999,1.0,0.38416666666666666,0.38416666666666666,0.38416666666666666,1.0,45,58,1.0
progressive/rome_benchmark/grafo5701.45,58,10,betweeness,0.9999999999999999,1.0,0.38416666666666666,0.38416666666666666,0.38416666666666666,1.0,45,58,1.0
progressive/rome_benchmark/grafo5701.45,58,10,rmc,0.9999999999999999,1.0,0.38416666666666666,0.38416666666666666,0.38416666666666666,1.0,45,58,1.0
progressive/rome_benchmark/grafo5701.45,58,10,random,0.9999999999999999,1.0,0.38416666666666666,0.38416666666666666,0.38416666666666666,1.0,45,58,1.0
progressive/rome_benchmark/grafo5701.45,58,10,spectral,0.9999999999999999,1.0,0.38416666666666666,0.38416666666666666,0.38416666666666666,1.0,45,58,1.0
progressive/rome_benchmark/grafo10983.34,4,1,degree,0.39999999999999997,-0.3333333333333332,0.475,4.0,1.0,0.15,34,38,0.14705882352941177
progressive/rome_benchmark/grafo10983.34,4,1,closeness,0.0,-0.5,0.475,0,0,0.0,34,38,0.14705882352941177
progressive/rome_benchmark/grafo10983.34,4,1,betweeness,0.9999999999999999,1.0,0.475,3.0,0.75,0.1,34,38,0.14705882352941177
progressive/rome_benchmark/grafo10983.34,4,1,rmc,0.6,-0.5,0.475,0,0,0.0,34,38,0.17647058823529413
progressive/rome_benchmark/grafo10983.34,4,1,random,0.33333333333333337,-0.5,0.475,0,0,0.0,34,38,0.20588235294117646
progressive/rome_benchmark/grafo10983.34,4,1,spectral,0.8666666666666666,0.0,0.475,3.0,3.0,0.0,34,38,0.17647058823529413
progressive/rome_benchmark/grafo10983.34,8,2,degree,0.6888888888888888,-0.27999999999999986,0.475,3.5,0.5833333333333334,0.25,34,38,0.29411764705882354
progressive/rome_benchmark/grafo10983.34,8,2,closeness,0.3888888888888889,1.0,0.475,3.0,0.75,0.1,34,38,0.2647058823529412
progressive/rome_benchmark/grafo10983.34,8,2,betweeness,0.6,1.0,0.475,3.0,0.75,0.1,34,38,0.29411764705882354
progressive/rome_benchmark/grafo10983.34,8,2,rmc,0.4545454545454545,0.0,0.475,3.0,0.75,0.0,34,38,0.35294117647058826
progressive/rome_benchmark/grafo10983.34,8,2,random,0.3333333333333333,0.0,0.475,3.5,0.5833333333333334,0.2,34,38,0.29411764705882354
progressive/rome_benchmark/grafo10983.34,8,2,spectral,0.7222222222222222,0.0,0.475,3.5,1.25,0.2,34,38,0.2647058823529412
progressive/rome_benchmark/grafo10983.34,12,3,degree,0.7333333333333334,-0.27999999999999986,0.475,3.5,0.5833333333333334,0.25,34,38,0.4411764705882353
progressive/rome_benchmark/grafo10983.34,12,3,closeness,0.39999999999999997,1.0,0.475,3.0,0.75,0.1,34,38,0.47058823529411764
progressive/rome_benchmark/grafo10983.34,12,3,betweeness,0.6666666666666665,-0.27999999999999986,0.475,3.5,0.5833333333333334,0.25,34,38,0.38235294117647056
progressive/rome_benchmark/grafo10983.34,12,3,rmc,0.37142857142857144,0.3333333333333334,0.475,3.5,0.5833333333333334,0.15,34,38,0.4411764705882353
progressive/rome_benchmark/grafo10983.34,12,3,random,0.35,0.3333333333333333,0.475,4.0,0.6666666666666666,0.2,34,38,0.47058823529411764
progressive/rome_benchmark/grafo10983.34,12,3,spectral,0.8181818181818181,0.21951219512195122,0.475,3.6666666666666665,0.7777777777777778,0.35,34,38,0.35294117647058826
progressive/rome_benchmark/grafo10983.34,16,4,degree,0.7192982456140351,0.0023980815347722506,0.475,3.6666666666666665,0.4583333333333333,0.45,34,38,0.5588235294117647
progressive/rome_benchmark/grafo10983.34,16,4,closeness,0.6491228070175439,-0.3333333333333332,0.475,4.0,1.0,0.15,34,38,0.5588235294117647
progressive/rome_benchmark/grafo10983.34,16,4,betweeness,0.6491228070175439,-0.3333333333333332,0.475,4.0,1.0,0.15,34,38,0.5588235294117647
progressive/rome_benchmark/grafo10983.34,16,4,rmc,0.5147058823529411,0.42028985507246375,0.475,3.6666666666666665,0.4583333333333333,0.32,34,38,0.5
progressive/rome_benchmark/grafo10983.34,16,4,random,0.6601307189542485,0.012345679012345756,0.475,4.0,0.5,0.47000000000000003,34,38,0.5294117647058824
progressive/rome_benchmark/grafo10983.34,16,4,spectral,0.676470588235294,1.0,0.475,1.5,1.5,0.35,34,38,0.5
progressive/rome_benchmark/grafo10983.34,19,5,degree,0.6380952380952382,-0.15498938428874723,0.475,3.75,0.375,0.6,34,38,0.6176470588235294
progressive/rome_benchmark/grafo10983.34,19,5,closeness,0.6095238095238096,-0.12280701754385955,0.475,3.5,0.5833333333333334,0.35,34,38,0.6176470588235294
progressive/rome_benchmark/grafo10983.34,19,5,betweeness,0.6095238095238096,-0.12280701754385955,0.475,3.5,0.5833333333333334,0.35,34,38,0.6176470588235294
progressive/rome_benchmark/grafo10983.34,19,5,rmc,0.6140350877192983,0.48571428571428577,0.475,1.25,0.5833333333333334,0.27999999999999997,34,38,0.5588235294117647
progressive/rome_benchmark/grafo10983.34,19,5,random,0.4736842105263158,0.24705882352941178,0.475,3.6666666666666665,0.4583333333333333,0.45,34,38,0.5882352941176471
progressive/rome_benchmark/grafo10983.34,19,5,spectral,0.7426900584795321,1.0,0.475,1.5,0.625,0.45,34,38,0.5588235294117647
progressive/rome_benchmark/grafo10983.34,23,6,degree,0.6205533596837944,-0.18474492322932135,0.475,3.3,0.36,0.8,34,38,0.6764705882352942
progressive/rome_benchmark/grafo10983.34,23,6,closeness,0.6304347826086957,0.2151616499442587,0.475,3.6666666666666665,0.4583333333333333,0.55,34,38,0.7058823529411765
progressive/rome_benchmark/grafo10983.34,23,6,betweeness,0.6304347826086957,0.2151616499442587,0.475,3.6666666666666665,0.4583333333333333,0.55,34,38,0.7058823529411765
progressive/rome_benchmark/grafo10983.34,23,6,rmc,0.9047619047619049,1.0,0.475,1.3333333333333333,1.3333333333333333,0.42000000000000004,34,38,0.6176470588235294
progressive/rome_benchmark/grafo10983.34,23,6,random,0.5799999999999998,0.3333333333333334,0.475,4.0,1.0,0.15,34,38,0.7352941176470589
progressive/rome_benchmark/grafo10983.34,23,6,spectral,0.8498023715415021,1.0,0.475,1.5,0.8333333333333334,0.55,34,38,0.6764705882352942
progressive/rome_benchmark/grafo10983.34,27,7,degree,0.6199999999999999,-0.011857707509881363,0.475,1.5,0.36,0.8,34,38,0.7352941176470589
progressive/rome_benchmark/grafo10983.34,27,7,closeness,0.6772486772486772,-0.05494505494505484,0.475,1.5,0.4583333333333333,0.45,34,38,0.8235294117647058
progressive/rome_benchmark/grafo10983.34,27,7,betweeness,0.6772486772486772,-0.05494505494505484,0.475,1.5,0.4583333333333333,0.45,34,38,0.8235294117647058
progressive/rome_benchmark/grafo10983.34,27,7,rmc,0.6738461538461539,1.0,0.475,0.5555555555555556,0.5555555555555556,0.48,34,38,0.7647058823529411
progressive/rome_benchmark/grafo10983.34,27,7,random,0.7466666666666665,-0.24031007751937974,0.475,1.3333333333333333,0.611111111111111,0.52,34,38,0.7352941176470589
progressive/rome_benchmark/grafo10983.34,27,7,spectral,0.7606837606837609,0.19665271966527204,0.475,1.625,0.59375,0.7,34,38,0.7941176470588235
progressive/rome_benchmark/grafo10983.34,31,8,degree,0.7684729064039407,0.004665629860031163,0.475,1.5,0.36,0.9,34,38,0.8529411764705882
progressive/rome_benchmark/grafo10983.34,31,8,closeness,0.7832512315270934,0.12228571428571437,0.475,0.9583333333333334,0.375,0.7,34,38,0.8529411764705882
progressive/rome_benchmark/grafo10983.34,31,8,betweeness,0.7832512315270934,0.12228571428571437,0.475,0.9583333333333334,0.375,0.7,34,38,0.8529411764705882
progressive/rome_benchmark/grafo10983.34,31,8,rmc,0.8325123152709357,0.5826086956521739,0.475,0.75,0.4375,0.63,34,38,0.8529411764705882
progressive/rome_benchmark/grafo10983.34,31,8,random,0.8029556650246304,0.7107344632768362,0.475,0.7666666666666666,0.32,0.74,34,38,0.8529411764705882
progressive/rome_benchmark/grafo10983.34,31,8,spectral,0.7684729064039407,0.07222787385554434,0.475,1.45,0.55,0.9,34,38,0.8529411764705882
progressive/rome_benchmark/grafo10983.34,35,9,degree,0.8795698924731183,1.0,0.475,0.8666666666666667,0.8666666666666667,0.9,34,38,0.9117647058823529
progressive/rome_benchmark/grafo10983.34,35,9,closeness,0.8870967741935486,0.5742793791574279,0.475,0.8666666666666667,0.36,0.9,34,38,0.9411764705882353
progressive/rome_benchmark/grafo10983.34,35,9,betweeness,0.8870967741935486,0.5742793791574279,0.475,0.8666666666666667,0.36,0.9,34,38,0.9411764705882353
progressive/rome_benchmark/grafo10983.34,35,9,rmc,0.9440860215053765,0.4243957279370433,0.475,0.7083333333333334,0.40625,0.8,34,38,0.9117647058823529
progressive/rome_benchmark/grafo10983.34,35,9,random,0.9440860215053765,0.4243957279370433,0.475,0.7083333333333334,0.40625,0.8,34,38,0.9117647058823529
progressive/rome_benchmark/grafo10983.34,35,9,spectral,0.8750000000000001,1.0,0.475,0.7999999999999999,0.7999999999999999,0.95,34,38,0.9411764705882353
progressive/rome_benchmark/grafo10983.34,38,10,degree,1.0,1.0,0.475,0.475,0.475,1.0,34,38,1.0
progressive/rome_benchmark/grafo10983.34,38,10,closeness,1.0,1.0,0.475,0.475,0.475,1.0,34,38,1.0
progressive/rome_benchmark/grafo10983.34,38,10,betweeness,1.0,1.0,0.475,0.475,0.475,1.0,34,38,1.0
progressive/rome_benchmark/grafo10983.34,38,10,rmc,1.0,1.0,0.475,0.475,0.475,1.0,34,38,1.0
progressive/rome_benchmark/grafo10983.34,38,10,random,1.0,1.0,0.475,0.475,0.475,1.0,34,38,1.0
progressive/rome_benchmark/grafo10983.34,38,10,spectral,1.0,1.0,0.475,0.475,0.475,1.0,34,38,1.0
progressive/rome_benchmark/grafo2608.18,3,1,degree,0.6,-0.5,0.36,0,0,0.0,18,23,0.2777777777777778
progressive/rome_benchmark/grafo2608.18,3,1,closeness,0.0,-0.5,0.36,0,0,0.0,18,23,0.2777777777777778
progressive/rome_benchmark/grafo2608.18,3,1,betweeness,0.6666666666666669,-0.5,0.36,0,0,0.0,18,23,0.2222222222222222
progressive/rome_benchmark/grafo2608.18,3,1,rmc,0.3333333333333334,-0.5,0.36,0,0,0.0,18,23,0.2222222222222222
progressive/rome_benchmark/grafo2608.18,3,1,random,0.3333333333333334,-0.33333333333333326,0.36,3.0,0.3333333333333333,0.2,18,23,0.2222222222222222
progressive/rome_benchmark/grafo2608.18,3,1,spectral,0.6,-0.5,0.36,0,0,0.0,18,23,0.2777777777777778
progressive/rome_benchmark/grafo2608.18,5,2,degree,0.5238095238095238,0.3333333333333334,0.36,4.0,1.0,0.18333333333333332,18,23,0.3888888888888889
progressive/rome_benchmark/grafo2608.18,5,2,closeness,0.3333333333333333,-0.5,0.36,0,0,0.0,18,23,0.3333333333333333
progressive/rome_benchmark/grafo2608.18,5,2,betweeness,0.3333333333333333,-0.5,0.36,0,0,0.0,18,23,0.3333333333333333
progressive/rome_benchmark/grafo2608.18,5,2,rmc,0.23809523809523814,-0.5,0.36,0,0,0.0,18,23,0.3888888888888889
progressive/rome_benchmark/grafo2608.18,5,2,random,0.6190476190476191,-0.5,0.36,0,0,0.0,18,23,0.3888888888888889
progressive/rome_benchmark/grafo2608.18,5,2,spectral,0.7333333333333333,0.3333333333333334,0.36,3.0,3.0,0.2,18,23,0.3333333333333333
progressive/rome_benchmark/grafo2608.18,7,3,degree,0.23809523809523814,0.3333333333333334,0.36,4.0,1.0,0.18333333333333332,18,23,0.3888888888888889
progressive/rome_benchmark/grafo2608.18,7,3,closeness,0.611111111111111,-0.5,0.36,0,0,0.0,18,23,0.5
progressive/rome_benchmark/grafo2608.18,7,3,betweeness,0.611111111111111,-0.5,0.36,0,0,0.0,18,23,0.5
progressive/rome_benchmark/grafo2608.18,7,3,rmc,0.21428571428571427,-1.0,0.36,3.0,0.4166666666666667,0.18,18,23,0.4444444444444444
progressive/rome_benchmark/grafo2608.18,7,3,random,0.4444444444444444,0.0,0.36,3.0,0.75,0.08,18,23,0.5
progressive/rome_benchmark/grafo2608.18,7,3,spectral,0.5,1.0,0.36,3.0,3.0,0.2,18,23,0.5
progressive/rome_benchmark/grafo2608.18,10,4,degree,0.5111111111111111,0.3333333333333334,0.36,4.0,1.0,0.18333333333333332,18,23,0.5555555555555556
progressive/rome_benchmark/grafo2608.18,10,4,closeness,0.6363636363636364,1.0,0.36,3.0,3.0,0.2,18,23,0.6111111111111112
progressive/rome_benchmark/grafo2608.18,10,4,betweeness,0.6363636363636364,1.0,0.36,3.0,3.0,0.2,18,23,0.6111111111111112
progressive/rome_benchmark/grafo2608.18,10,4,rmc,0.5555555555555556,0.3333333333333334,0.36,1.0,1.0,0.18333333333333332,18,23,0.5
progressive/rome_benchmark/grafo2608.18,10,4,random,0.6727272727272727,1.0,0.36,3.0,3.0,0.2,18,23,0.6111111111111112
progressive/rome_benchmark/grafo2608.18,10,4,spectral,0.7454545454545454,1.0,0.36,3.0,1.125,0.4,18,23,0.6111111111111112
progressive/rome_benchmark/grafo2608.18,12,5,degree,0.5151515151515151,0.3333333333333334,0.36,3.5,0.5833333333333334,0.3833333333333333,18,23,0.6666666666666666
progressive/rome_benchmark/grafo2608.18,12,5,closeness,0.6923076923076922,1.0,0.36,3.0,3.0,0.2,18,23,0.7222222222222222
progressive/rome_benchmark/grafo2608.18,12,5,betweeness,0.6923076923076922,1.0,0.36,3.0,3.0,0.2,18,23,0.7222222222222222
progressive/rome_benchmark/grafo2608.18,12,5,rmc,0.45454545454545453,0.3333333333333334,0.36,1.0,1.0,0.18333333333333332,18,23,0.6111111111111112
progressive/rome_benchmark/grafo2608.18,12,5,random,0.4102564102564102,1.0,0.36,3.0,3.0,0.2,18,23,0.7222222222222222
progressive/rome_benchmark/grafo2608.18,12,5,spectral,0.5128205128205127,1.0,0.36,3.0,1.125,0.4,18,23,0.7222222222222222
progressive/rome_benchmark/grafo2608.18,14,6,degree,0.6153846153846153,0.8333333333333334,0.36,3.5,1.25,0.3833333333333333,18,23,0.7222222222222222
progressive/rome_benchmark/grafo2608.18,14,6,closeness,0.5164835164835165,1.0,0.36,3.0,1.125,0.4,18,23,0.7777777777777778
progressive/rome_benchmark/grafo2608.18,14,6,betweeness,0.5164835164835165,1.0,0.36,3.0,1.125,0.4,18,23,0.7777777777777778
progressive/rome_benchmark/grafo2608.18,14,6,rmc,0.6363636363636364,0.8888888888888888,0.36,0.6666666666666666,0.375,0.6,18,23,0.6111111111111112
progressive/rome_benchmark/grafo2608.18,14,6,random,0.6666666666666665,0.33333333333333337,0.36,0.75,0.4166666666666667,0.4,18,23,0.7222222222222222
progressive/rome_benchmark/grafo2608.18,14,6,spectral,0.5384615384615384,1.0,0.36,3.0,1.125,0.4,18,23,0.7777777777777778
progressive/rome_benchmark/grafo2608.18,17,7,degree,0.6571428571428571,0.8596491228070176,0.36,3.3333333333333335,0.7222222222222222,0.5833333333333333,18,23,0.8333333333333334
progressive/rome_benchmark/grafo2608.18,17,7,closeness,0.6571428571428571,0.8596491228070176,0.36,3.3333333333333335,0.7222222222222222,0.5833333333333333,18,23,0.8333333333333334
progressive/rome_benchmark/grafo2608.18,17,7,betweeness,0.6571428571428571,0.8596491228070176,0.36,3.3333333333333335,0.7222222222222222,0.5833333333333333,18,23,0.8333333333333334
progressive/rome_benchmark/grafo2608.18,17,7,rmc,0.7435897435897434,0.4666666666666667,0.36,0.75,0.275,0.8,18,23,0.7222222222222222
progressive/rome_benchmark/grafo2608.18,17,7,random,0.7166666666666667,0.9607843137254902,0.36,1.125,0.6666666666666666,0.4,18,23,0.8888888888888888
progressive/rome_benchmark/grafo2608.18,17,7,spectral,0.6952380952380953,1.0,0.36,1.125,1.125,0.4,18,23,0.8333333333333334
progressive/rome_benchmark/grafo2608.18,19,8,degree,0.7333333333333334,0.8743455497382199,0.36,0.75,0.46875,0.74,18,23,0.8888888888888888
progressive/rome_benchmark/grafo2608.18,19,8,closeness,0.7333333333333334,0.8743455497382199,0.36,0.75,0.46875,0.74,18,23,0.8888888888888888
progressive/rome_benchmark/grafo2608.18,19,8,betweeness,0.7333333333333334,0.8743455497382199,0.36,0.75,0.46875,0.74,18,23,0.8888888888888888
progressive/rome_benchmark/grafo2608.18,19,8,rmc,0.7333333333333334,0.6666666666666666,0.36,0.375,0.275,0.8,18,23,0.8333333333333334
progressive/rome_benchmark/grafo2608.18,19,8,random,0.7941176470588235,0.9629629629629629,0.36,1.0,0.611111111111111,0.6,18,23,0.9444444444444444
progressive/rome_benchmark/grafo2608.18,19,8,spectral,0.8833333333333333,1.0,0.36,0.6666666666666666,0.6666666666666666,0.6,18,23,0.8888888888888888
progressive/rome_benchmark/grafo2608.18,21,9,degree,0.8676470588235293,0.8840579710144928,0.36,0.525,0.36,1.0,18,23,0.9444444444444444
progressive/rome_benchmark/grafo2608.18,21,9,closeness,0.8676470588235293,0.8840579710144928,0.36,0.525,0.36,1.0,18,23,0.9444444444444444
progressive/rome_benchmark/grafo2608.18,21,9,betweeness,0.8676470588235293,0.8840579710144928,0.36,0.525,0.36,1.0,18,23,0.9444444444444444
progressive/rome_benchmark/grafo2608.18,21,9,rmc,0.9500000000000001,0.46666666666666673,0.36,0.36,0.25,1.0,18,23,0.8888888888888888
progressive/rome_benchmark/grafo2608.18,21,9,random,0.9117647058823529,0.8787878787878788,0.36,0.75,0.46875,0.8,18,23,0.9444444444444444
progressive/rome_benchmark/grafo2608.18,21,9,spectral,0.9117647058823529,0.8787878787878788,0.36,0.75,0.46875,0.8,18,23,0.9444444444444444
progressive/rome_benchmark/grafo2608.18,23,10,degree,1.0,1.0,0.36,0.36,0.36,1.0,18,23,1.0
progressive/rome_benchmark/grafo2608.18,23,10,closeness,1.0,1.0,0.36,0.36,0.36,1.0,18,23,1.0
progressive/rome_benchmark/grafo2608.18,23,10,betweeness,1.0,1.0,0.36,0.36,0.36,1.0,18,23,1.0
progressive/rome_benchmark/grafo2608.18,23,10,rmc,1.0,1.0,0.36,0.36,0.36,1.0,18,23,1.0
progressive/rome_benchmark/grafo2608.18,23,10,random,1.0,1.0,0.36,0.36,0.36,1.0,18,23,1.0
progressive/rome_benchmark/grafo2608.18,23,10,spectral,1.0,1.0,0.36,0.36,0.36,1.0,18,23,1.0
progressive/rome_benchmark/grafo3157.55,8,1,degree,0.05555555555555555,0.0,0.2033730158730159,6.0,6.0,0.1111111111111111,55,73,0.16363636363636364
progressive/rome_benchmark/grafo3157.55,8,1,closeness,0.3333333333333333,-0.5,0.2033730158730159,0,0,0.0,55,73,0.18181818181818182
progressive/rome_benchmark/grafo3157.55,8,1,betweeness,0.05555555555555555,0.0,0.2033730158730159,6.0,6.0,0.1111111111111111,55,73,0.16363636363636364
progressive/rome_benchmark/grafo3157.55,8,1,rmc,0.5,0.0,0.2033730158730159,0.75,0.75,0.0,55,73,0.16363636363636364
progressive/rome_benchmark/grafo3157.55,8,1,random,0.4242424242424242,0.0,0.2033730158730159,3.0,0.061224489795918366,0.023809523809523808,55,73,0.21818181818181817
progressive/rome_benchmark/grafo3157.55,8,1,spectral,0.4222222222222222,0.0,0.2033730158730159,4.0,0.08163265306122448,0.041666666666666664,55,73,0.18181818181818182
progressive/rome_benchmark/grafo3157.55,15,2,degree,0.33333333333333337,0.04065040650406507,0.2033730158730159,4.5,1.875,0.19444444444444442,55,73,0.2909090909090909
progressive/rome_benchmark/grafo3157.55,15,2,closeness,0.4666666666666666,0.6666666666666667,0.2033730158730159,1.0,0.2380952380952381,0.1111111111111111,55,73,0.2909090909090909
progressive/rome_benchmark/grafo3157.55,15,2,betweeness,0.3904761904761905,0.33333333333333337,0.2033730158730159,5.0,2.0,0.13194444444444445,55,73,0.2727272727272727
progressive/rome_benchmark/grafo3157.55,15,2,rmc,0.338235294117647,0.0,0.2033730158730159,1.125,0.12053571428571429,0.023809523809523808,55,73,0.3090909090909091
progressive/rome_benchmark/grafo3157.55,15,2,random,0.3823529411764705,0.19999999999999996,0.2033730158730159,4.5,0.12433862433862435,0.20833333333333334,55,73,0.3090909090909091
progressive/rome_benchmark/grafo3157.55,15,2,spectral,0.4264705882352941,0.0,0.2033730158730159,1.75,0.08333333333333333,0.044642857142857144,55,73,0.3090909090909091
progressive/rome_benchmark/grafo3157.55,22,3,degree,0.4476190476190477,0.2079414838035528,0.2033730158730159,5.0,1.1666666666666667,0.36296296296296293,55,73,0.38181818181818183
progressive/rome_benchmark/grafo3157.55,22,3,closeness,0.43859649122807015,0.10447761194029849,0.2033730158730159,0.9166666666666666,0.17857142857142858,0.17777777777777778,55,73,0.34545454545454546
progressive/rome_benchmark/grafo3157.55,22,3,betweeness,0.5947712418300655,0.6666666666666667,0.2033730158730159,4.5,1.875,0.1111111111111111,55,73,0.32727272727272727
progressive/rome_benchmark/grafo3157.55,22,3,rmc,0.5619047619047619,0.8,0.2033730158730159,0.8888888888888888,0.16402116402116404,0.19047619047619047,55,73,0.38181818181818183
progressive/rome_benchmark/grafo3157.55,22,3,random,0.5533333333333332,0.19999999999999996,0.2033730158730159,4.0,0.11640211640211641,0.21428571428571427,55,73,0.45454545454545453
progressive/rome_benchmark/grafo3157.55,22,3,spectral,0.4978354978354978,-0.33333333333333326,0.2033730158730159,3.0,0.380952380952381,0.11904761904761903,55,73,0.4
progressive/rome_benchmark/grafo3157.55,30,4,degree,0.5938461538461539,0.1713913326816553,0.2033730158730159,5.333333333333333,0.8472222222222223,0.3962962962962963,55,73,0.4727272727272727
progressive/rome_benchmark/grafo3157.55,30,4,closeness,0.5978835978835979,0.6120218579234974,0.2033730158730159,3.5,1.119047619047619,0.2222222222222222,55,73,0.509090909090909
progressive/rome_benchmark/grafo3157.55,30,4,betweeness,0.5840455840455842,0.6120218579234974,0.2033730158730159,3.5,1.119047619047619,0.2222222222222222,55,73,0.4909090909090909
progressive/rome_benchmark/grafo3157.55,30,4,rmc,0.6354679802955664,0.8,0.2033730158730159,1.625,0.6666666666666666,0.16666666666666666,55,73,0.5272727272727272
progressive/rome_benchmark/grafo3157.55,30,4,random,0.6137566137566137,0.4003426613363792,0.2033730158730159,1.4375,0.24404761904761904,0.2222222222222222,55,73,0.509090909090909
progressive/rome_benchmark/grafo3157.55,30,4,spectral,0.6733333333333332,1.0,0.2033730158730159,0.5,0.5,0.12380952380952381,55,73,0.45454545454545453
progressive/rome_benchmark/grafo3157.55,37,5,degree,0.619047619047619,0.43765475568478684,0.2033730158730159,3.3,0.3841269841269841,0.5416666666666666,55,73,0.509090909090909
progressive/rome_benchmark/grafo3157.55,37,5,closeness,0.6325757575757576,0.2930648769574944,0.2033730158730159,0.39999999999999997,0.25396825396825395,0.21666666666666667,55,73,0.6
progressive/rome_benchmark/grafo3157.55,37,5,betweeness,0.6325757575757576,0.2930648769574944,0.2033730158730159,0.39999999999999997,0.25396825396825395,0.21666666666666667,55,73,0.6
progressive/rome_benchmark/grafo3157.55,37,5,rmc,0.6434937611408201,0.8,0.2033730158730159,5.0,1.25,0.16666666666666666,55,73,0.6181818181818182
progressive/rome_benchmark/grafo3157.55,37,5,random,0.6327985739750447,0.6688839615668885,0.2033730158730159,1.0666666666666667,0.44047619047619047,0.2111111111111111,55,73,0.6181818181818182
progressive/rome_benchmark/grafo3157.55,37,5,spectral,0.8669950738916254,0.3427230046948357,0.2033730158730159,0.440625,0.125,0.20476190476190478,55,73,0.5272727272727272
progressive/rome_benchmark/grafo3157.55,44,6,degree,0.6672268907563025,0.5010641684358961,0.2033730158730159,0.7361111111111112,0.23589065255731922,0.5361111111111111,55,73,0.6363636363636364
progressive/rome_benchmark/grafo3157.55,44,6,closeness,0.6456456456456456,-0.08381891528462566,0.2033730158730159,0.475,0.21020408163265308,0.4388888888888889,55,73,0.6727272727272727
progressive/rome_benchmark/grafo3157.55,44,6,betweeness,0.6456456456456456,-0.08381891528462566,0.2033730158730159,0.475,0.21020408163265308,0.4388888888888889,55,73,0.6727272727272727
progressive/rome_benchmark/grafo3157.55,44,6,rmc,0.7769230769230769,1.0,0.2033730158730159,1.25,1.25,0.16666666666666666,55,73,0.7272727272727273
progressive/rome_benchmark/grafo3157.55,44,6,random,0.6634146341463414,0.6902654867256638,0.2033730158730159,0.6444444444444445,0.17006802721088435,0.29444444444444445,55,73,0.7454545454545455
progressive/rome_benchmark/grafo3157.55,44,6,spectral,0.8319327731092436,0.6977058029689608,0.2033730158730159,0.3194444444444444,0.1360544217687075,0.2619047619047619,55,73,0.6363636363636364
progressive/rome_benchmark/grafo3157.55,52,7,degree,0.7327935222672065,0.8152483848985637,0.2033730158730159,0.4066666666666666,0.2639455782312925,0.6,55,73,0.7090909090909091
progressive/rome_benchmark/grafo3157.55,52,7,closeness,0.7142857142857142,-0.08381891528462566,0.2033730158730159,0.475,0.25,0.41904761904761906,55,73,0.7818181818181819
progressive/rome_benchmark/grafo3157.55,52,7,betweeness,0.7142857142857142,-0.08381891528462566,0.2033730158730159,0.475,0.25,0.41904761904761906,55,73,0.7818181818181819
progressive/rome_benchmark/grafo3157.55,52,7,rmc,0.8139534883720929,1.0,0.2033730158730159,0.475,0.30952380952380953,0.6,55,73,0.8
progressive/rome_benchmark/grafo3157.55,52,7,random,0.7974358974358975,0.9886081428994554,0.2033730158730159,0.4444444444444445,0.3476190476190476,0.43333333333333335,55,73,0.7272727272727273
progressive/rome_benchmark/grafo3157.55,52,7,spectral,0.8804878048780488,-0.06427172506835153,0.2033730158730159,0.3833333333333333,0.1687074829931973,0.7619047619047619,55,73,0.7454545454545455
progressive/rome_benchmark/grafo3157.55,59,8,degree,0.8076109936575052,0.7897646907547897,0.2033730158730159,0.36428571428571427,0.15850340136054425,0.6857142857142856,55,73,0.8
progressive/rome_benchmark/grafo3157.55,59,8,closeness,0.8323232323232322,0.9902980597736537,0.2033730158730159,0.4357142857142858,0.4357142857142858,0.6333333333333333,55,73,0.8181818181818182
progressive/rome_benchmark/grafo3157.55,59,8,betweeness,0.8323232323232322,0.9902980597736537,0.2033730158730159,0.4357142857142858,0.4357142857142858,0.6333333333333333,55,73,0.8181818181818182
progressive/rome_benchmark/grafo3157.55,59,8,rmc,0.7942176870748298,1.0,0.2033730158730159,0.29047619047619044,0.16377551020408163,0.7666666666666666,55,73,0.8909090909090909
progressive/rome_benchmark/grafo3157.55,59,8,random,0.8538390379278447,0.9168751202616894,0.2033730158730159,0.2853333333333333,0.16964285714285715,0.5333333333333333,55,73,0.8545454545454545
progressive/rome_benchmark/grafo3157.55,59,8,spectral,0.8649398704902869,-0.02328475200335876,0.2033730158730159,0.35158730158730156,0.25132275132275134,0.7857142857142857,55,73,0.8545454545454545
progressive/rome_benchmark/grafo3157.55,66,9,degree,0.8656462585034013,0.8982504668967931,0.2033730158730159,0.2849206349206349,0.19821428571428573,0.7333333333333334,55,73,0.8909090909090909
progressive/rome_benchmark/grafo3157.55,66,9,closeness,0.8839215686274511,0.996599323832222,0.2033730158730159,0.314484126984127,0.314484126984127,0.6666666666666666,55,73,0.9272727272727272
progressive/rome_benchmark/grafo3157.55,66,9,betweeness,0.8839215686274511,0.996599323832222,0.2033730158730159,0.314484126984127,0.314484126984127,0.6666666666666666,55,73,0.9272727272727272
progressive/rome_benchmark/grafo3157.55,66,9,rmc,0.8733031674208146,1.0,0.2033730158730159,0.28095238095238095,0.28095238095238095,0.8333333333333334,55,73,0.9454545454545454
progressive/rome_benchmark/grafo3157.55,66,9,random,0.8870588235294119,1.0,0.2033730158730159,0.2380952380952381,0.18042328042328043,0.7999999999999999,55,73,0.9272727272727272
progressive/rome_benchmark/grafo3157.55,66,9,spectral,0.9011764705882355,1.0,0.2033730158730159,0.2074829931972789,0.2074829931972789,0.8333333333333334,55,73,0.9272727272727272
progressive/rome_benchmark/grafo3157.55,73,10,degree,1.0,1.0,0.2033730158730159,0.2033730158730159,0.2033730158730159,1.0,55,73,1.0
progressive/rome_benchmark/grafo3157.55,73,10,closeness,1.0,1.0,0.2033730158730159,0.2033730158730159,0.2033730158730159,1.0,55,73,1.0
progressive/rome_benchmark/grafo3157.55,73,10,betweeness,1.0,1.0,0.2033730158730159,0.2033730158730159,0.2033730158730159,1.0,55,73,1.0
progressive/rome_benchmark/grafo3157.55,73,10,rmc,1.0,1.0,0.2033730158730159,0.2033730158730159,0.2033730158730159,1.0,55,73,1.0
progressive/rome_benchmark/grafo3157.55,73,10,random,1.0,1.0,0.2033730158730159,0.2033730158730159,0.2033730158730159,1.0,55,73,1.0
progressive/rome_benchmark/grafo3157.55,73,10,spectral,1.0,1.0,0.2033730158730159,0.2033730158730159,0.2033730158730159,1.0,55,73,1.0
progressive/rome_benchmark/grafo2368.14,2,1,degree,1.0,-0.5,5.0,0,0,0.0,14,17,0.21428571428571427
progressive/rome_benchmark/grafo2368.14,2,1,closeness,1.0,-0.5,5.0,0,0,0.0,14,17,0.2857142857142857
progressive/rome_benchmark/grafo2368.14,2,1,betweeness,1.0,-0.5,5.0,0,0,0.0,14,17,0.2857142857142857
progressive/rome_benchmark/grafo2368.14,2,1,rmc,-0.33333333333333337,-0.5,5.0,0,0,0.0,14,17,0.21428571428571427
progressive/rome_benchmark/grafo2368.14,2,1,random,1.0,-0.5,5.0,0,0,0.0,14,17,0.2857142857142857
progressive/rome_benchmark/grafo2368.14,2,1,spectral,1.0,-0.5,5.0,0,0,0.0,14,17,0.21428571428571427
progressive/rome_benchmark/grafo2368.14,4,2,degree,0.9999999999999999,1.0,5.0,4.0,4.0,0.8,14,17,0.35714285714285715
progressive/rome_benchmark/grafo2368.14,4,2,closeness,0.7333333333333333,-0.5,5.0,0,0,0.0,14,17,0.42857142857142855
progressive/rome_benchmark/grafo2368.14,4,2,betweeness,0.7333333333333333,-0.5,5.0,0,0,0.0,14,17,0.42857142857142855
progressive/rome_benchmark/grafo2368.14,4,2,rmc,0.39999999999999997,-0.5,5.0,0,0,0.0,14,17,0.35714285714285715
progressive/rome_benchmark/grafo2368.14,4,2,random,0.9999999999999999,1.0,5.0,4.0,4.0,0.8,14,17,0.35714285714285715
progressive/rome_benchmark/grafo2368.14,4,2,spectral,0.19999999999999998,-0.5,5.0,0,0,0.0,14,17,0.35714285714285715
progressive/rome_benchmark/grafo2368.14,6,3,degree,0.9047619047619049,0.8,5.0,5.0,5.0,1.0,14,17,0.5
progressive/rome_benchmark/grafo2368.14,6,3,closeness,0.6666666666666666,-0.5,5.0,0,0,0.0,14,17,0.6428571428571429
progressive/rome_benchmark/grafo2368.14,6,3,betweeness,0.6666666666666666,-0.5,5.0,0,0,0.0,14,17,0.6428571428571429
progressive/rome_benchmark/grafo2368.14,6,3,rmc,0.42857142857142855,-0.5,5.0,0,0,0.0,14,17,0.5714285714285714
progressive/rome_benchmark/grafo2368.14,6,3,random,0.4666666666666666,0.0,5.0,1.0,1.0,0.0,14,17,0.42857142857142855
progressive/rome_benchmark/grafo2368.14,6,3,spectral,0.6190476190476191,-0.5,5.0,0,0,0.0,14,17,0.5
progressive/rome_benchmark/grafo2368.14,7,4,degree,0.7142857142857142,1.0,5.0,5.0,5.0,1.0,14,17,0.5714285714285714
progressive/rome_benchmark/grafo2368.14,7,4,closeness,0.6666666666666666,1.0,5.0,3.0,3.0,0.6,14,17,0.6428571428571429
progressive/rome_benchmark/grafo2368.14,7,4,betweeness,0.6666666666666666,1.0,5.0,3.0,3.0,0.6,14,17,0.6428571428571429
progressive/rome_benchmark/grafo2368.14,7,4,rmc,0.16666666666666666,-0.5,5.0,0,0,0.0,14,17,0.6428571428571429
progressive/rome_benchmark/grafo2368.14,7,4,random,0.1111111111111111,0.0,5.0,3.0,0.3333333333333333,0.0,14,17,0.6428571428571429
progressive/rome_benchmark/grafo2368.14,7,4,spectral,1.0,1.0,5.0,3.0,3.0,0.6,14,17,0.5
progressive/rome_benchmark/grafo2368.14,9,5,degree,0.8222222222222221,1.0,5.0,5.0,5.0,1.0,14,17,0.7142857142857143
progressive/rome_benchmark/grafo2368.14,9,5,closeness,0.6888888888888888,1.0,5.0,5.0,5.0,1.0,14,17,0.7142857142857143
progressive/rome_benchmark/grafo2368.14,9,5,betweeness,0.6888888888888888,1.0,5.0,5.0,5.0,1.0,14,17,0.7142857142857143
progressive/rome_benchmark/grafo2368.14,9,5,rmc,0.5,0.0,5.0,0.75,0.75,0.0,14,17,0.6428571428571429
progressive/rome_benchmark/grafo2368.14,9,5,random,0.6000000000000001,-0.5,5.0,0,0,0.0,14,17,0.7857142857142857
progressive/rome_benchmark/grafo2368.14,9,5,spectral,0.611111111111111,0.4,5.0,5.0,5.0,1.0,14,17,0.6428571428571429
progressive/rome_benchmark/grafo2368.14,11,6,degree,0.7777777777777777,1.0,5.0,1.625,1.0,1.0,14,17,0.7142857142857143
progressive/rome_benchmark/grafo2368.14,11,6,closeness,0.6969696969696969,1.0,5.0,5.0,5.0,1.0,14,17,0.8571428571428571
progressive/rome_benchmark/grafo2368.14,11,6,betweeness,0.6969696969696969,1.0,5.0,5.0,5.0,1.0,14,17,0.8571428571428571
progressive/rome_benchmark/grafo2368.14,11,6,rmc,0.606060606060606,0.0,5.0,0.75,0.75,0.0,14,17,0.8571428571428571
progressive/rome_benchmark/grafo2368.14,11,6,random,0.39393939393939387,0.0,5.0,1.0,1.0,0.0,14,17,0.8571428571428571
progressive/rome_benchmark/grafo2368.14,11,6,spectral,0.4909090909090909,0.4,5.0,5.0,5.0,1.0,14,17,0.7857142857142857
progressive/rome_benchmark/grafo2368.14,12,7,degree,0.7878787878787877,1.0,5.0,1.625,1.0,1.0,14,17,0.8571428571428571
progressive/rome_benchmark/grafo2368.14,12,7,closeness,0.6969696969696969,0.8,5.0,5.0,5.0,1.0,14,17,0.8571428571428571
progressive/rome_benchmark/grafo2368.14,12,7,betweeness,0.6969696969696969,0.8,5.0,5.0,5.0,1.0,14,17,0.8571428571428571
progressive/rome_benchmark/grafo2368.14,12,7,rmc,0.7272727272727272,1.0,5.0,1.125,1.125,0.6,14,17,0.8571428571428571
progressive/rome_benchmark/grafo2368.14,12,7,random,0.6666666666666665,0.8,5.0,5.0,5.0,1.0,14,17,0.9285714285714286
progressive/rome_benchmark/grafo2368.14,12,7,spectral,0.4848484848484848,0.4,5.0,5.0,5.0,1.0,14,17,0.8571428571428571
progressive/rome_benchmark/grafo2368.14,14,8,degree,0.7272727272727272,0.8,5.0,5.0,5.0,1.0,14,17,0.8571428571428571
progressive/rome_benchmark/grafo2368.14,14,8,closeness,0.769230769230769,0.8,5.0,5.0,5.0,1.0,14,17,0.9285714285714286
progressive/rome_benchmark/grafo2368.14,14,8,betweeness,0.769230769230769,0.8,5.0,5.0,5.0,1.0,14,17,0.9285714285714286
progressive/rome_benchmark/grafo2368.14,14,8,rmc,0.8484848484848484,1.0,5.0,1.625,1.625,1.0,14,17,0.8571428571428571
progressive/rome_benchmark/grafo2368.14,14,8,random,0.6410256410256409,1.0,5.0,5.0,5.0,1.0,14,17,0.9285714285714286
progressive/rome_benchmark/grafo2368.14,14,8,spectral,0.7272727272727272,0.8,5.0,5.0,5.0,1.0,14,17,0.8571428571428571
progressive/rome_benchmark/grafo2368.14,16,9,degree,0.846153846153846,1.0,5.0,5.0,5.0,1.0,14,17,0.9285714285714286
progressive/rome_benchmark/grafo2368.14,16,9,closeness,0.8461538461538461,0.8,5.0,5.0,5.0,1.0,14,17,1.0
progressive/rome_benchmark/grafo2368.14,16,9,betweeness,0.8461538461538461,0.8,5.0,5.0,5.0,1.0,14,17,1.0
progressive/rome_benchmark/grafo2368.14,16,9,rmc,0.8461538461538461,1.0,5.0,5.0,5.0,1.0,14,17,1.0
progressive/rome_benchmark/grafo2368.14,16,9,random,0.846153846153846,1.0,5.0,5.0,5.0,1.0,14,17,0.9285714285714286
progressive/rome_benchmark/grafo2368.14,16,9,spectral,0.846153846153846,1.0,5.0,5.0,5.0,1.0,14,17,0.9285714285714286
progressive/rome_benchmark/grafo2368.14,17,10,degree,1.0,1.0,5.0,5.0,5.0,1.0,14,17,1.0
progressive/rome_benchmark/grafo2368.14,17,10,closeness,1.0,1.0,5.0,5.0,5.0,1.0,14,17,1.0
progressive/rome_benchmark/grafo2368.14,17,10,betweeness,1.0,1.0,5.0,5.0,5.0,1.0,14,17,1.0
progressive/rome_benchmark/grafo2368.14,17,10,rmc,1.0,1.0,5.0,5.0,5.0,1.0,14,17,1.0
progressive/rome_benchmark/grafo2368.14,17,10,random,1.0,1.0,5.0,5.0,5.0,1.0,14,17,1.0
progressive/rome_benchmark/grafo2368.14,17,10,spectral,1.0,1.0,5.0,5.0,5.0,1.0,14,17,1.0
progressive/rome_benchmark/grafo10941.37,5,1,degree,0.9999999999999999,1.0,0.2222222222222222,5.0,1.25,0.26666666666666666,37,49,0.16216216216216217
progressive/rome_benchmark/grafo10941.37,5,1,closeness,0.21428571428571427,-0.5,0.2222222222222222,0,0,0.0,37,49,0.21621621621621623
progressive/rome_benchmark/grafo10941.37,5,1,betweeness,0.6,0.0,0.2222222222222222,3.0,0.75,0.06666666666666667,37,49,0.16216216216216217
progressive/rome_benchmark/grafo10941.37,5,1,rmc,0.7333333333333333,0.3333333333333334,0.2222222222222222,3.0,0.75,0.25,37,49,0.16216216216216217
progressive/rome_benchmark/grafo10941.37,5,1,random,0.42857142857142855,-0.5,0.2222222222222222,0,0,0.0,37,49,0.21621621621621623
progressive/rome_benchmark/grafo10941.37,5,1,spectral,0.7333333333333333,0.3333333333333334,0.2222222222222222,3.0,0.75,0.25,37,49,0.16216216216216217
progressive/rome_benchmark/grafo10941.37,10,2,degree,0.8787878787878787,1.0,0.2222222222222222,4.0,0.6666666666666666,0.3333333333333333,37,49,0.32432432432432434
progressive/rome_benchmark/grafo10941.37,10,2,closeness,0.4242424242424242,0.0,0.2222222222222222,3.0,0.75,0.06666666666666667,37,49,0.32432432432432434
progressive/rome_benchmark/grafo10941.37,10,2,betweeness,0.8545454545454545,0.0,0.2222222222222222,3.0,0.75,0.06666666666666667,37,49,0.2972972972972973
progressive/rome_benchmark/grafo10941.37,10,2,rmc,0.5555555555555555,0.33333333333333337,0.2222222222222222,4.0,0.6666666666666666,0.26666666666666666,37,49,0.2702702702702703
progressive/rome_benchmark/grafo10941.37,10,2,random,0.6000000000000001,-0.33333333333333326,0.2222222222222222,5.0,0.5555555555555556,0.24761904761904763,37,49,0.2972972972972973
progressive/rome_benchmark/grafo10941.37,10,2,spectral,0.5555555555555555,0.33333333333333337,0.2222222222222222,4.0,0.6666666666666666,0.26666666666666666,37,49,0.2702702702702703
progressive/rome_benchmark/grafo10941.37,15,3,degree,0.8382352941176471,0.9672131147540983,0.2222222222222222,3.6666666666666665,0.4583333333333333,0.5,37,49,0.4594594594594595
progressive/rome_benchmark/grafo10941.37,15,3,closeness,0.6323529411764706,0.0,0.2222222222222222,3.0,0.75,0.06666666666666667,37,49,0.4594594594594595
progressive/rome_benchmark/grafo10941.37,15,3,betweeness,0.6323529411764706,0.0,0.2222222222222222,3.0,0.75,0.06666666666666667,37,49,0.4594594594594595
progressive/rome_benchmark/grafo10941.37,15,3,rmc,0.6483516483516484,1.0,0.2222222222222222,4.0,0.34444444444444444,0.26666666666666666,37,49,0.3783783783783784
progressive/rome_benchmark/grafo10941.37,15,3,random,0.7124183006535948,0.0,0.2222222222222222,3.0,0.75,0.06666666666666667,37,49,0.4864864864864865
progressive/rome_benchmark/grafo10941.37,15,3,spectral,0.6923076923076924,0.33333333333333337,0.2222222222222222,4.5,0.75,0.26666666666666666,37,49,0.3783783783783784
progressive/rome_benchmark/grafo10941.37,20,4,degree,0.8631578947368421,0.8518518518518519,0.2222222222222222,4.333333333333333,0.5416666666666666,0.5333333333333333,37,49,0.5405405405405406
progressive/rome_benchmark/grafo10941.37,20,4,closeness,0.5619047619047619,0.6666666666666667,0.2222222222222222,4.0,0.6666666666666666,0.3333333333333333,37,49,0.5675675675675675
progressive/rome_benchmark/grafo10941.37,20,4,betweeness,0.5619047619047619,0.6666666666666667,0.2222222222222222,4.0,0.6666666666666666,0.3333333333333333,37,49,0.5675675675675675
progressive/rome_benchmark/grafo10941.37,20,4,rmc,0.6470588235294119,1.0,0.2222222222222222,4.0,0.34444444444444444,0.26666666666666666,37,49,0.4864864864864865
progressive/rome_benchmark/grafo10941.37,20,4,random,0.6631578947368422,-0.33333333333333326,0.2222222222222222,3.6666666666666665,0.3111111111111111,0.26666666666666666,37,49,0.5405405405405406
progressive/rome_benchmark/grafo10941.37,20,4,spectral,0.7058823529411764,1.0,0.2222222222222222,1.125,1.125,0.26666666666666666,37,49,0.4594594594594595
progressive/rome_benchmark/grafo10941.37,25,5,degree,0.8405797101449275,0.03703703703703704,0.2222222222222222,4.25,0.425,0.5333333333333333,37,49,0.6486486486486487
progressive/rome_benchmark/grafo10941.37,25,5,closeness,0.5072463768115942,0.33333333333333337,0.2222222222222222,1.75,0.75,0.26666666666666666,37,49,0.6486486486486487
progressive/rome_benchmark/grafo10941.37,25,5,betweeness,0.5072463768115942,0.33333333333333337,0.2222222222222222,1.75,0.75,0.26666666666666666,37,49,0.6486486486486487
progressive/rome_benchmark/grafo10941.37,25,5,rmc,0.7142857142857142,1.0,0.2222222222222222,1.3125,0.46875,0.32222222222222224,37,49,0.5945945945945946
progressive/rome_benchmark/grafo10941.37,25,5,random,0.4275362318840579,0.3478260869565218,0.2222222222222222,3.5,0.5,0.4000000000000001,37,49,0.6486486486486487
progressive/rome_benchmark/grafo10941.37,25,5,spectral,0.6571428571428571,1.0,0.2222222222222222,1.4166666666666667,0.4861111111111111,0.4000000000000001,37,49,0.5675675675675675
progressive/rome_benchmark/grafo10941.37,30,6,degree,0.7733333333333332,0.1292517006802721,0.2222222222222222,3.5,0.525,0.7166666666666667,37,49,0.6756756756756757
progressive/rome_benchmark/grafo10941.37,30,6,closeness,0.6492307692307693,0.33609958506224075,0.2222222222222222,1.25,0.625,0.43333333333333335,37,49,0.7027027027027027
progressive/rome_benchmark/grafo10941.37,30,6,betweeness,0.6492307692307693,0.33609958506224075,0.2222222222222222,1.25,0.625,0.43333333333333335,37,49,0.7027027027027027
progressive/rome_benchmark/grafo10941.37,30,6,rmc,0.7066666666666666,1.0,0.2222222222222222,0.5666666666666667,0.22380952380952382,0.5833333333333334,37,49,0.6756756756756757
progressive/rome_benchmark/grafo10941.37,30,6,random,0.7533333333333332,0.03703703703703704,0.2222222222222222,1.875,0.425,0.5333333333333333,37,49,0.6756756756756757
progressive/rome_benchmark/grafo10941.37,30,6,spectral,0.5815384615384616,1.0,0.2222222222222222,0.5,0.5,0.4000000000000001,37,49,0.7027027027027027
progressive/rome_benchmark/grafo10941.37,35,7,degree,0.7566137566137565,0.031746031746031744,0.2222222222222222,0.6,0.2944444444444444,0.7666666666666666,37,49,0.7567567567567568
progressive/rome_benchmark/grafo10941.37,35,7,closeness,0.535632183908046,1.0,0.2222222222222222,0.625,0.17916666666666667,0.43333333333333335,37,49,0.8108108108108109
progressive/rome_benchmark/grafo10941.37,35,7,betweeness,0.535632183908046,1.0,0.2222222222222222,0.625,0.17916666666666667,0.43333333333333335,37,49,0.8108108108108109
progressive/rome_benchmark/grafo10941.37,35,7,rmc,0.7142857142857142,1.0,0.2222222222222222,0.3222222222222222,0.3222222222222222,0.65,37,49,0.7837837837837838
progressive/rome_benchmark/grafo10941.37,35,7,random,0.6387096774193549,0.4074074074074074,0.2222222222222222,0.75,0.47916666666666663,0.45,37,49,0.8378378378378378
progressive/rome_benchmark/grafo10941.37,35,7,spectral,0.7142857142857143,1.0,0.2222222222222222,0.2916666666666667,0.2916666666666667,0.8666666666666667,37,49,0.7567567567567568
progressive/rome_benchmark/grafo10941.37,40,8,degree,0.7701612903225807,0.11594202898550725,0.2222222222222222,1.0,0.21527777777777776,0.7166666666666667,37,49,0.8648648648648649
progressive/rome_benchmark/grafo10941.37,40,8,closeness,0.7720430107526882,1.0,0.2222222222222222,0.4,0.2380952380952381,0.8333333333333334,37,49,0.8378378378378378
progressive/rome_benchmark/grafo10941.37,40,8,betweeness,0.7720430107526882,1.0,0.2222222222222222,0.4,0.2380952380952381,0.8333333333333334,37,49,0.8378378378378378
progressive/rome_benchmark/grafo10941.37,40,8,rmc,0.8528735632183909,1.0,0.2222222222222222,0.4,0.4,0.7833333333333333,37,49,0.8108108108108109
progressive/rome_benchmark/grafo10941.37,40,8,random,0.6862745098039217,0.7037037037037037,0.2222222222222222,0.8333333333333334,0.2685185185185185,0.45,37,49,0.918918918918919
progressive/rome_benchmark/grafo10941.37,40,8,spectral,0.8528735632183909,1.0,0.2222222222222222,0.4,0.4,0.7833333333333333,37,49,0.8108108108108109
progressive/rome_benchmark/grafo10941.37,45,9,degree,0.8487394957983193,1.0,0.2222222222222222,0.24285714285714285,0.14444444444444446,1.0,37,49,0.9459459459459459
progressive/rome_benchmark/grafo10941.37,45,9,closeness,0.8487394957983193,1.0,0.2222222222222222,0.24285714285714285,0.14444444444444446,1.0,37,49,0.9459459459459459
progressive/rome_benchmark/grafo10941.37,45,9,betweeness,0.8487394957983193,1.0,0.2222222222222222,0.24285714285714285,0.14444444444444446,1.0,37,49,0.9459459459459459
progressive/rome_benchmark/grafo10941.37,45,9,rmc,0.8621848739495798,1.0,0.2222222222222222,0.5,0.5,0.7833333333333333,37,49,0.9459459459459459
progressive/rome_benchmark/grafo10941.37,45,9,random,0.923809523809524,1.0,0.2222222222222222,0.7037037037037037,0.40277777777777773,0.638888888888889,37,49,0.972972972972973
progressive/rome_benchmark/grafo10941.37,45,9,spectral,0.8621848739495798,1.0,0.2222222222222222,0.5,0.5,0.7833333333333333,37,49,0.9459459459459459
progressive/rome_benchmark/grafo10941.37,49,10,degree,1.0,1.0,0.2222222222222222,0.2222222222222222,0.2222222222222222,1.0,37,49,1.0
progressive/rome_benchmark/grafo10941.37,49,10,closeness,1.0,1.0,0.2222222222222222,0.2222222222222222,0.2222222222222222,1.0,37,49,1.0
progressive/rome_benchmark/grafo10941.37,49,10,betweeness,1.0,1.0,0.2222222222222222,0.2222222222222222,0.2222222222222222,1.0,37,49,1.0
progressive/rome_benchmark/grafo10941.37,49,10,rmc,1.0,1.0,0.2222222222222222,0.2222222222222222,0.2222222222222222,1.0,37,49,1.0
progressive/rome_benchmark/grafo10941.37,49,10,random,1.0,1.0,0.2222222222222222,0.2222222222222222,0.2222222222222222,1.0,37,49,1.0
progressive/rome_benchmark/grafo10941.37,49,10,spectral,1.0,1.0,0.2222222222222222,0.2222222222222222,0.2222222222222222,1.0,37,49,1.0
progressive/rome_benchmark/grafo2038.29,4,1,degree,0.39999999999999997,-0.5,0.1875,0,0,0.0,29,39,0.1724137931034483
progressive/rome_benchmark/grafo2038.29,4,1,closeness,0.6,-0.5,0.1875,0,0,0.0,29,39,0.20689655172413793
progressive/rome_benchmark/grafo2038.29,4,1,betweeness,0.7333333333333333,-0.5,0.1875,0,0,0.0,29,39,0.20689655172413793
progressive/rome_benchmark/grafo2038.29,4,1,rmc,0.6,-0.5,0.1875,0,0,0.0,29,39,0.20689655172413793
progressive/rome_benchmark/grafo2038.29,4,1,random,0.39999999999999997,-1.0,0.1875,4.0,0.25,0.1,29,39,0.1724137931034483
progressive/rome_benchmark/grafo2038.29,4,1,spectral,0.6,1.0,0.1875,1.0,1.0,0.25,29,39,0.1724137931034483
progressive/rome_benchmark/grafo2038.29,8,2,degree,0.5555555555555556,0.33333333333333337,0.1875,5.0,0.3125,0.15,29,39,0.3103448275862069
progressive/rome_benchmark/grafo2038.29,8,2,closeness,0.5454545454545454,-0.5,0.1875,0,0,0.0,29,39,0.41379310344827586
progressive/rome_benchmark/grafo2038.29,8,2,betweeness,0.303030303030303,-0.5,0.1875,0,0,0.0,29,39,0.41379310344827586
progressive/rome_benchmark/grafo2038.29,8,2,rmc,0.28888888888888886,1.0,0.1875,1.0,1.0,0.25,29,39,0.3448275862068966
progressive/rome_benchmark/grafo2038.29,8,2,random,0.41818181818181815,-0.5,0.1875,0,0,0.0,29,39,0.3793103448275862
progressive/rome_benchmark/grafo2038.29,8,2,spectral,0.5,1.0,0.1875,1.0,0.4375,0.5,29,39,0.3103448275862069
progressive/rome_benchmark/grafo2038.29,12,3,degree,0.5151515151515151,-0.33333333333333326,0.1875,5.0,5.0,0.15,29,39,0.41379310344827586
progressive/rome_benchmark/grafo2038.29,12,3,closeness,0.5428571428571429,0.0,0.1875,0.75,0.3333333333333333,0.0,29,39,0.5172413793103449
progressive/rome_benchmark/grafo2038.29,12,3,betweeness,0.48571428571428577,0.0,0.1875,3.0,0.3333333333333333,0.0,29,39,0.5172413793103449
progressive/rome_benchmark/grafo2038.29,12,3,rmc,0.5897435897435896,1.0,0.1875,2.0,0.3333333333333333,0.25,29,39,0.4482758620689655
progressive/rome_benchmark/grafo2038.29,12,3,random,0.2967032967032967,0.0,0.1875,4.0,0.4444444444444444,0.0,29,39,0.4827586206896552
progressive/rome_benchmark/grafo2038.29,12,3,spectral,0.8181818181818182,1.0,0.1875,0.4375,0.4375,0.5,29,39,0.3793103448275862
progressive/rome_benchmark/grafo2038.29,16,4,degree,0.45054945054945056,0.33333333333333337,0.1875,1.0,1.0,0.15,29,39,0.4827586206896552
progressive/rome_benchmark/grafo2038.29,16,4,closeness,0.39999999999999997,0.0,0.1875,0.5,0.14583333333333334,0.05,29,39,0.5517241379310345
progressive/rome_benchmark/grafo2038.29,16,4,betweeness,0.39999999999999997,0.0,0.1875,0.5,0.14583333333333334,0.05,29,39,0.5517241379310345
progressive/rome_benchmark/grafo2038.29,16,4,rmc,0.6380952380952382,1.0,0.1875,1.0,1.0,0.25,29,39,0.5172413793103449
progressive/rome_benchmark/grafo2038.29,16,4,random,0.5894736842105264,-0.33333333333333326,0.1875,5.0,0.3125,0.15,29,39,0.6896551724137931
progressive/rome_benchmark/grafo2038.29,16,4,spectral,0.580952380952381,1.0,0.1875,0.2611111111111111,0.2611111111111111,0.5,29,39,0.5172413793103449
progressive/rome_benchmark/grafo2038.29,20,5,degree,0.5166666666666667,0.33333333333333337,0.1875,0.625,0.4666666666666667,0.2,29,39,0.5517241379310345
progressive/rome_benchmark/grafo2038.29,20,5,closeness,0.4269005847953216,0.0,0.1875,0.5,0.14583333333333334,0.05,29,39,0.6551724137931034
progressive/rome_benchmark/grafo2038.29,20,5,betweeness,0.4269005847953216,0.0,0.1875,0.5,0.14583333333333334,0.05,29,39,0.6551724137931034
progressive/rome_benchmark/grafo2038.29,20,5,rmc,0.8088235294117646,1.0,0.1875,0.3333333333333333,0.3333333333333333,0.25,29,39,0.5862068965517241
progressive/rome_benchmark/grafo2038.29,20,5,random,0.47368421052631576,0.33333333333333337,0.1875,0.8888888888888888,0.3142857142857142,0.2,29,39,0.6551724137931034
progressive/rome_benchmark/grafo2038.29,20,5,spectral,0.5321637426900584,0.2814035087719299,0.1875,0.5625,0.1046875,0.6875,29,39,0.6551724137931034
progressive/rome_benchmark/grafo2038.29,24,6,degree,0.6257309941520467,0.3333333333333334,0.1875,0.3194444444444444,0.16666666666666666,0.2375,29,39,0.6551724137931034
progressive/rome_benchmark/grafo2038.29,24,6,closeness,0.5578947368421052,0.0,0.1875,0.5833333333333334,0.17361111111111108,0.05,29,39,0.6896551724137931
progressive/rome_benchmark/grafo2038.29,24,6,betweeness,0.5578947368421052,0.0,0.1875,0.5833333333333334,0.17361111111111108,0.05,29,39,0.6896551724137931
progressive/rome_benchmark/grafo2038.29,24,6,rmc,0.7428571428571429,1.0,0.1875,0.359375,0.15625,0.5,29,39,0.7241379310344828
progressive/rome_benchmark/grafo2038.29,24,6,random,0.5731225296442688,1.0,0.1875,0.8055555555555555,0.15079365079365079,0.175,29,39,0.7931034482758621
progressive/rome_benchmark/grafo2038.29,24,6,spectral,0.6947368421052632,0.6407017543859649,0.1875,1.09375,0.13392857142857142,0.6875,29,39,0.6896551724137931
progressive/rome_benchmark/grafo2038.29,28,7,degree,0.6857142857142857,1.0,0.1875,0.5555555555555555,0.5555555555555555,0.4375,29,39,0.7241379310344828
progressive/rome_benchmark/grafo2038.29,28,7,closeness,0.6956521739130435,0.0,0.1875,0.3125,0.14583333333333334,0.05,29,39,0.8275862068965517
progressive/rome_benchmark/grafo2038.29,28,7,betweeness,0.6956521739130435,0.0,0.1875,0.3125,0.14583333333333334,0.05,29,39,0.8275862068965517
progressive/rome_benchmark/grafo2038.29,28,7,rmc,0.717391304347826,1.0,0.1875,0.48333333333333334,0.15666666666666668,0.25,29,39,0.8275862068965517
progressive/rome_benchmark/grafo2038.29,28,7,random,0.7628458498023716,0.33333333333333337,0.1875,0.1875,0.125,0.3,29,39,0.7931034482758621
progressive/rome_benchmark/grafo2038.29,28,7,spectral,0.774891774891775,0.6407017543859649,0.1875,0.6041666666666666,0.421875,0.6875,29,39,0.7586206896551724
progressive/rome_benchmark/grafo2038.29,32,8,degree,0.8181818181818182,1.0,0.1875,0.18518518518518515,0.18518518518518515,0.4375,29,39,0.7931034482758621
progressive/rome_benchmark/grafo2038.29,32,8,closeness,0.8153846153846154,0.0,0.1875,0.75,0.75,0.05,29,39,0.896551724137931
progressive/rome_benchmark/grafo2038.29,32,8,betweeness,0.8153846153846154,0.0,0.1875,0.75,0.75,0.05,29,39,0.896551724137931
progressive/rome_benchmark/grafo2038.29,32,8,rmc,0.8199999999999998,0.39693757361601884,0.1875,1.2916666666666667,0.4791666666666667,0.4375,29,39,0.8620689655172413
progressive/rome_benchmark/grafo2038.29,32,8,random,0.7661538461538462,-0.20612485276796225,0.1875,1.8333333333333333,1.8333333333333333,0.4375,29,39,0.896551724137931
progressive/rome_benchmark/grafo2038.29,32,8,spectral,0.7866666666666665,0.6407017543859649,0.1875,0.9583333333333334,0.9583333333333334,0.6875,29,39,0.8620689655172413
progressive/rome_benchmark/grafo2038.29,36,9,degree,0.8953846153846154,1.0,0.1875,0.18333333333333332,0.18333333333333332,0.75,29,39,0.896551724137931
progressive/rome_benchmark/grafo2038.29,36,9,closeness,0.8783068783068783,0.33333333333333337,0.1875,0.2708333333333333,0.2,0.3,29,39,0.9655172413793104
progressive/rome_benchmark/grafo2038.29,36,9,betweeness,0.8783068783068783,0.33333333333333337,0.1875,0.2708333333333333,0.2,0.3,29,39,0.9655172413793104
progressive/rome_benchmark/grafo2038.29,36,9,rmc,0.8860398860398863,0.9408229311141934,0.1875,0.22916666666666666,0.16666666666666669,0.75,29,39,0.9310344827586207
progressive/rome_benchmark/grafo2038.29,36,9,random,0.8974358974358976,1.0,0.1875,0.25,0.25,0.5,29,39,0.9310344827586207
progressive/rome_benchmark/grafo2038.29,36,9,spectral,0.8803418803418804,0.9408229311141934,0.1875,0.265625,0.2,0.8,29,39,0.9310344827586207
progressive/rome_benchmark/grafo2038.29,39,10,degree,0.9999999999999998,1.0,0.1875,0.1875,0.1875,1.0,29,39,1.0
progressive/rome_benchmark/grafo2038.29,39,10,closeness,0.9999999999999998,1.0,0.1875,0.1875,0.1875,1.0,29,39,1.0
progressive/rome_benchmark/grafo2038.29,39,10,betweeness,0.9999999999999998,1.0,0.1875,0.1875,0.1875,1.0,29,39,1.0
progressive/rome_benchmark/grafo2038.29,39,10,rmc,0.9999999999999998,1.0,0.1875,0.1875,0.1875,1.0,29,39,1.0
progressive/rome_benchmark/grafo2038.29,39,10,random,0.9999999999999998,1.0,0.1875,0.1875,0.1875,1.0,29,39,1.0
progressive/rome_benchmark/grafo2038.29,39,10,spectral,0.9999999999999998,1.0,0.1875,0.1875,0.1875,1.0,29,39,1.0
progressive/rome_benchmark/grafo10973.94,13,1,degree,0.580952380952381,0.0,0.25,3.5,0.375,0.0,94,125,0.1595744680851064
progressive/rome_benchmark/grafo10973.94,13,1,closeness,0.4619883040935673,0.0,0.25,3.0,0.75,0.0,94,125,0.20212765957446807
progressive/rome_benchmark/grafo10973.94,13,1,betweeness,0.6923076923076924,0.0,0.25,3.6666666666666665,0.33333333333333337,0.0,94,125,0.14893617021276595
progressive/rome_benchmark/grafo10973.94,13,1,rmc,0.5588235294117646,0.0,0.25,3.0,0.75,0.0,94,125,0.18085106382978725
progressive/rome_benchmark/grafo10973.94,13,1,random,0.6952380952380953,0.0,0.25,4.0,1.0,0.0,94,125,0.1595744680851064
progressive/rome_benchmark/grafo10973.94,13,1,spectral,0.3666666666666667,0.0,0.25,3.0,0.3333333333333333,0.0,94,125,0.1702127659574468
progressive/rome_benchmark/grafo10973.94,25,2,degree,0.6594202898550725,0.0,0.25,3.5,0.2333333333333333,0.0,94,125,0.2553191489361702
progressive/rome_benchmark/grafo10973.94,25,2,closeness,0.40463458110516937,0.0,0.25,3.0,0.3333333333333333,0.0,94,125,0.3617021276595745
progressive/rome_benchmark/grafo10973.94,25,2,betweeness,0.5669515669515671,0.0,0.25,4.5,0.75,0.0,94,125,0.2872340425531915
progressive/rome_benchmark/grafo10973.94,25,2,rmc,0.5132275132275131,0.0,0.25,0.5,0.5,0.0,94,125,0.2978723404255319
progressive/rome_benchmark/grafo10973.94,25,2,random,0.623931623931624,0.0,0.25,5.0,1.25,0.0,94,125,0.2872340425531915
progressive/rome_benchmark/grafo10973.94,25,2,spectral,0.5333333333333332,0.0,0.25,1.8333333333333333,1.8333333333333333,0.0,94,125,0.26595744680851063
progressive/rome_benchmark/grafo10973.94,38,3,degree,0.6730158730158731,0.0,0.25,3.6666666666666665,0.3777777777777777,0.0,94,125,0.3829787234042553
progressive/rome_benchmark/grafo10973.94,38,3,closeness,0.4796747967479675,0.0,0.25,0.5,0.14583333333333334,0.0,94,125,0.44680851063829785
progressive/rome_benchmark/grafo10973.94,38,3,betweeness,0.630229419703104,0.0,0.25,0.46875,0.11342592592592592,0.0,94,125,0.4148936170212766
progressive/rome_benchmark/grafo10973.94,38,3,rmc,0.5692307692307693,0.0,0.25,0.4,0.25,0.0,94,125,0.425531914893617
progressive/rome_benchmark/grafo10973.94,38,3,random,0.5858250276854928,0.0,0.25,0.4583333333333333,0.15476190476190474,0.0,94,125,0.4574468085106383
progressive/rome_benchmark/grafo10973.94,38,3,spectral,0.6235294117647059,-0.33333333333333326,0.25,0.5666666666666667,0.3,0.5,94,125,0.3723404255319149
progressive/rome_benchmark/grafo10973.94,50,4,degree,0.6545454545454545,0.0,0.25,1.125,0.2,0.0,94,125,0.4787234042553192
progressive/rome_benchmark/grafo10973.94,50,4,closeness,0.5460030165912519,0.0,0.25,0.5,0.14583333333333334,0.0,94,125,0.5531914893617021
progressive/rome_benchmark/grafo10973.94,50,4,betweeness,0.597517730496454,0.0,0.25,0.375,0.1468253968253968,0.0,94,125,0.5106382978723404
progressive/rome_benchmark/grafo10973.94,50,4,rmc,0.6037414965986394,0.0,0.25,0.375,0.25,0.0,94,125,0.5212765957446809
progressive/rome_benchmark/grafo10973.94,50,4,random,0.5701960784313727,0.0,0.25,0.5416666666666666,0.33333333333333337,0.0,94,125,0.5425531914893617
progressive/rome_benchmark/grafo10973.94,50,4,spectral,0.6727272727272727,-0.33333333333333326,0.25,0.33999999999999997,0.26666666666666666,0.5,94,125,0.4787234042553192
progressive/rome_benchmark/grafo10973.94,63,5,degree,0.6121212121212122,1.0,0.25,0.55,0.125,0.25,94,125,0.5851063829787234
progressive/rome_benchmark/grafo10973.94,63,5,closeness,0.5928080380750926,0.0,0.25,0.3333333333333333,0.13095238095238096,0.0,94,125,0.6595744680851063
progressive/rome_benchmark/grafo10973.94,63,5,betweeness,0.6773816481589713,1.0,0.25,0.33999999999999997,0.08636363636363636,0.5,94,125,0.6276595744680851
progressive/rome_benchmark/grafo10973.94,63,5,rmc,0.6779448621553886,0.0,0.25,0.3125,0.3125,0.0,94,125,0.6063829787234043
progressive/rome_benchmark/grafo10973.94,63,5,random,0.725974025974026,0.0,0.25,0.6666666666666666,0.225,0.0,94,125,0.5957446808510638
progressive/rome_benchmark/grafo10973.94,63,5,spectral,0.7880986937590712,-0.33333333333333326,0.25,0.2638888888888889,0.21428571428571427,0.5,94,125,0.5638297872340425
progressive/rome_benchmark/grafo10973.94,75,6,degree,0.6827075621364359,0.0,0.25,0.22916666666666666,0.140625,0.0,94,125,0.6595744680851063
progressive/rome_benchmark/grafo10973.94,75,6,closeness,0.6538789428815004,-0.33333333333333326,0.25,0.5,0.2,0.5,94,125,0.7340425531914894
progressive/rome_benchmark/grafo10973.94,75,6,betweeness,0.6538789428815004,-0.33333333333333326,0.25,0.5,0.2,0.5,94,125,0.7340425531914894
progressive/rome_benchmark/grafo10973.94,75,6,rmc,0.675260063319765,0.0,0.25,0.75,0.75,0.0,94,125,0.7127659574468085
progressive/rome_benchmark/grafo10973.94,75,6,random,0.6557692307692309,0.0,0.25,0.26666666666666666,0.20833333333333334,0.0,94,125,0.6914893617021277
progressive/rome_benchmark/grafo10973.94,75,6,spectral,0.7797619047619048,-0.33333333333333326,0.25,0.33333333333333337,0.21428571428571427,0.5,94,125,0.6808510638297872
progressive/rome_benchmark/grafo10973.94,88,7,degree,0.7459505541346974,0.0,0.25,0.15833333333333333,0.09696969696969697,0.0,94,125,0.7340425531914894
progressive/rome_benchmark/grafo10973.94,88,7,closeness,0.7016216216216217,0.0,0.25,0.26666666666666666,0.19444444444444445,0.0,94,125,0.7978723404255319
progressive/rome_benchmark/grafo10973.94,88,7,betweeness,0.7016216216216217,0.0,0.25,0.26666666666666666,0.19444444444444445,0.0,94,125,0.7978723404255319
progressive/rome_benchmark/grafo10973.94,88,7,rmc,0.7556756756756757,0.0,0.25,0.3125,0.3125,0.0,94,125,0.7978723404255319
progressive/rome_benchmark/grafo10973.94,88,7,random,0.7520720720720722,-0.5,0.25,0,0,0.0,94,125,0.7978723404255319
progressive/rome_benchmark/grafo10973.94,88,7,spectral,0.7869101978691021,1.0,0.25,0.18571428571428572,0.12777777777777777,1.0,94,125,0.776595744680851
progressive/rome_benchmark/grafo10973.94,100,8,degree,0.8133333333333335,1.0,0.25,0.17261904761904762,0.11342592592592592,0.5,94,125,0.8085106382978723
progressive/rome_benchmark/grafo10973.94,100,8,closeness,0.8035298035298035,1.0,0.25,0.14285714285714285,0.11458333333333333,0.5,94,125,0.8297872340425532
progressive/rome_benchmark/grafo10973.94,100,8,betweeness,0.8035298035298035,1.0,0.25,0.14285714285714285,0.11458333333333333,0.5,94,125,0.8297872340425532
progressive/rome_benchmark/grafo10973.94,100,8,rmc,0.8386075949367089,0.0,0.25,0.75,0.75,0.0,94,125,0.851063829787234
progressive/rome_benchmark/grafo10973.94,100,8,random,0.7987654320987654,0.0,0.25,0.16071428571428573,0.10416666666666667,0.0,94,125,0.8617021276595744
progressive/rome_benchmark/grafo10973.94,100,8,spectral,0.8364197530864197,1.0,0.25,0.19999999999999998,0.13333333333333333,1.0,94,125,0.8617021276595744
progressive/rome_benchmark/grafo10973.94,113,9,degree,0.9176470588235294,1.0,0.25,0.3333333333333333,0.3333333333333333,0.5,94,125,0.9042553191489362
progressive/rome_benchmark/grafo10973.94,113,9,closeness,0.9165266106442577,1.0,0.25,0.14285714285714285,0.14285714285714285,0.5,94,125,0.9042553191489362
progressive/rome_benchmark/grafo10973.94,113,9,betweeness,0.9165266106442577,1.0,0.25,0.14285714285714285,0.14285714285714285,0.5,94,125,0.9042553191489362
progressive/rome_benchmark/grafo10973.94,113,9,rmc,0.887669801462905,0.0,0.25,0.3125,0.3125,0.0,94,125,0.9361702127659575
progressive/rome_benchmark/grafo10973.94,113,9,random,0.9127481713688611,1.0,0.25,0.16071428571428573,0.1328125,1.0,94,125,0.9361702127659575
progressive/rome_benchmark/grafo10973.94,113,9,spectral,0.8845228548516438,1.0,0.25,0.18571428571428572,0.08636363636363636,1.0,94,125,0.925531914893617
progressive/rome_benchmark/grafo10973.94,125,10,degree,1.0,1.0,0.25,0.25,0.25,1.0,94,125,1.0
progressive/rome_benchmark/grafo10973.94,125,10,closeness,1.0,1.0,0.25,0.25,0.25,1.0,94,125,1.0
progressive/rome_benchmark/grafo10973.94,125,10,betweeness,1.0,1.0,0.25,0.25,0.25,1.0,94,125,1.0
progressive/rome_benchmark/grafo10973.94,125,10,rmc,1.0,1.0,0.25,0.25,0.25,1.0,94,125,1.0
progressive/rome_benchmark/grafo10973.94,125,10,random,1.0,1.0,0.25,0.25,0.25,1.0,94,125,1.0
progressive/rome_benchmark/grafo10973.94,125,10,spectral,1.0,1.0,0.25,0.25,0.25,1.0,94,125,1.0
progressive/rome_benchmark/grafo5033.66,9,1,degree,0.4666666666666666,0.20000000000000007,0.2032312925170068,6.0,6.0,0.125,66,88,0.15151515151515152
progressive/rome_benchmark/grafo5033.66,9,1,closeness,0.4242424242424242,0.0,0.2032312925170068,3.0,0.75,0.0,66,88,0.18181818181818182
progressive/rome_benchmark/grafo5033.66,9,1,betweeness,0.5111111111111111,0.0,0.2032312925170068,3.0,0.75,0.0,66,88,0.15151515151515152
progressive/rome_benchmark/grafo5033.66,9,1,rmc,0.38181818181818183,-0.5,0.2032312925170068,0,0,0.0,66,88,0.16666666666666666
progressive/rome_benchmark/grafo5033.66,9,1,random,-0.06666666666666667,-0.6666666666666669,0.2032312925170068,4.0,0.25,0.125,66,88,0.15151515151515152
progressive/rome_benchmark/grafo5033.66,9,1,spectral,0.37777777777777777,-0.5,0.2032312925170068,0,0,0.0,66,88,0.15151515151515152
progressive/rome_benchmark/grafo5033.66,18,2,degree,0.4210526315789474,0.7573033707865169,0.2032312925170068,5.5,2.125,0.1875,66,88,0.30303030303030304
progressive/rome_benchmark/grafo5033.66,18,2,closeness,0.42028985507246375,0.0,0.2032312925170068,4.0,1.0,0.0,66,88,0.36363636363636365
progressive/rome_benchmark/grafo5033.66,18,2,betweeness,0.5555555555555556,1.0,0.2032312925170068,1.625,0.6666666666666666,0.0625,66,88,0.2727272727272727
progressive/rome_benchmark/grafo5033.66,18,2,rmc,0.39999999999999997,0.0,0.2032312925170068,5.0,0.3125,0.0,66,88,0.30303030303030304
progressive/rome_benchmark/grafo5033.66,18,2,random,0.4421052631578947,0.7317523056653491,0.2032312925170068,1.6875,0.6428571428571429,0.2,66,88,0.30303030303030304
progressive/rome_benchmark/grafo5033.66,18,2,spectral,0.4502923976608187,0.0,0.2032312925170068,3.0,0.75,0.0,66,88,0.2878787878787879
progressive/rome_benchmark/grafo5033.66,27,3,degree,0.35978835978835977,0.7397590361445783,0.2032312925170068,2.125,2.125,0.1875,66,88,0.42424242424242425
progressive/rome_benchmark/grafo5033.66,27,3,closeness,0.3064516129032258,0.0,0.2032312925170068,0.75,0.75,0.0,66,88,0.48484848484848486
progressive/rome_benchmark/grafo5033.66,27,3,betweeness,0.4599999999999999,1.0,0.2032312925170068,0.8333333333333334,0.8333333333333334,0.0625,66,88,0.3787878787878788
progressive/rome_benchmark/grafo5033.66,27,3,rmc,0.5238095238095238,0.0,0.2032312925170068,5.0,0.3125,0.0,66,88,0.42424242424242425
progressive/rome_benchmark/grafo5033.66,27,3,random,0.40689655172413797,0.0,0.2032312925170068,1.375,1.375,0.0,66,88,0.45454545454545453
progressive/rome_benchmark/grafo5033.66,27,3,spectral,0.4707692307692308,0.0,0.2032312925170068,0.75,0.75,0.0,66,88,0.3939393939393939
progressive/rome_benchmark/grafo5033.66,36,4,degree,0.5682539682539683,0.7397590361445783,0.2032312925170068,1.9166666666666667,1.1111111111111112,0.1875,66,88,0.5454545454545454
progressive/rome_benchmark/grafo5033.66,36,4,closeness,0.46167557932263825,1.0,0.2032312925170068,0.5833333333333334,0.5833333333333334,0.078125,66,88,0.5151515151515151
progressive/rome_benchmark/grafo5033.66,36,4,betweeness,0.48817204301075273,1.0,0.2032312925170068,0.5833333333333334,0.20833333333333334,0.09375,66,88,0.4696969696969697
progressive/rome_benchmark/grafo5033.66,36,4,rmc,0.5697478991596638,0.0,0.2032312925170068,2.0,0.25,0.0,66,88,0.5303030303030303
progressive/rome_benchmark/grafo5033.66,36,4,random,0.49512195121951214,0.3333333333333334,0.2032312925170068,1.25,0.35,0.09375,66,88,0.6212121212121212
progressive/rome_benchmark/grafo5033.66,36,4,spectral,0.5568181818181819,1.0,0.2032312925170068,0.9444444444444445,0.5,0.0625,66,88,0.5
progressive/rome_benchmark/grafo5033.66,44,5,degree,0.5546558704453441,0.14551083591331274,0.2032312925170068,1.0666666666666667,0.29375,0.27291666666666664,66,88,0.5909090909090909
progressive/rome_benchmark/grafo5033.66,44,5,closeness,0.5519568151147098,1.0,0.2032312925170068,0.425,0.425,0.0625,66,88,0.5909090909090909
progressive/rome_benchmark/grafo5033.66,44,5,betweeness,0.6222222222222223,0.36470588235294127,0.2032312925170068,0.5833333333333334,0.2341269841269841,0.1875,66,88,0.5454545454545454
progressive/rome_benchmark/grafo5033.66,44,5,rmc,0.6341463414634146,0.0,0.2032312925170068,0.33333333333333337,0.19444444444444445,0.0,66,88,0.6212121212121212
progressive/rome_benchmark/grafo5033.66,44,5,random,0.5581395348837209,1.0,0.2032312925170068,0.3541666666666667,0.18055555555555555,0.125,66,88,0.6666666666666666
progressive/rome_benchmark/grafo5033.66,44,5,spectral,0.6699857752489332,1.0,0.2032312925170068,0.2,0.2,0.09375,66,88,0.5757575757575758
progressive/rome_benchmark/grafo5033.66,53,6,degree,0.667828106852497,0.9858426655606249,0.2032312925170068,0.5777777777777777,0.3650793650793651,0.3333333333333333,66,88,0.6363636363636364
progressive/rome_benchmark/grafo5033.66,53,6,closeness,0.6787878787878787,0.7191011235955057,0.2032312925170068,0.2619047619047619,0.2619047619047619,0.17708333333333331,66,88,0.6818181818181818
progressive/rome_benchmark/grafo5033.66,53,6,betweeness,0.621256038647343,0.7191011235955057,0.2032312925170068,0.38095238095238093,0.14393939393939395,0.17708333333333331,66,88,0.696969696969697
progressive/rome_benchmark/grafo5033.66,53,6,rmc,0.6405797101449275,1.0,0.2032312925170068,0.3125,0.3125,0.09375,66,88,0.696969696969697
progressive/rome_benchmark/grafo5033.66,53,6,random,0.6595744680851064,0.30857874519846357,0.2032312925170068,0.5833333333333334,0.5833333333333334,0.21041666666666664,66,88,0.7272727272727273
progressive/rome_benchmark/grafo5033.66,53,6,spectral,0.8006644518272424,0.3507014028056113,0.2032312925170068,0.29,0.19166666666666665,0.21875,66,88,0.6515151515151515
progressive/rome_benchmark/grafo5033.66,62,7,degree,0.7023809523809523,0.99029353081804,0.2032312925170068,0.3657407407407407,0.23263888888888887,0.4083333333333333,66,88,0.7424242424242424
progressive/rome_benchmark/grafo5033.66,62,7,closeness,0.7273469387755102,0.37132194631835796,0.2032312925170068,0.32142857142857145,0.32142857142857145,0.3145833333333333,66,88,0.7575757575757576
progressive/rome_benchmark/grafo5033.66,62,7,betweeness,0.7160784313725491,0.37132194631835796,0.2032312925170068,0.4305555555555556,0.2673611111111111,0.3145833333333333,66,88,0.7727272727272727
progressive/rome_benchmark/grafo5033.66,62,7,rmc,0.7808417997097243,1.0,0.2032312925170068,0.21875,0.21875,0.21875,66,88,0.803030303030303
progressive/rome_benchmark/grafo5033.66,62,7,random,0.7126530612244898,0.7468354430379748,0.2032312925170068,0.11532738095238095,0.11532738095238095,0.19375,66,88,0.7575757575757576
progressive/rome_benchmark/grafo5033.66,62,7,spectral,0.7725490196078433,0.3507014028056113,0.2032312925170068,0.19166666666666665,0.19166666666666665,0.21875,66,88,0.7727272727272727
progressive/rome_benchmark/grafo5033.66,71,8,degree,0.8185776487663281,0.9844611471126509,0.2032312925170068,0.3373015873015873,0.3373015873015873,0.4791666666666667,66,88,0.803030303030303
progressive/rome_benchmark/grafo5033.66,71,8,closeness,0.8071278825995807,0.9707102214957969,0.2032312925170068,0.3373015873015873,0.3373015873015873,0.4791666666666667,66,88,0.8181818181818182
progressive/rome_benchmark/grafo5033.66,71,8,betweeness,0.8071278825995807,0.9707102214957969,0.2032312925170068,0.3373015873015873,0.3373015873015873,0.4791666666666667,66,88,0.8181818181818182
progressive/rome_benchmark/grafo5033.66,71,8,rmc,0.8784461152882207,1.0,0.2032312925170068,0.24047619047619048,0.15436507936507937,0.4708333333333333,66,88,0.8636363636363636
progressive/rome_benchmark/grafo5033.66,71,8,random,0.8142857142857143,0.840652329526003,0.2032312925170068,0.08482142857142858,0.08482142857142858,0.31875,66,88,0.8484848484848485
progressive/rome_benchmark/grafo5033.66,71,8,spectral,0.8235690235690236,1.0,0.2032312925170068,0.23452380952380952,0.17923280423280424,0.5333333333333333,66,88,0.8333333333333334
progressive/rome_benchmark/grafo5033.66,80,9,degree,0.9029807130333137,1.0,0.2032312925170068,0.17195767195767198,0.17195767195767198,0.75,66,88,0.8939393939393939
progressive/rome_benchmark/grafo5033.66,80,9,closeness,0.8937853107344632,0.974014638581673,0.2032312925170068,0.1595568783068783,0.1595568783068783,0.85,66,88,0.9090909090909091
progressive/rome_benchmark/grafo5033.66,80,9,betweeness,0.8937853107344632,0.974014638581673,0.2032312925170068,0.1595568783068783,0.1595568783068783,0.85,66,88,0.9090909090909091
progressive/rome_benchmark/grafo5033.66,80,9,rmc,0.9311475409836064,1.0,0.2032312925170068,0.1712962962962963,0.15108759553204,0.975,66,88,0.9242424242424242
progressive/rome_benchmark/grafo5033.66,80,9,random,0.8974087784241144,1.0,0.2032312925170068,0.14175485008818345,0.11646825396825397,0.6625,66,88,0.9393939393939394
progressive/rome_benchmark/grafo5033.66,80,9,spectral,0.8994535519125683,1.0,0.2032312925170068,0.26700680272108845,0.15697278911564624,0.5916666666666667,66,88,0.9242424242424242
progressive/rome_benchmark/grafo5033.66,88,10,degree,1.0,1.0,0.2032312925170068,0.2032312925170068,0.2032312925170068,1.0,66,88,1.0
progressive/rome_benchmark/grafo5033.66,88,10,closeness,1.0,1.0,0.2032312925170068,0.2032312925170068,0.2032312925170068,1.0,66,88,1.0
progressive/rome_benchmark/grafo5033.66,88,10,betweeness,1.0,1.0,0.2032312925170068,0.2032312925170068,0.2032312925170068,1.0,66,88,1.0
progressive/rome_benchmark/grafo5033.66,88,10,rmc,1.0,1.0,0.2032312925170068,0.2032312925170068,0.2032312925170068,1.0,66,88,1.0
progressive/rome_benchmark/grafo5033.66,88,10,random,1.0,1.0,0.2032312925170068,0.2032312925170068,0.2032312925170068,1.0,66,88,1.0
progressive/rome_benchmark/grafo5033.66,88,10,spectral,1.0,1.0,0.2032312925170068,0.2032312925170068,0.2032312925170068,1.0,66,88,1.0
progressive/rome_benchmark/grafo11114.93,14,1,degree,0.12380952380952381,-0.33333333333333326,0.05952380952380953,3.3333333333333335,0.02587719298245614,0.15357142857142855,93,137,0.16129032258064516
progressive/rome_benchmark/grafo11114.93,14,1,closeness,0.2285714285714286,-0.5,0.05952380952380953,0,0,0.0,93,137,0.22580645161290322
progressive/rome_benchmark/grafo11114.93,14,1,betweeness,0.12380952380952381,-0.33333333333333326,0.05952380952380953,3.3333333333333335,0.02587719298245614,0.15357142857142855,93,137,0.16129032258064516
progressive/rome_benchmark/grafo11114.93,14,1,rmc,0.3725490196078432,0.0,0.05952380952380953,3.3333333333333335,0.1851851851851852,0.017857142857142856,93,137,0.1935483870967742
progressive/rome_benchmark/grafo11114.93,14,1,random,0.07352941176470587,-1.0,0.05952380952380953,4.0,0.0625,0.075,93,137,0.1827956989247312
progressive/rome_benchmark/grafo11114.93,14,1,spectral,0.6571428571428571,0.0,0.05952380952380953,0.5,0.225,0.0,93,137,0.16129032258064516
progressive/rome_benchmark/grafo11114.93,28,2,degree,0.43478260869565216,0.8801498127340823,0.05952380952380953,1.3333333333333333,0.25,0.2346938775510204,93,137,0.25806451612903225
progressive/rome_benchmark/grafo11114.93,28,2,closeness,0.6935483870967744,-0.33333333333333326,0.05952380952380953,0.7777777777777778,0.055769230769230765,0.15612244897959185,93,137,0.34408602150537637
progressive/rome_benchmark/grafo11114.93,28,2,betweeness,0.5555555555555557,-0.33333333333333326,0.05952380952380953,0.6527777777777778,0.043055555555555555,0.15357142857142855,93,137,0.2903225806451613
progressive/rome_benchmark/grafo11114.93,28,2,rmc,0.6296296296296297,0.0,0.05952380952380953,1.5625,0.65625,0.015873015873015872,93,137,0.2903225806451613
progressive/rome_benchmark/grafo11114.93,28,2,random,0.42528735632183906,0.0,0.05952380952380953,3.5,0.375,0.017857142857142856,93,137,0.3225806451612903
progressive/rome_benchmark/grafo11114.93,28,2,spectral,0.4334975369458127,0.33333333333333337,0.05952380952380953,0.6666666666666666,0.39583333333333337,0.08571428571428572,93,137,0.3118279569892473
progressive/rome_benchmark/grafo11114.93,42,3,degree,0.5946969696969697,0.8448484848484847,0.05952380952380953,1.222222222222222,0.06467013888888888,0.2227891156462585,93,137,0.3548387096774194
progressive/rome_benchmark/grafo11114.93,42,3,closeness,0.6539682539682541,1.0,0.05952380952380953,0.20833333333333334,0.0962962962962963,0.11564625850340136,93,137,0.3870967741935484
progressive/rome_benchmark/grafo11114.93,42,3,betweeness,0.6336134453781512,0.47368421052631576,0.05952380952380953,0.6666666666666666,0.16964285714285715,0.2530612244897959,93,137,0.3763440860215054
progressive/rome_benchmark/grafo11114.93,42,3,rmc,0.5411605937921727,-0.33333333333333326,0.05952380952380953,1.55,0.32142857142857145,0.15873015873015875,93,137,0.41935483870967744
progressive/rome_benchmark/grafo11114.93,42,3,random,0.5682539682539683,0.3932584269662922,0.05952380952380953,1.4166666666666667,0.1851851851851852,0.25056689342403626,93,137,0.3870967741935484
progressive/rome_benchmark/grafo11114.93,42,3,spectral,0.46828609986504727,-0.33333333333333326,0.05952380952380953,0.3111111111111111,0.10277777777777779,0.2285714285714286,93,137,0.41935483870967744
progressive/rome_benchmark/grafo11114.93,55,4,degree,0.6575052854122622,0.818052594171997,0.05952380952380953,0.38888888888888884,0.07555555555555556,0.23707482993197276,93,137,0.4731182795698925
progressive/rome_benchmark/grafo11114.93,55,4,closeness,0.6282828282828282,1.0,0.05952380952380953,0.17129629629629628,0.07449494949494949,0.225,93,137,0.4838709677419355
progressive/rome_benchmark/grafo11114.93,55,4,betweeness,0.6877076411960132,0.47368421052631576,0.05952380952380953,0.21666666666666667,0.06166666666666667,0.2530612244897959,93,137,0.46236559139784944
progressive/rome_benchmark/grafo11114.93,55,4,rmc,0.651360544217687,-0.33333333333333326,0.05952380952380953,1.0,0.39166666666666666,0.1873015873015873,93,137,0.5268817204301075
progressive/rome_benchmark/grafo11114.93,55,4,random,0.5020408163265306,0.0,0.05952380952380953,0.19444444444444445,0.08712121212121213,0.028571428571428574,93,137,0.5376344086021505
progressive/rome_benchmark/grafo11114.93,55,4,spectral,0.509713228492137,0.3548387096774194,0.05952380952380953,0.17708333333333334,0.10984848484848486,0.2285714285714286,93,137,0.5053763440860215
progressive/rome_benchmark/grafo11114.93,69,5,degree,0.7145098039215688,0.8329621380846325,0.05952380952380953,0.8194444444444443,0.18880208333333334,0.2571428571428571,93,137,0.5483870967741935
progressive/rome_benchmark/grafo11114.93,69,5,closeness,0.6713804713804714,0.773345421577516,0.05952380952380953,0.09047619047619047,0.052083333333333336,0.31428571428571433,93,137,0.5913978494623656
progressive/rome_benchmark/grafo11114.93,69,5,betweeness,0.6415094339622641,0.6969696969696969,0.05952380952380953,0.0949074074074074,0.041015625,0.2857142857142857,93,137,0.5698924731182796
progressive/rome_benchmark/grafo11114.93,69,5,rmc,0.618936294564582,-0.33333333333333326,0.05952380952380953,0.7222222222222222,0.25,0.125,93,137,0.6344086021505376
progressive/rome_benchmark/grafo11114.93,69,5,random,0.5838690824079485,-0.33333333333333326,0.05952380952380953,0.35833333333333334,0.21428571428571427,0.17142857142857143,93,137,0.6344086021505376
progressive/rome_benchmark/grafo11114.93,69,5,spectral,0.6995108315863032,0.8853046594982079,0.05952380952380953,0.16666666666666666,0.125,0.3178571428571429,93,137,0.5806451612903226
progressive/rome_benchmark/grafo11114.93,83,6,degree,0.7834240774349666,0.44826423997303677,0.05952380952380953,0.2388888888888889,0.14907407407407405,0.39285714285714285,93,137,0.6236559139784946
progressive/rome_benchmark/grafo11114.93,83,6,closeness,0.6636904761904762,0.7262149212867899,0.05952380952380953,0.13690476190476192,0.1130952380952381,0.3095238095238095,93,137,0.6881720430107527
progressive/rome_benchmark/grafo11114.93,83,6,betweeness,0.6636904761904762,0.7262149212867899,0.05952380952380953,0.13690476190476192,0.1130952380952381,0.3095238095238095,93,137,0.6881720430107527
progressive/rome_benchmark/grafo11114.93,83,6,rmc,0.7258741258741258,0.33870203694931317,0.05952380952380953,0.12023809523809523,0.049019607843137254,0.38571428571428573,93,137,0.7096774193548387
progressive/rome_benchmark/grafo11114.93,83,6,random,0.6987788331071914,0.4202898550724639,0.05952380952380953,0.13392857142857142,0.061698717948717945,0.21326530612244898,93,137,0.7204301075268817
progressive/rome_benchmark/grafo11114.93,83,6,spectral,0.7593445980542755,1.0,0.05952380952380953,0.15,0.125,0.4642857142857143,93,137,0.6774193548387096
progressive/rome_benchmark/grafo11114.93,96,7,degree,0.7976689976689976,0.8132780082987552,0.05952380952380953,0.12355699855699856,0.1122685185185185,0.42142857142857143,93,137,0.7096774193548387
progressive/rome_benchmark/grafo11114.93,96,7,closeness,0.7440993788819876,0.774520856820744,0.05952380952380953,0.0625,0.04375,0.39999999999999997,93,137,0.7526881720430108
progressive/rome_benchmark/grafo11114.93,96,7,betweeness,0.7440993788819876,0.774520856820744,0.05952380952380953,0.0625,0.04375,0.39999999999999997,93,137,0.7526881720430108
progressive/rome_benchmark/grafo11114.93,96,7,rmc,0.8211180124223603,0.8599439775910365,0.05952380952380953,0.10546875,0.10546875,0.42857142857142855,93,137,0.7526881720430108
progressive/rome_benchmark/grafo11114.93,96,7,random,0.7700900900900902,0.5739176748078826,0.05952380952380953,0.11625744047619048,0.07481060606060606,0.5418367346938775,93,137,0.8064516129032258
progressive/rome_benchmark/grafo11114.93,96,7,spectral,0.8269151138716356,1.0,0.05952380952380953,0.15,0.15,0.5,93,137,0.7526881720430108
progressive/rome_benchmark/grafo11114.93,110,8,degree,0.8538812785388128,0.8005319148936171,0.05952380952380953,0.06785714285714285,0.051666666666666666,0.5285714285714286,93,137,0.7849462365591398
progressive/rome_benchmark/grafo11114.93,110,8,closeness,0.7448880233690361,1.0,0.05952380952380953,0.134375,0.134375,0.4857142857142857,93,137,0.8494623655913979
progressive/rome_benchmark/grafo11114.93,110,8,betweeness,0.7448880233690361,1.0,0.05952380952380953,0.134375,0.134375,0.4857142857142857,93,137,0.8494623655913979
progressive/rome_benchmark/grafo11114.93,110,8,rmc,0.8386075949367089,1.0,0.05952380952380953,0.10546875,0.10546875,0.42857142857142855,93,137,0.8602150537634409
progressive/rome_benchmark/grafo11114.93,110,8,random,0.8253813696851672,0.8301437901062549,0.05952380952380953,0.06547619047619048,0.05277777777777778,0.5476190476190477,93,137,0.8494623655913979
progressive/rome_benchmark/grafo11114.93,110,8,spectral,0.8046088932164882,0.5056292605681401,0.05952380952380953,0.096875,0.08055555555555555,0.6785714285714286,93,137,0.8494623655913979
progressive/rome_benchmark/grafo11114.93,124,9,degree,0.868043602983362,1.0,0.05952380952380953,0.08564814814814815,0.08564814814814815,0.7571428571428571,93,137,0.9032258064516129
progressive/rome_benchmark/grafo11114.93,124,9,closeness,0.8638655462184874,0.7757705151365852,0.05952380952380953,0.1130952380952381,0.1130952380952381,0.65,93,137,0.9139784946236559
progressive/rome_benchmark/grafo11114.93,124,9,betweeness,0.8638655462184874,0.7757705151365852,0.05952380952380953,0.1130952380952381,0.1130952380952381,0.65,93,137,0.9139784946236559
progressive/rome_benchmark/grafo11114.93,124,9,rmc,0.8687436159346272,0.994004627678011,0.05952380952380953,0.08080357142857143,0.06944444444444445,0.6071428571428571,93,137,0.956989247311828
progressive/rome_benchmark/grafo11114.93,124,9,random,0.8998632010943912,0.6900436913859129,0.05952380952380953,0.07232142857142856,0.05555555555555555,0.7999999999999999,93,137,0.9247311827956989
progressive/rome_benchmark/grafo11114.93,124,9,spectral,0.9031463748290014,0.4831109508354369,0.05952380952380953,0.058712121212121215,0.04166666666666667,0.7999999999999999,93,137,0.9247311827956989
progressive/rome_benchmark/grafo11114.93,137,10,degree,1.0,1.0,0.05952380952380953,0.05952380952380953,0.05952380952380953,1.0,93,137,1.0
progressive/rome_benchmark/grafo11114.93,137,10,closeness,1.0,1.0,0.05952380952380953,0.05952380952380953,0.05952380952380953,1.0,93,137,1.0
progressive/rome_benchmark/grafo11114.93,137,10,betweeness,1.0,1.0,0.05952380952380953,0.05952380952380953,0.05952380952380953,1.0,93,137,1.0
progressive/rome_benchmark/grafo11114.93,137,10,rmc,1.0,1.0,0.05952380952380953,0.05952380952380953,0.05952380952380953,1.0,93,137,1.0
progressive/rome_benchmark/grafo11114.93,137,10,random,1.0,1.0,0.05952380952380953,0.05952380952380953,0.05952380952380953,1.0,93,137,1.0
progressive/rome_benchmark/grafo11114.93,137,10,spectral,1.0,1.0,0.05952380952380953,0.05952380952380953,0.05952380952380953,1.0,93,137,1.0
progressive/rome_benchmark/grafo5390.37,5,1,degree,0.7333333333333333,0.0,2.0,3.0,0.75,0.0,37,45,0.16216216216216217
progressive/rome_benchmark/grafo5390.37,5,1,closeness,0.6190476190476191,-0.5,2.0,0,0,0.0,37,45,0.1891891891891892
progressive/rome_benchmark/grafo5390.37,5,1,betweeness,0.7333333333333333,0.0,2.0,3.0,0.75,0.0,37,45,0.16216216216216217
progressive/rome_benchmark/grafo5390.37,5,1,rmc,0.14285714285714288,-0.5,2.0,0,0,0.0,37,45,0.1891891891891892
progressive/rome_benchmark/grafo5390.37,5,1,random,0.42857142857142855,1.0,2.0,3.0,3.0,0.5,37,45,0.21621621621621623
progressive/rome_benchmark/grafo5390.37,5,1,spectral,0.7333333333333333,0.0,2.0,3.0,3.0,0.0,37,45,0.16216216216216217
progressive/rome_benchmark/grafo5390.37,9,2,degree,0.4444444444444444,0.0,2.0,3.5,0.35416666666666663,0.0,37,45,0.24324324324324326
progressive/rome_benchmark/grafo5390.37,9,2,closeness,0.39393939393939387,0.0,2.0,3.0,0.75,0.0,37,45,0.32432432432432434
progressive/rome_benchmark/grafo5390.37,9,2,betweeness,0.6444444444444444,0.0,2.0,3.0,0.75,0.0,37,45,0.2702702702702703
progressive/rome_benchmark/grafo5390.37,9,2,rmc,0.2727272727272727,-0.5,2.0,0,0,0.0,37,45,0.32432432432432434
progressive/rome_benchmark/grafo5390.37,9,2,random,0.6444444444444444,0.0,2.0,3.0,0.75,0.0,37,45,0.2702702702702703
progressive/rome_benchmark/grafo5390.37,9,2,spectral,0.5555555555555555,0.0,2.0,3.5,0.7222222222222222,0.0,37,45,0.2702702702702703
progressive/rome_benchmark/grafo5390.37,14,3,degree,0.7362637362637363,0.0,2.0,3.3333333333333335,1.4166666666666667,0.0,37,45,0.3783783783783784
progressive/rome_benchmark/grafo5390.37,14,3,closeness,0.5816993464052289,0.3333333333333333,2.0,2.0,0.375,0.375,37,45,0.4864864864864865
progressive/rome_benchmark/grafo5390.37,14,3,betweeness,0.4666666666666666,0.0,2.0,3.0,0.75,0.0,37,45,0.43243243243243246
progressive/rome_benchmark/grafo5390.37,14,3,rmc,0.580952380952381,-0.5,2.0,0,0,0.0,37,45,0.40540540540540543
progressive/rome_benchmark/grafo5390.37,14,3,random,0.6166666666666666,0.0,2.0,3.5,3.5,0.0,37,45,0.43243243243243246
progressive/rome_benchmark/grafo5390.37,14,3,spectral,0.7948717948717947,0.0,2.0,3.3333333333333335,1.4166666666666667,0.0,37,45,0.35135135135135137
progressive/rome_benchmark/grafo5390.37,18,4,degree,0.7205882352941176,0.0,2.0,3.0,0.53125,0.0,37,45,0.4594594594594595
progressive/rome_benchmark/grafo5390.37,18,4,closeness,0.5619047619047619,-0.33333333333333326,2.0,2.0,0.375,0.375,37,45,0.5675675675675675
progressive/rome_benchmark/grafo5390.37,18,4,betweeness,0.5789473684210527,-0.33333333333333326,2.0,2.0,0.375,0.375,37,45,0.5405405405405406
progressive/rome_benchmark/grafo5390.37,18,4,rmc,0.6617647058823529,0.0,2.0,3.0,3.0,0.0,37,45,0.4594594594594595
progressive/rome_benchmark/grafo5390.37,18,4,random,0.5555555555555555,0.0,2.0,1.25,0.33333333333333337,0.0,37,45,0.5135135135135135
progressive/rome_benchmark/grafo5390.37,18,4,spectral,0.6470588235294118,0.0,2.0,3.3333333333333335,1.3333333333333333,0.0,37,45,0.4594594594594595
progressive/rome_benchmark/grafo5390.37,23,5,degree,0.6277056277056278,0.0,2.0,2.625,1.125,0.0,37,45,0.5945945945945946
progressive/rome_benchmark/grafo5390.37,23,5,closeness,0.6666666666666665,0.0,2.0,2.0,0.625,0.5,37,45,0.6756756756756757
progressive/rome_benchmark/grafo5390.37,23,5,betweeness,0.6666666666666665,0.0,2.0,2.0,0.625,0.5,37,45,0.6756756756756757
progressive/rome_benchmark/grafo5390.37,23,5,rmc,0.6363636363636364,0.6666666666666666,2.0,2.3333333333333335,0.9166666666666666,0.5,37,45,0.5945945945945946
progressive/rome_benchmark/grafo5390.37,23,5,random,0.5507246376811594,-0.5,2.0,0,0,0.0,37,45,0.6486486486486487
progressive/rome_benchmark/grafo5390.37,23,5,spectral,0.6190476190476191,0.3333333333333334,2.0,2.5,2.5,0.5,37,45,0.5945945945945946
progressive/rome_benchmark/grafo5390.37,27,6,degree,0.7399999999999999,0.0,2.0,0.75,0.75,0.0,37,45,0.6756756756756757
progressive/rome_benchmark/grafo5390.37,27,6,closeness,0.6695156695156697,-0.33333333333333326,2.0,0.625,0.625,0.5,37,45,0.7297297297297297
progressive/rome_benchmark/grafo5390.37,27,6,betweeness,0.6695156695156697,-0.33333333333333326,2.0,0.625,0.625,0.5,37,45,0.7297297297297297
progressive/rome_benchmark/grafo5390.37,27,6,rmc,0.717391304347826,0.6666666666666666,2.0,0.9166666666666666,0.9166666666666666,0.5,37,45,0.6486486486486487
progressive/rome_benchmark/grafo5390.37,27,6,random,0.6923076923076924,0.0,2.0,2.5,1.0,0.0,37,45,0.7027027027027027
progressive/rome_benchmark/grafo5390.37,27,6,spectral,0.7463768115942029,1.0,2.0,1.125,0.7083333333333334,0.5,37,45,0.6486486486486487
progressive/rome_benchmark/grafo5390.37,32,7,degree,0.7407407407407407,0.6666666666666666,2.0,0.6666666666666666,0.6666666666666666,0.5,37,45,0.7567567567567568
progressive/rome_benchmark/grafo5390.37,32,7,closeness,0.7287356321839081,0.6666666666666666,2.0,2.0,2.0,0.5,37,45,0.8108108108108109
progressive/rome_benchmark/grafo5390.37,32,7,betweeness,0.7287356321839081,0.6666666666666666,2.0,2.0,2.0,0.5,37,45,0.8108108108108109
progressive/rome_benchmark/grafo5390.37,32,7,rmc,0.693121693121693,0.6666666666666666,2.0,0.625,0.625,0.5,37,45,0.7567567567567568
progressive/rome_benchmark/grafo5390.37,32,7,random,0.7701149425287357,0.0,2.0,0.75,0.75,0.0,37,45,0.8108108108108109
progressive/rome_benchmark/grafo5390.37,32,7,spectral,0.7777777777777777,1.0,2.0,0.7222222222222222,0.7222222222222222,0.5,37,45,0.7567567567567568
progressive/rome_benchmark/grafo5390.37,36,8,degree,0.8150537634408603,0.9238095238095239,2.0,1.2,1.2,1.0,37,45,0.8378378378378378
progressive/rome_benchmark/grafo5390.37,36,8,closeness,0.8104838709677421,0.6666666666666666,2.0,0.9166666666666666,0.9166666666666666,0.5,37,45,0.8648648648648649
progressive/rome_benchmark/grafo5390.37,36,8,betweeness,0.8104838709677421,0.6666666666666666,2.0,0.9166666666666666,0.9166666666666666,0.5,37,45,0.8648648648648649
progressive/rome_benchmark/grafo5390.37,36,8,rmc,0.7763440860215054,1.0,2.0,0.9166666666666666,0.9166666666666666,1.0,37,45,0.8378378378378378
progressive/rome_benchmark/grafo5390.37,36,8,random,0.7677419354838712,0.0,2.0,3.0,3.0,0.0,37,45,0.8378378378378378
progressive/rome_benchmark/grafo5390.37,36,8,spectral,0.9218390804597701,1.0,2.0,0.7222222222222222,0.7222222222222222,0.5,37,45,0.8108108108108109
progressive/rome_benchmark/grafo5390.37,41,9,degree,0.8722689075630251,0.9238095238095239,2.0,1.2,1.2,1.0,37,45,0.9459459459459459
progressive/rome_benchmark/grafo5390.37,41,9,closeness,0.922689075630252,1.0,2.0,2.0,2.0,0.5,37,45,0.9459459459459459
progressive/rome_benchmark/grafo5390.37,41,9,betweeness,0.922689075630252,1.0,2.0,2.0,2.0,0.5,37,45,0.9459459459459459
progressive/rome_benchmark/grafo5390.37,41,9,rmc,0.9318181818181818,1.0,2.0,1.0,1.0,1.0,37,45,0.8918918918918919
progressive/rome_benchmark/grafo5390.37,41,9,random,0.895798319327731,1.0,2.0,0.9166666666666666,0.9166666666666666,0.5,37,45,0.9459459459459459
progressive/rome_benchmark/grafo5390.37,41,9,spectral,0.9180035650623887,0.7714285714285715,2.0,2.0,2.0,1.0,37,45,0.918918918918919
progressive/rome_benchmark/grafo5390.37,45,10,degree,1.0,1.0,2.0,2.0,2.0,1.0,37,45,1.0
progressive/rome_benchmark/grafo5390.37,45,10,closeness,1.0,1.0,2.0,2.0,2.0,1.0,37,45,1.0
progressive/rome_benchmark/grafo5390.37,45,10,betweeness,1.0,1.0,2.0,2.0,2.0,1.0,37,45,1.0
progressive/rome_benchmark/grafo5390.37,45,10,rmc,1.0,1.0,2.0,2.0,2.0,1.0,37,45,1.0
progressive/rome_benchmark/grafo5390.37,45,10,random,1.0,1.0,2.0,2.0,2.0,1.0,37,45,1.0
progressive/rome_benchmark/grafo5390.37,45,10,spectral,1.0,1.0,2.0,2.0,2.0,1.0,37,45,1.0
progressive/rome_benchmark/grafo269.12,2,1,degree,1.0,-0.5,0.75,0,0,0.0,12,12,0.25
progressive/rome_benchmark/grafo269.12,2,1,closeness,1.0,-0.5,0.75,0,0,0.0,12,12,0.25
progressive/rome_benchmark/grafo269.12,2,1,betweeness,1.0,-0.5,0.75,0,0,0.0,12,12,0.25
progressive/rome_benchmark/grafo269.12,2,1,rmc,0.6666666666666669,-0.5,0.75,0,0,0.0,12,12,0.3333333333333333
progressive/rome_benchmark/grafo269.12,2,1,random,1.0,-0.5,0.75,0,0,0.0,12,12,0.25
progressive/rome_benchmark/grafo269.12,2,1,spectral,-0.33333333333333337,-0.5,0.75,0,0,0.0,12,12,0.25
progressive/rome_benchmark/grafo269.12,3,2,degree,0.6666666666666669,0.3333333333333334,0.75,3.0,0.3333333333333333,1.0,12,12,0.3333333333333333
progressive/rome_benchmark/grafo269.12,3,2,closeness,0.9999999999999999,-0.5,0.75,0,0,0.0,12,12,0.4166666666666667
progressive/rome_benchmark/grafo269.12,3,2,betweeness,0.9999999999999999,-0.5,0.75,0,0,0.0,12,12,0.4166666666666667
progressive/rome_benchmark/grafo269.12,3,2,rmc,0.6,-0.5,0.75,0,0,0.0,12,12,0.4166666666666667
progressive/rome_benchmark/grafo269.12,3,2,random,-0.19999999999999998,-0.5,0.75,0,0,0.0,12,12,0.4166666666666667
progressive/rome_benchmark/grafo269.12,3,2,spectral,0.6666666666666669,-0.5,0.75,0,0,0.0,12,12,0.3333333333333333
progressive/rome_benchmark/grafo269.12,4,3,degree,0.6,0.3333333333333334,0.75,3.0,0.75,1.0,12,12,0.4166666666666667
progressive/rome_benchmark/grafo269.12,4,3,closeness,0.2,-0.5,0.75,0,0,0.0,12,12,0.5
progressive/rome_benchmark/grafo269.12,4,3,betweeness,0.2,-0.5,0.75,0,0,0.0,12,12,0.5
progressive/rome_benchmark/grafo269.12,4,3,rmc,0.06666666666666665,-0.5,0.75,0,0,0.0,12,12,0.5
progressive/rome_benchmark/grafo269.12,4,3,random,0.6,0.3333333333333334,0.75,3.0,0.75,1.0,12,12,0.4166666666666667
progressive/rome_benchmark/grafo269.12,4,3,spectral,-0.06666666666666665,-0.5,0.75,0,0,0.0,12,12,0.5
progressive/rome_benchmark/grafo269.12,5,4,degree,0.4666666666666666,0.3333333333333334,0.75,3.0,0.75,1.0,12,12,0.5
progressive/rome_benchmark/grafo269.12,5,4,closeness,0.2857142857142857,-0.5,0.75,0,0,0.0,12,12,0.6666666666666666
progressive/rome_benchmark/grafo269.12,5,4,betweeness,0.2857142857142857,-0.5,0.75,0,0,0.0,12,12,0.6666666666666666
progressive/rome_benchmark/grafo269.12,5,4,rmc,0.4285714285714286,-0.5,0.75,0,0,0.0,12,12,0.5833333333333334
progressive/rome_benchmark/grafo269.12,5,4,random,0.4666666666666666,0.3333333333333334,0.75,3.0,0.75,1.0,12,12,0.5
progressive/rome_benchmark/grafo269.12,5,4,spectral,0.23809523809523814,-0.5,0.75,0,0,0.0,12,12,0.5833333333333334
progressive/rome_benchmark/grafo269.12,6,5,degree,0.4999999999999999,0.3333333333333334,0.75,3.0,0.75,1.0,12,12,0.6666666666666666
progressive/rome_benchmark/grafo269.12,6,5,closeness,0.2777777777777778,-0.5,0.75,0,0,0.0,12,12,0.75
progressive/rome_benchmark/grafo269.12,6,5,betweeness,0.2777777777777778,-0.5,0.75,0,0,0.0,12,12,0.75
progressive/rome_benchmark/grafo269.12,6,5,rmc,0.1111111111111111,-0.5,0.75,0,0,0.0,12,12,0.75
progressive/rome_benchmark/grafo269.12,6,5,random,0.42857142857142855,0.3333333333333334,0.75,3.0,0.3333333333333333,1.0,12,12,0.6666666666666666
progressive/rome_benchmark/grafo269.12,6,5,spectral,0.4285714285714286,0.3333333333333334,0.75,3.0,0.75,1.0,12,12,0.5833333333333334
progressive/rome_benchmark/grafo269.12,8,6,degree,0.7333333333333333,0.3333333333333334,0.75,3.0,0.75,1.0,12,12,0.8333333333333334
progressive/rome_benchmark/grafo269.12,8,6,closeness,0.4666666666666666,-0.5,0.75,0,0,0.0,12,12,0.8333333333333334
progressive/rome_benchmark/grafo269.12,8,6,betweeness,0.4666666666666666,-0.5,0.75,0,0,0.0,12,12,0.8333333333333334
progressive/rome_benchmark/grafo269.12,8,6,rmc,0.4444444444444444,-0.33333333333333326,0.75,3.0,0.3333333333333333,1.0,12,12,0.75
progressive/rome_benchmark/grafo269.12,8,6,random,0.611111111111111,0.3333333333333334,0.75,3.0,0.75,1.0,12,12,0.75
progressive/rome_benchmark/grafo269.12,8,6,spectral,0.4444444444444444,-0.33333333333333326,0.75,3.0,0.3333333333333333,1.0,12,12,0.75
progressive/rome_benchmark/grafo269.12,9,7,degree,0.6888888888888888,0.3333333333333334,0.75,0.75,0.75,1.0,12,12,0.8333333333333334
progressive/rome_benchmark/grafo269.12,9,7,closeness,0.41818181818181815,0.0,0.75,1.0,1.0,0.2,12,12,0.9166666666666666
progressive/rome_benchmark/grafo269.12,9,7,betweeness,0.41818181818181815,0.0,0.75,1.0,1.0,0.2,12,12,0.9166666666666666
progressive/rome_benchmark/grafo269.12,9,7,rmc,0.5111111111111111,-0.33333333333333326,0.75,3.0,0.3333333333333333,1.0,12,12,0.8333333333333334
progressive/rome_benchmark/grafo269.12,9,7,random,0.5111111111111111,-0.33333333333333326,0.75,3.0,0.3333333333333333,1.0,12,12,0.8333333333333334
progressive/rome_benchmark/grafo269.12,9,7,spectral,0.5111111111111111,-0.33333333333333326,0.75,3.0,0.3333333333333333,1.0,12,12,0.8333333333333334
progressive/rome_benchmark/grafo269.12,10,8,degree,0.6727272727272727,0.3333333333333334,0.75,0.75,0.75,1.0,12,12,0.9166666666666666
progressive/rome_benchmark/grafo269.12,10,8,closeness,0.5636363636363636,0.0,0.75,1.0,1.0,0.2,12,12,0.9166666666666666
progressive/rome_benchmark/grafo269.12,10,8,betweeness,0.5636363636363636,0.0,0.75,1.0,1.0,0.2,12,12,0.9166666666666666
progressive/rome_benchmark/grafo269.12,10,8,rmc,0.7777777777777777,0.3333333333333334,0.75,0.75,0.75,1.0,12,12,0.8333333333333334
progressive/rome_benchmark/grafo269.12,10,8,random,0.7777777777777777,0.3333333333333334,0.75,0.75,0.75,1.0,12,12,0.8333333333333334
progressive/rome_benchmark/grafo269.12,10,8,spectral,0.7777777777777777,0.3333333333333334,0.75,0.75,0.75,1.0,12,12,0.8333333333333334
progressive/rome_benchmark/grafo269.12,11,9,degree,0.8909090909090909,1.0,0.75,0.75,0.75,1.0,12,12,0.9166666666666666
progressive/rome_benchmark/grafo269.12,11,9,closeness,0.8909090909090909,1.0,0.75,0.75,0.75,1.0,12,12,0.9166666666666666
progressive/rome_benchmark/grafo269.12,11,9,betweeness,0.8909090909090909,1.0,0.75,0.75,0.75,1.0,12,12,0.9166666666666666
progressive/rome_benchmark/grafo269.12,11,9,rmc,0.6969696969696969,0.3333333333333334,0.75,0.75,0.75,1.0,12,12,1.0
progressive/rome_benchmark/grafo269.12,11,9,random,0.8909090909090909,1.0,0.75,0.75,0.75,1.0,12,12,0.9166666666666666
progressive/rome_benchmark/grafo269.12,11,9,spectral,0.6969696969696969,0.3333333333333334,0.75,0.75,0.75,1.0,12,12,1.0
progressive/rome_benchmark/grafo269.12,12,10,degree,0.9999999999999998,1.0,0.75,0.75,0.75,1.0,12,12,1.0
progressive/rome_benchmark/grafo269.12,12,10,closeness,0.9999999999999998,1.0,0.75,0.75,0.75,1.0,12,12,1.0
progressive/rome_benchmark/grafo269.12,12,10,betweeness,0.9999999999999998,1.0,0.75,0.75,0.75,1.0,12,12,1.0
progressive/rome_benchmark/grafo269.12,12,10,rmc,0.9999999999999998,1.0,0.75,0.75,0.75,1.0,12,12,1.0
progressive/rome_benchmark/grafo269.12,12,10,random,0.9999999999999998,1.0,0.75,0.75,0.75,1.0,12,12,1.0
progressive/rome_benchmark/grafo269.12,12,10,spectral,0.9999999999999998,1.0,0.75,0.75,0.75,1.0,12,12,1.0
progressive/rome_benchmark/grafo3893.40,5,1,degree,0.6190476190476191,0.0,0.7083333333333334,4.0,0.4444444444444444,0.16666666666666666,40,44,0.175
progressive/rome_benchmark/grafo3893.40,5,1,closeness,0.611111111111111,-0.5,0.7083333333333334,0,0,0.0,40,44,0.225
progressive/rome_benchmark/grafo3893.40,5,1,betweeness,0.3333333333333333,-0.5,0.7083333333333334,0,0,0.0,40,44,0.225
progressive/rome_benchmark/grafo3893.40,5,1,rmc,0.42857142857142855,-0.5,0.7083333333333334,0,0,0.0,40,44,0.2
progressive/rome_benchmark/grafo3893.40,5,1,random,0.3888888888888889,-0.5,0.7083333333333334,0,0,0.0,40,44,0.225
progressive/rome_benchmark/grafo3893.40,5,1,spectral,0.4666666666666666,-0.5,0.7083333333333334,0,0,0.0,40,44,0.15
progressive/rome_benchmark/grafo3893.40,9,2,degree,0.7090909090909091,0.8666666666666668,0.7083333333333334,6.0,1.5,0.25,40,44,0.275
progressive/rome_benchmark/grafo3893.40,9,2,closeness,0.6952380952380953,-0.5,0.7083333333333334,0,0,0.0,40,44,0.375
progressive/rome_benchmark/grafo3893.40,9,2,betweeness,0.5384615384615384,0.0,0.7083333333333334,3.0,3.0,0.0,40,44,0.35
progressive/rome_benchmark/grafo3893.40,9,2,rmc,0.6666666666666665,1.0,0.7083333333333334,3.0,3.0,0.25,40,44,0.325
progressive/rome_benchmark/grafo3893.40,9,2,random,0.6923076923076924,-0.5,0.7083333333333334,0,0,0.0,40,44,0.35
progressive/rome_benchmark/grafo3893.40,9,2,spectral,0.6,-0.5,0.7083333333333334,0,0,0.0,40,44,0.25
progressive/rome_benchmark/grafo3893.40,14,3,degree,0.39999999999999997,0.4666666666666667,0.7083333333333334,6.0,1.5,0.25,40,44,0.4
progressive/rome_benchmark/grafo3893.40,14,3,closeness,0.6277056277056278,0.0,0.7083333333333334,3.0,3.0,0.0,40,44,0.55
progressive/rome_benchmark/grafo3893.40,14,3,betweeness,0.5157894736842106,0.0,0.7083333333333334,3.0,3.0,0.0,40,44,0.5
progressive/rome_benchmark/grafo3893.40,14,3,rmc,0.5087719298245613,1.0,0.7083333333333334,5.0,5.0,0.23333333333333334,40,44,0.475
progressive/rome_benchmark/grafo3893.40,14,3,random,0.6761904761904762,0.0,0.7083333333333334,4.0,4.0,0.0,40,44,0.375
progressive/rome_benchmark/grafo3893.40,14,3,spectral,0.7582417582417583,-0.5,0.7083333333333334,0,0,0.0,40,44,0.35
progressive/rome_benchmark/grafo3893.40,18,4,degree,0.6285714285714286,0.4666666666666667,0.7083333333333334,4.5,1.5,0.25,40,44,0.525
progressive/rome_benchmark/grafo3893.40,18,4,closeness,0.5612535612535613,0.0,0.7083333333333334,3.0,3.0,0.0,40,44,0.675
progressive/rome_benchmark/grafo3893.40,18,4,betweeness,0.5612535612535613,0.0,0.7083333333333334,3.0,3.0,0.0,40,44,0.675
progressive/rome_benchmark/grafo3893.40,18,4,rmc,0.7391304347826086,1.0,0.7083333333333334,4.0,4.0,0.23333333333333334,40,44,0.6
progressive/rome_benchmark/grafo3893.40,18,4,random,0.608695652173913,0.0,0.7083333333333334,3.0,1.125,0.0,40,44,0.6
progressive/rome_benchmark/grafo3893.40,18,4,spectral,0.7254901960784316,1.0,0.7083333333333334,1.0,1.0,0.25,40,44,0.45
progressive/rome_benchmark/grafo3893.40,22,5,degree,0.5942028985507246,0.4666666666666667,0.7083333333333334,5.0,1.75,0.25,40,44,0.6
progressive/rome_benchmark/grafo3893.40,22,5,closeness,0.6091954022988506,-1.0,0.7083333333333334,1.2916666666666667,0.625,0.175,40,44,0.75
progressive/rome_benchmark/grafo3893.40,22,5,betweeness,0.6091954022988506,-1.0,0.7083333333333334,1.2916666666666667,0.625,0.175,40,44,0.75
progressive/rome_benchmark/grafo3893.40,22,5,rmc,0.7600000000000001,0.48617305976806424,0.7083333333333334,4.0,1.037037037037037,0.4,40,44,0.65
progressive/rome_benchmark/grafo3893.40,22,5,random,0.6739130434782609,0.0,0.7083333333333334,3.0,3.0,0.0,40,44,0.6
progressive/rome_benchmark/grafo3893.40,22,5,spectral,0.7575757575757576,1.0,0.7083333333333334,1.25,1.25,0.425,40,44,0.55
progressive/rome_benchmark/grafo3893.40,27,6,degree,0.656084656084656,1.0,0.7083333333333334,1.5833333333333333,0.8888888888888888,0.20833333333333334,40,44,0.7
progressive/rome_benchmark/grafo3893.40,27,6,closeness,0.713709677419355,0.9077711357813835,0.7083333333333334,1.625,1.0,0.35833333333333334,40,44,0.8
progressive/rome_benchmark/grafo3893.40,27,6,betweeness,0.713709677419355,0.9077711357813835,0.7083333333333334,1.625,1.0,0.35833333333333334,40,44,0.8
progressive/rome_benchmark/grafo3893.40,27,6,rmc,0.7783251231527092,0.6521739130434783,0.7083333333333334,1.75,1.75,0.47916666666666663,40,44,0.725
progressive/rome_benchmark/grafo3893.40,27,6,random,0.7777777777777777,0.19999999999999993,0.7083333333333334,6.0,1.5,0.25,40,44,0.7
progressive/rome_benchmark/grafo3893.40,27,6,spectral,0.6615384615384615,0.953307392996109,0.7083333333333334,2.0,2.0,0.5,40,44,0.65
progressive/rome_benchmark/grafo3893.40,31,7,degree,0.7931034482758622,1.0,0.7083333333333334,1.625,1.625,0.20833333333333334,40,44,0.75
progressive/rome_benchmark/grafo3893.40,31,7,closeness,0.6553030303030303,0.6190476190476191,0.7083333333333334,1.5,1.5,0.5,40,44,0.825
progressive/rome_benchmark/grafo3893.40,31,7,betweeness,0.6553030303030303,0.6190476190476191,0.7083333333333334,1.5,1.5,0.5,40,44,0.825
progressive/rome_benchmark/grafo3893.40,31,7,rmc,0.7978494623655915,0.6192364898363907,0.7083333333333334,1.0833333333333333,1.0833333333333333,0.75,40,44,0.775
progressive/rome_benchmark/grafo3893.40,31,7,random,0.7591397849462366,1.0,0.7083333333333334,0.5916666666666667,0.4666666666666667,0.45833333333333337,40,44,0.775
progressive/rome_benchmark/grafo3893.40,31,7,spectral,0.8669950738916254,1.0,0.7083333333333334,1.8333333333333333,1.8333333333333333,0.5,40,44,0.725
progressive/rome_benchmark/grafo3893.40,36,8,degree,0.8645276292335118,1.0,0.7083333333333334,1.5,1.5,0.25,40,44,0.85
progressive/rome_benchmark/grafo3893.40,36,8,closeness,0.8431372549019609,1.0,0.7083333333333334,1.5,1.5,0.5,40,44,0.85
progressive/rome_benchmark/grafo3893.40,36,8,betweeness,0.8431372549019609,1.0,0.7083333333333334,1.5,1.5,0.5,40,44,0.85
progressive/rome_benchmark/grafo3893.40,36,8,rmc,0.7647058823529411,1.0,0.7083333333333334,0.6666666666666666,0.6666666666666666,0.75,40,44,0.875
progressive/rome_benchmark/grafo3893.40,36,8,random,0.8228228228228228,1.0,0.7083333333333334,1.8333333333333333,1.8333333333333333,0.5,40,44,0.925
progressive/rome_benchmark/grafo3893.40,36,8,spectral,0.9516129032258066,0.7149220489977728,0.7083333333333334,2.0,1.1111111111111112,0.6666666666666666,40,44,0.8
progressive/rome_benchmark/grafo3893.40,40,9,degree,0.942857142857143,1.0,0.7083333333333334,0.4791666666666667,0.3055555555555555,0.75,40,44,0.9
progressive/rome_benchmark/grafo3893.40,40,9,closeness,0.871977240398293,1.0,0.7083333333333334,1.75,1.75,0.47916666666666663,40,44,0.95
progressive/rome_benchmark/grafo3893.40,40,9,betweeness,0.871977240398293,1.0,0.7083333333333334,1.75,1.75,0.47916666666666663,40,44,0.95
progressive/rome_benchmark/grafo3893.40,40,9,rmc,0.9777777777777779,1.0,0.7083333333333334,0.6041666666666666,0.6041666666666666,0.9375,40,44,0.9
progressive/rome_benchmark/grafo3893.40,40,9,random,0.9219219219219219,1.0,0.7083333333333334,0.4375,0.2777777777777778,0.7083333333333334,40,44,0.925
progressive/rome_benchmark/grafo3893.40,40,9,spectral,0.9619047619047619,1.0,0.7083333333333334,0.6666666666666666,0.6666666666666666,0.9583333333333334,40,44,0.9
progressive/rome_benchmark/grafo3893.40,44,10,degree,1.0,1.0,0.7083333333333334,0.7083333333333334,0.7083333333333334,1.0,40,44,1.0
progressive/rome_benchmark/grafo3893.40,44,10,closeness,1.0,1.0,0.7083333333333334,0.7083333333333334,0.7083333333333334,1.0,40,44,1.0
progressive/rome_benchmark/grafo3893.40,44,10,betweeness,1.0,1.0,0.7083333333333334,0.7083333333333334,0.7083333333333334,1.0,40,44,1.0
progressive/rome_benchmark/grafo3893.40,44,10,rmc,1.0,1.0,0.7083333333333334,0.7083333333333334,0.7083333333333334,1.0,40,44,1.0
progressive/rome_benchmark/grafo3893.40,44,10,random,1.0,1.0,0.7083333333333334,0.7083333333333334,0.7083333333333334,1.0,40,44,1.0
progressive/rome_benchmark/grafo3893.40,44,10,spectral,1.0,1.0,0.7083333333333334,0.7083333333333334,0.7083333333333334,1.0,40,44,1.0
progressive/rome_benchmark/grafo10383.99,14,1,degree,0.580952380952381,-0.19999999999999996,0.078125,7.0,1.75,0.08928571428571429,99,136,0.15151515151515152
progressive/rome_benchmark/grafo10383.99,14,1,closeness,0.34640522875817,0.0,0.078125,3.0,0.3333333333333333,0.0,99,136,0.18181818181818182
progressive/rome_benchmark/grafo10383.99,14,1,betweeness,0.3,-1.0,0.078125,1.375,0.16666666666666666,0.05,99,136,0.16161616161616163
progressive/rome_benchmark/grafo10383.99,14,1,rmc,0.3725490196078432,0.0,0.078125,3.0,0.6666666666666666,0.0,99,136,0.18181818181818182
progressive/rome_benchmark/grafo10383.99,14,1,random,0.3,0.0,0.078125,4.0,0.4444444444444444,0.0,99,136,0.16161616161616163
progressive/rome_benchmark/grafo10383.99,14,1,spectral,0.2941176470588235,0.33333333333333337,0.078125,4.0,0.275,0.075,99,136,0.1717171717171717
progressive/rome_benchmark/grafo10383.99,28,2,degree,0.5767195767195767,-0.6408619313647247,0.078125,1.4166666666666667,0.10389610389610389,0.1791666666666667,99,136,0.2828282828282828
progressive/rome_benchmark/grafo10383.99,28,2,closeness,0.528225806451613,0.0,0.078125,1.0,0.25,0.020833333333333332,99,136,0.32323232323232326
progressive/rome_benchmark/grafo10383.99,28,2,betweeness,0.49538461538461537,0.33333333333333337,0.078125,1.8333333333333333,0.21913580246913578,0.09583333333333333,99,136,0.26262626262626265
progressive/rome_benchmark/grafo10383.99,28,2,rmc,0.6129032258064516,0.0,0.078125,0.7222222222222222,0.3555555555555555,0.0,99,136,0.32323232323232326
progressive/rome_benchmark/grafo10383.99,28,2,random,0.5182795698924731,0.33333333333333337,0.078125,1.25,0.7777777777777778,0.075,99,136,0.31313131313131315
progressive/rome_benchmark/grafo10383.99,28,2,spectral,0.5397849462365593,0.37984496124031014,0.078125,1.25,0.12152777777777778,0.16875,99,136,0.31313131313131315
progressive/rome_benchmark/grafo10383.99,41,3,degree,0.5855855855855856,-0.6000000000000001,0.078125,0.8333333333333334,0.16666666666666666,0.125,99,136,0.37373737373737376
progressive/rome_benchmark/grafo10383.99,41,3,closeness,0.5614617940199335,1.0,0.078125,0.5833333333333334,0.25,0.08333333333333333,99,136,0.43434343434343436
progressive/rome_benchmark/grafo10383.99,41,3,betweeness,0.572192513368984,0.3520074696545285,0.078125,0.3833333333333333,0.1282051282051282,0.24166666666666667,99,136,0.3434343434343434
progressive/rome_benchmark/grafo10383.99,41,3,rmc,0.5285412262156448,0.0,0.078125,1.0,0.4444444444444444,0.0,99,136,0.4444444444444444
progressive/rome_benchmark/grafo10383.99,41,3,random,0.522198731501057,0.33333333333333337,0.078125,5.0,1.25,0.075,99,136,0.4444444444444444
progressive/rome_benchmark/grafo10383.99,41,3,spectral,0.5615384615384615,0.37984496124031014,0.078125,1.25,0.4444444444444445,0.16875,99,136,0.40404040404040403
progressive/rome_benchmark/grafo10383.99,55,4,degree,0.6323366555924695,0.15651222181685526,0.078125,1.0999999999999999,0.24074074074074073,0.27083333333333337,99,136,0.43434343434343436
progressive/rome_benchmark/grafo10383.99,55,4,closeness,0.5965166908563135,1.0,0.078125,0.6166666666666667,0.14285714285714288,0.11458333333333333,99,136,0.5353535353535354
progressive/rome_benchmark/grafo10383.99,55,4,betweeness,0.6854928017718714,1.0,0.078125,0.20902777777777778,0.07234432234432234,0.13541666666666666,99,136,0.43434343434343436
progressive/rome_benchmark/grafo10383.99,55,4,rmc,0.5457721872816211,0.0,0.078125,0.3,0.23611111111111113,0.025,99,136,0.5454545454545454
progressive/rome_benchmark/grafo10383.99,55,4,random,0.5867269984917044,-0.653179190751445,0.078125,0.51875,0.18994708994708995,0.125,99,136,0.5252525252525253
progressive/rome_benchmark/grafo10383.99,55,4,spectral,0.6365007541478129,1.0,0.078125,0.225,0.09876543209876544,0.2,99,136,0.5252525252525253
progressive/rome_benchmark/grafo10383.99,68,5,degree,0.7223529411764708,0.3689530685920578,0.078125,0.5888888888888889,0.18308080808080807,0.39583333333333337,99,136,0.5151515151515151
progressive/rome_benchmark/grafo10383.99,68,5,closeness,0.6841530054644809,1.0,0.078125,0.20902777777777778,0.07234432234432234,0.13541666666666666,99,136,0.6161616161616161
progressive/rome_benchmark/grafo10383.99,68,5,betweeness,0.6841530054644809,1.0,0.078125,0.20902777777777778,0.07234432234432234,0.13541666666666666,99,136,0.6161616161616161
progressive/rome_benchmark/grafo10383.99,68,5,rmc,0.6028846153846155,1.0,0.078125,0.3958333333333333,0.2722222222222222,0.05,99,136,0.6565656565656566
progressive/rome_benchmark/grafo10383.99,68,5,random,0.6319444444444444,0.4336283185840708,0.078125,0.3194444444444445,0.14115646258503403,0.1875,99,136,0.6464646464646465
progressive/rome_benchmark/grafo10383.99,68,5,spectral,0.6768361581920904,1.0,0.078125,0.234375,0.175,0.1875,99,136,0.6060606060606061
progressive/rome_benchmark/grafo10383.99,82,6,degree,0.7440507667900582,-0.08792497069167642,0.078125,0.16999999999999998,0.10208333333333333,0.4354166666666667,99,136,0.6262626262626263
progressive/rome_benchmark/grafo10383.99,82,6,closeness,0.7135549872122762,1.0,0.078125,0.16785714285714287,0.075,0.15625,99,136,0.696969696969697
progressive/rome_benchmark/grafo10383.99,82,6,betweeness,0.7135549872122762,1.0,0.078125,0.16785714285714287,0.075,0.15625,99,136,0.696969696969697
progressive/rome_benchmark/grafo10383.99,82,6,rmc,0.6890040725657164,1.0,0.078125,0.3,0.21296296296296294,0.05,99,136,0.7474747474747475
progressive/rome_benchmark/grafo10383.99,82,6,random,0.649009009009009,0.0,0.078125,0.23611111111111108,0.06071428571428571,0.04583333333333334,99,136,0.7575757575757576
progressive/rome_benchmark/grafo10383.99,82,6,spectral,0.6927536231884058,1.0,0.078125,0.14583333333333334,0.14583333333333334,0.325,99,136,0.7070707070707071
progressive/rome_benchmark/grafo10383.99,96,7,degree,0.7652582159624413,0.08759124087591243,0.078125,0.14375,0.125,0.22916666666666669,99,136,0.7272727272727273
progressive/rome_benchmark/grafo10383.99,96,7,closeness,0.7444444444444444,0.0,0.078125,0.14583333333333334,0.14583333333333334,0.0,99,136,0.8181818181818182
progressive/rome_benchmark/grafo10383.99,96,7,betweeness,0.7444444444444444,0.0,0.078125,0.14583333333333334,0.14583333333333334,0.0,99,136,0.8181818181818182
progressive/rome_benchmark/grafo10383.99,96,7,rmc,0.7388888888888888,0.0,0.078125,0.15104166666666666,0.13227513227513227,0.04285714285714286,99,136,0.8181818181818182
progressive/rome_benchmark/grafo10383.99,96,7,random,0.7556756756756757,0.4990098200150717,0.078125,0.10378787878787878,0.07242063492063491,0.53125,99,136,0.7575757575757576
progressive/rome_benchmark/grafo10383.99,96,7,spectral,0.7622377622377623,1.0,0.078125,0.08636363636363636,0.055714285714285716,0.4,99,136,0.7878787878787878
progressive/rome_benchmark/grafo10383.99,109,8,degree,0.8643297630639404,0.8279569892473119,0.078125,0.04999999999999999,0.039285714285714285,0.375,99,136,0.797979797979798
progressive/rome_benchmark/grafo10383.99,109,8,closeness,0.8113897596656218,1.0,0.078125,0.1015625,0.1015625,0.3125,99,136,0.8888888888888888
progressive/rome_benchmark/grafo10383.99,109,8,betweeness,0.8113897596656218,1.0,0.078125,0.1015625,0.1015625,0.3125,99,136,0.8888888888888888
progressive/rome_benchmark/grafo10383.99,109,8,rmc,0.7822161422708618,0.7037037037037037,0.078125,0.10666666666666666,0.07638888888888888,0.2875,99,136,0.8686868686868687
progressive/rome_benchmark/grafo10383.99,109,8,random,0.8353413654618475,0.9552461461959224,0.078125,0.12222222222222223,0.10699999999999998,0.45,99,136,0.8484848484848485
progressive/rome_benchmark/grafo10383.99,109,8,spectral,0.8548479632816983,1.0,0.078125,0.1125,0.06124338624338624,0.575,99,136,0.8484848484848485
progressive/rome_benchmark/grafo10383.99,123,9,degree,0.9350811485642946,0.6919285274183611,0.078125,0.0875,0.0875,0.5,99,136,0.9090909090909091
progressive/rome_benchmark/grafo10383.99,123,9,closeness,0.9168657429526994,0.8177842565597667,0.078125,0.11875,0.11875,0.625,99,136,0.9292929292929293
progressive/rome_benchmark/grafo10383.99,123,9,betweeness,0.9168657429526994,0.8177842565597667,0.078125,0.11875,0.11875,0.625,99,136,0.9292929292929293
progressive/rome_benchmark/grafo10383.99,123,9,rmc,0.9300873907615481,1.0,0.078125,0.10416666666666667,0.06770833333333333,0.3125,99,136,0.9090909090909091
progressive/rome_benchmark/grafo10383.99,123,9,random,0.8977544194935498,0.7757847533632287,0.078125,0.07638888888888888,0.07638888888888888,0.7395833333333334,99,136,0.9292929292929293
progressive/rome_benchmark/grafo10383.99,123,9,spectral,0.936019536019536,1.0,0.078125,0.09090909090909091,0.06760204081632654,0.5875,99,136,0.9191919191919192
progressive/rome_benchmark/grafo10383.99,136,10,degree,1.0,1.0,0.078125,0.078125,0.078125,1.0,99,136,1.0
progressive/rome_benchmark/grafo10383.99,136,10,closeness,1.0,1.0,0.078125,0.078125,0.078125,1.0,99,136,1.0
progressive/rome_benchmark/grafo10383.99,136,10,betweeness,1.0,1.0,0.078125,0.078125,0.078125,1.0,99,136,1.0
progressive/rome_benchmark/grafo10383.99,136,10,rmc,1.0,1.0,0.078125,0.078125,0.078125,1.0,99,136,1.0
progressive/rome_benchmark/grafo10383.99,136,10,random,1.0,1.0,0.078125,0.078125,0.078125,1.0,99,136,1.0
progressive/rome_benchmark/grafo10383.99,136,10,spectral,1.0,1.0,0.078125,0.078125,0.078125,1.0,99,136,1.0
progressive/rome_benchmark/grafo5931.46,7,1,degree,0.42857142857142855,-1.0,0.095,0.75,0.1875,0.1,46,63,0.17391304347826086
progressive/rome_benchmark/grafo5931.46,7,1,closeness,0.34545454545454546,-0.5,0.095,0,0,0.0,46,63,0.2391304347826087
progressive/rome_benchmark/grafo5931.46,7,1,betweeness,0.4222222222222222,-1.0,0.095,3.0,0.1875,0.1,46,63,0.21739130434782608
progressive/rome_benchmark/grafo5931.46,7,1,rmc,0.3333333333333333,0.0,0.095,3.0,3.0,0.0,46,63,0.1956521739130435
progressive/rome_benchmark/grafo5931.46,7,1,random,0.3333333333333333,0.0,0.095,4.0,0.25,0.03333333333333333,46,63,0.1956521739130435
progressive/rome_benchmark/grafo5931.46,7,1,spectral,0.42857142857142855,0.0,0.095,4.0,1.0,0.0,46,63,0.17391304347826086
progressive/rome_benchmark/grafo5931.46,13,2,degree,0.5047619047619049,-1.0,0.095,1.375,0.275,0.1,46,63,0.32608695652173914
progressive/rome_benchmark/grafo5931.46,13,2,closeness,0.6333333333333333,-1.0,0.095,0.375,0.08928571428571429,0.13999999999999999,46,63,0.34782608695652173
progressive/rome_benchmark/grafo5931.46,13,2,betweeness,0.49999999999999994,-1.0,0.095,3.0,0.2638888888888889,0.1,46,63,0.3695652173913043
progressive/rome_benchmark/grafo5931.46,13,2,rmc,0.5384615384615384,0.0,0.095,3.0,3.0,0.0,46,63,0.30434782608695654
progressive/rome_benchmark/grafo5931.46,13,2,random,0.3523809523809524,0.0,0.095,3.3333333333333335,0.23492063492063495,0.04,46,63,0.32608695652173914
progressive/rome_benchmark/grafo5931.46,13,2,spectral,0.2527472527472528,0.0,0.095,2.5,0.26,0.04,46,63,0.30434782608695654
progressive/rome_benchmark/grafo5931.46,19,3,degree,0.49707602339181284,0.3333333333333333,0.095,1.5,0.3,0.15,46,63,0.41304347826086957
progressive/rome_benchmark/grafo5931.46,19,3,closeness,0.525691699604743,-1.0,0.095,0.5833333333333334,0.20238095238095238,0.13999999999999999,46,63,0.5
progressive/rome_benchmark/grafo5931.46,19,3,betweeness,0.6190476190476191,-1.0,0.095,0.75,0.1875,0.1,46,63,0.4782608695652174
progressive/rome_benchmark/grafo5931.46,19,3,rmc,0.5087719298245613,-0.5,0.095,0,0,0.0,46,63,0.41304347826086957
progressive/rome_benchmark/grafo5931.46,19,3,random,0.5686274509803922,-0.2713178294573642,0.095,0.875,0.25,0.5333333333333333,46,63,0.391304347826087
progressive/rome_benchmark/grafo5931.46,19,3,spectral,0.23976608187134502,0.0,0.095,3.0,0.375,0.03333333333333333,46,63,0.41304347826086957
progressive/rome_benchmark/grafo5931.46,26,4,degree,0.49287749287749294,0.3333333333333333,0.095,0.4166666666666667,0.16666666666666669,0.35,46,63,0.5869565217391305
progressive/rome_benchmark/grafo5931.46,26,4,closeness,0.6505747126436782,1.0,0.095,0.75,0.12,0.1,46,63,0.6521739130434783
progressive/rome_benchmark/grafo5931.46,26,4,betweeness,0.6505747126436782,1.0,0.095,0.75,0.12,0.1,46,63,0.6521739130434783
progressive/rome_benchmark/grafo5931.46,26,4,rmc,0.5869565217391304,1.0,0.095,1.21875,0.10694444444444445,0.27999999999999997,46,63,0.5217391304347826
progressive/rome_benchmark/grafo5931.46,26,4,random,0.5840455840455842,1.0,0.095,1.75,0.3777777777777778,0.1,46,63,0.5869565217391305
progressive/rome_benchmark/grafo5931.46,26,4,spectral,0.47035573122529645,0.0,0.095,2.5,0.26,0.04,46,63,0.5
progressive/rome_benchmark/grafo5931.46,32,5,degree,0.42364532019704426,0.7083333333333334,0.095,0.375,0.1875,0.5333333333333333,46,63,0.6304347826086957
progressive/rome_benchmark/grafo5931.46,32,5,closeness,0.5606060606060606,1.0,0.095,0.5,0.17500000000000002,0.1,46,63,0.717391304347826
progressive/rome_benchmark/grafo5931.46,32,5,betweeness,0.5606060606060606,1.0,0.095,0.5,0.17500000000000002,0.1,46,63,0.717391304347826
progressive/rome_benchmark/grafo5931.46,32,5,rmc,0.6296296296296297,1.0,0.095,1.2916666666666667,0.28444444444444444,0.30333333333333334,46,63,0.5869565217391305
progressive/rome_benchmark/grafo5931.46,32,5,random,0.4850574712643679,1.0,0.095,0.5,0.5,0.2,46,63,0.6521739130434783
progressive/rome_benchmark/grafo5931.46,32,5,spectral,0.7094017094017095,1.0,0.095,0.4,0.17447916666666666,0.32,46,63,0.5869565217391305
progressive/rome_benchmark/grafo5931.46,38,6,degree,0.5956989247311828,0.875,0.095,0.6944444444444445,0.3777777777777777,0.5333333333333333,46,63,0.6739130434782609
progressive/rome_benchmark/grafo5931.46,38,6,closeness,0.6149732620320856,1.0,0.095,0.1525,0.07076923076923076,0.33999999999999997,46,63,0.7391304347826086
progressive/rome_benchmark/grafo5931.46,38,6,betweeness,0.6149732620320856,1.0,0.095,0.1525,0.07076923076923076,0.33999999999999997,46,63,0.7391304347826086
progressive/rome_benchmark/grafo5931.46,38,6,rmc,0.6612903225806452,0.9227519613759807,0.095,0.18611111111111112,0.10407407407407408,0.42000000000000004,46,63,0.6956521739130435
progressive/rome_benchmark/grafo5931.46,38,6,random,0.7219251336898397,0.42857142857142855,0.095,0.2638888888888889,0.13271604938271606,0.42333333333333334,46,63,0.7391304347826086
progressive/rome_benchmark/grafo5931.46,38,6,spectral,0.6919540229885057,1.0,0.095,0.25,0.25,0.35,46,63,0.6521739130434783
progressive/rome_benchmark/grafo5931.46,45,7,degree,0.75,1.0,0.095,0.4375,0.3416666666666667,0.5333333333333333,46,63,0.717391304347826
progressive/rome_benchmark/grafo5931.46,45,7,closeness,0.709815078236131,1.0,0.095,0.17222222222222225,0.07,0.33999999999999997,46,63,0.8260869565217391
progressive/rome_benchmark/grafo5931.46,45,7,betweeness,0.709815078236131,1.0,0.095,0.17222222222222225,0.07,0.33999999999999997,46,63,0.8260869565217391
progressive/rome_benchmark/grafo5931.46,45,7,rmc,0.7714285714285715,0.9362549800796812,0.095,0.21714285714285714,0.11699999999999999,0.4,46,63,0.782608695652174
progressive/rome_benchmark/grafo5931.46,45,7,random,0.6699857752489332,0.488,0.095,0.27999999999999997,0.11666666666666667,0.5,46,63,0.8260869565217391
progressive/rome_benchmark/grafo5931.46,45,7,spectral,0.7983193277310924,1.0,0.095,0.171875,0.171875,0.55,46,63,0.7608695652173914
progressive/rome_benchmark/grafo5931.46,51,8,degree,0.7951635846372689,1.0,0.095,0.1625,0.1388888888888889,0.5333333333333333,46,63,0.8260869565217391
progressive/rome_benchmark/grafo5931.46,51,8,closeness,0.7999999999999999,0.880619287446372,0.095,0.13854166666666667,0.1,0.65,46,63,0.8913043478260869
progressive/rome_benchmark/grafo5931.46,51,8,betweeness,0.7999999999999999,0.880619287446372,0.095,0.13854166666666667,0.1,0.65,46,63,0.8913043478260869
progressive/rome_benchmark/grafo5931.46,51,8,rmc,0.7975708502024292,0.5573997233748272,0.095,0.24537037037037035,0.16666666666666666,0.75,46,63,0.8478260869565217
progressive/rome_benchmark/grafo5931.46,51,8,random,0.7463414634146341,0.6862745098039216,0.095,0.25,0.15104166666666666,0.7,46,63,0.8913043478260869
progressive/rome_benchmark/grafo5931.46,51,8,spectral,0.7786774628879892,1.0,0.095,0.16354166666666667,0.14351851851851852,1.0,46,63,0.8478260869565217
progressive/rome_benchmark/grafo5931.46,57,9,degree,0.900116144018583,1.0,0.095,0.15714285714285717,0.125,0.54,46,63,0.9130434782608695
progressive/rome_benchmark/grafo5931.46,57,9,closeness,0.8477801268498942,1.0,0.095,0.14583333333333331,0.14583333333333331,0.5900000000000001,46,63,0.9565217391304348
progressive/rome_benchmark/grafo5931.46,57,9,betweeness,0.8477801268498942,1.0,0.095,0.14583333333333331,0.14583333333333331,0.5900000000000001,46,63,0.9565217391304348
progressive/rome_benchmark/grafo5931.46,57,9,rmc,0.8792102206736353,0.6579064587973273,0.095,0.11666666666666667,0.095,1.0,46,63,0.9130434782608695
progressive/rome_benchmark/grafo5931.46,57,9,random,0.8224101479915433,1.0,0.095,0.2357142857142857,0.18125,0.7,46,63,0.9565217391304348
progressive/rome_benchmark/grafo5931.46,57,9,spectral,0.9341463414634146,1.0,0.095,0.10648148148148148,0.10648148148148148,1.0,46,63,0.8913043478260869
progressive/rome_benchmark/grafo5931.46,63,10,degree,1.0,1.0,0.095,0.095,0.095,1.0,46,63,1.0
progressive/rome_benchmark/grafo5931.46,63,10,closeness,1.0,1.0,0.095,0.095,0.095,1.0,46,63,1.0
progressive/rome_benchmark/grafo5931.46,63,10,betweeness,1.0,1.0,0.095,0.095,0.095,1.0,46,63,1.0
progressive/rome_benchmark/grafo5931.46,63,10,rmc,1.0,1.0,0.095,0.095,0.095,1.0,46,63,1.0
progressive/rome_benchmark/grafo5931.46,63,10,random,1.0,1.0,0.095,0.095,0.095,1.0,46,63,1.0
progressive/rome_benchmark/grafo5931.46,63,10,spectral,1.0,1.0,0.095,0.095,0.095,1.0,46,63,1.0
progressive/rome_benchmark/grafo1063.14,2,1,degree,0.33333333333333337,-0.5,3.6666666666666665,0,0,0.0,14,15,0.21428571428571427
progressive/rome_benchmark/grafo1063.14,2,1,closeness,0.3333333333333334,-0.5,3.6666666666666665,0,0,0.0,14,15,0.2857142857142857
progressive/rome_benchmark/grafo1063.14,2,1,betweeness,0.33333333333333337,-0.5,3.6666666666666665,0,0,0.0,14,15,0.21428571428571427
progressive/rome_benchmark/grafo1063.14,2,1,rmc,1.0,-0.5,3.6666666666666665,0,0,0.0,14,15,0.21428571428571427
progressive/rome_benchmark/grafo1063.14,2,1,random,-0.33333333333333337,-0.5,3.6666666666666665,0,0,0.0,14,15,0.21428571428571427
progressive/rome_benchmark/grafo1063.14,2,1,spectral,1.0,-0.5,3.6666666666666665,0,0,0.0,14,15,0.21428571428571427
progressive/rome_benchmark/grafo1063.14,3,2,degree,0.6666666666666669,0.33333333333333337,3.6666666666666665,3.0,0.75,0.19999999999999998,14,15,0.2857142857142857
progressive/rome_benchmark/grafo1063.14,3,2,closeness,0.7999999999999999,-0.5,3.6666666666666665,0,0,0.0,14,15,0.35714285714285715
progressive/rome_benchmark/grafo1063.14,3,2,betweeness,0.6666666666666669,0.33333333333333337,3.6666666666666665,3.0,0.75,0.19999999999999998,14,15,0.2857142857142857
progressive/rome_benchmark/grafo1063.14,3,2,rmc,0.6666666666666669,0.3333333333333334,3.6666666666666665,3.0,0.75,0.3333333333333333,14,15,0.2857142857142857
progressive/rome_benchmark/grafo1063.14,3,2,random,0.0,-0.5,3.6666666666666665,0,0,0.0,14,15,0.35714285714285715
progressive/rome_benchmark/grafo1063.14,3,2,spectral,0.6666666666666669,0.3333333333333334,3.6666666666666665,3.0,0.75,0.3333333333333333,14,15,0.2857142857142857
progressive/rome_benchmark/grafo1063.14,5,3,degree,0.6,0.33333333333333337,3.6666666666666665,4.0,4.0,0.26666666666666666,14,15,0.42857142857142855
progressive/rome_benchmark/grafo1063.14,5,3,closeness,0.6190476190476191,-0.5,3.6666666666666665,0,0,0.0,14,15,0.5
progressive/rome_benchmark/grafo1063.14,5,3,betweeness,0.6,0.33333333333333337,3.6666666666666665,4.0,4.0,0.26666666666666666,14,15,0.42857142857142855
progressive/rome_benchmark/grafo1063.14,5,3,rmc,0.6190476190476191,0.3333333333333334,3.6666666666666665,3.0,3.0,0.3333333333333333,14,15,0.5
progressive/rome_benchmark/grafo1063.14,5,3,random,0.6,0.33333333333333337,3.6666666666666665,4.0,4.0,0.26666666666666666,14,15,0.42857142857142855
progressive/rome_benchmark/grafo1063.14,5,3,spectral,0.6190476190476191,0.3333333333333334,3.6666666666666665,3.0,3.0,0.3333333333333333,14,15,0.5
progressive/rome_benchmark/grafo1063.14,6,4,degree,0.42857142857142855,0.33333333333333337,3.6666666666666665,4.0,4.0,0.26666666666666666,14,15,0.5714285714285714
progressive/rome_benchmark/grafo1063.14,6,4,closeness,0.6190476190476191,1.0,3.6666666666666665,3.0,3.0,0.19999999999999998,14,15,0.5
progressive/rome_benchmark/grafo1063.14,6,4,betweeness,0.42857142857142855,0.33333333333333337,3.6666666666666665,4.0,4.0,0.26666666666666666,14,15,0.5714285714285714
progressive/rome_benchmark/grafo1063.14,6,4,rmc,0.7142857142857143,1.0,3.6666666666666665,3.0,3.0,0.3333333333333333,14,15,0.5
progressive/rome_benchmark/grafo1063.14,6,4,random,0.7142857142857142,0.3333333333333334,3.6666666666666665,3.0,3.0,0.3333333333333333,14,15,0.5714285714285714
progressive/rome_benchmark/grafo1063.14,6,4,spectral,0.7142857142857143,1.0,3.6666666666666665,3.0,3.0,0.3333333333333333,14,15,0.5
progressive/rome_benchmark/grafo1063.14,8,5,degree,0.5555555555555555,0.6666666666666667,3.6666666666666665,4.0,4.0,0.26666666666666666,14,15,0.7142857142857143
progressive/rome_benchmark/grafo1063.14,8,5,closeness,0.6666666666666666,1.0,3.6666666666666665,4.0,4.0,0.26666666666666666,14,15,0.6428571428571429
progressive/rome_benchmark/grafo1063.14,8,5,betweeness,0.6666666666666666,1.0,3.6666666666666665,4.0,4.0,0.26666666666666666,14,15,0.6428571428571429
progressive/rome_benchmark/grafo1063.14,8,5,rmc,0.4222222222222222,1.0,3.6666666666666665,3.0,3.0,0.3333333333333333,14,15,0.7142857142857143
progressive/rome_benchmark/grafo1063.14,8,5,random,0.3888888888888889,0.33333333333333337,3.6666666666666665,4.0,4.0,0.26666666666666666,14,15,0.6428571428571429
progressive/rome_benchmark/grafo1063.14,8,5,spectral,0.4222222222222222,1.0,3.6666666666666665,3.0,3.0,0.3333333333333333,14,15,0.7142857142857143
progressive/rome_benchmark/grafo1063.14,9,6,degree,0.6727272727272727,0.6666666666666667,3.6666666666666665,4.0,4.0,0.26666666666666666,14,15,0.7857142857142857
progressive/rome_benchmark/grafo1063.14,9,6,closeness,0.7333333333333333,1.0,3.6666666666666665,4.0,4.0,0.26666666666666666,14,15,0.7142857142857143
progressive/rome_benchmark/grafo1063.14,9,6,betweeness,0.7333333333333333,1.0,3.6666666666666665,4.0,4.0,0.26666666666666666,14,15,0.7142857142857143
progressive/rome_benchmark/grafo1063.14,9,6,rmc,0.7777777777777777,1.0,3.6666666666666665,3.0,3.0,0.3333333333333333,14,15,0.7142857142857143
progressive/rome_benchmark/grafo1063.14,9,6,random,0.7333333333333333,1.0,3.6666666666666665,3.0,3.0,0.5333333333333333,14,15,0.7142857142857143
progressive/rome_benchmark/grafo1063.14,9,6,spectral,0.7777777777777777,1.0,3.6666666666666665,3.0,3.0,0.3333333333333333,14,15,0.7142857142857143
progressive/rome_benchmark/grafo1063.14,11,7,degree,0.6666666666666666,0.9037433155080213,3.6666666666666665,3.5,3.5,0.6,14,15,0.8571428571428571
progressive/rome_benchmark/grafo1063.14,11,7,closeness,0.7090909090909091,1.0,3.6666666666666665,4.0,4.0,0.6666666666666666,14,15,0.7857142857142857
progressive/rome_benchmark/grafo1063.14,11,7,betweeness,0.7090909090909091,1.0,3.6666666666666665,4.0,4.0,0.6666666666666666,14,15,0.7857142857142857
progressive/rome_benchmark/grafo1063.14,11,7,rmc,0.8181818181818182,0.429590017825312,3.6666666666666665,3.5,3.5,0.6,14,15,0.7857142857142857
progressive/rome_benchmark/grafo1063.14,11,7,random,0.8181818181818182,0.429590017825312,3.6666666666666665,3.5,3.5,0.6,14,15,0.7857142857142857
progressive/rome_benchmark/grafo1063.14,11,7,spectral,0.8181818181818182,0.429590017825312,3.6666666666666665,3.5,3.5,0.6,14,15,0.7857142857142857
progressive/rome_benchmark/grafo1063.14,12,8,degree,0.7179487179487178,0.9037433155080213,3.6666666666666665,3.5,3.5,0.6,14,15,0.9285714285714286
progressive/rome_benchmark/grafo1063.14,12,8,closeness,0.6969696969696969,1.0,3.6666666666666665,4.0,4.0,0.6666666666666666,14,15,0.8571428571428571
progressive/rome_benchmark/grafo1063.14,12,8,betweeness,0.6969696969696969,1.0,3.6666666666666665,4.0,4.0,0.6666666666666666,14,15,0.8571428571428571
progressive/rome_benchmark/grafo1063.14,12,8,rmc,0.46153846153846145,0.429590017825312,3.6666666666666665,3.5,3.5,0.6,14,15,0.9285714285714286
progressive/rome_benchmark/grafo1063.14,12,8,random,0.6410256410256409,0.429590017825312,3.6666666666666665,3.5,3.5,0.6,14,15,0.9285714285714286
progressive/rome_benchmark/grafo1063.14,12,8,spectral,0.46153846153846145,0.429590017825312,3.6666666666666665,3.5,3.5,0.6,14,15,0.9285714285714286
progressive/rome_benchmark/grafo1063.14,14,9,degree,0.8241758241758242,0.9617563739376771,3.6666666666666665,3.6666666666666665,3.6666666666666665,1.0,14,15,1.0
progressive/rome_benchmark/grafo1063.14,14,9,closeness,0.8241758241758242,0.9617563739376771,3.6666666666666665,3.6666666666666665,3.6666666666666665,1.0,14,15,1.0
progressive/rome_benchmark/grafo1063.14,14,9,betweeness,0.8241758241758242,0.9617563739376771,3.6666666666666665,3.6666666666666665,3.6666666666666665,1.0,14,15,1.0
progressive/rome_benchmark/grafo1063.14,14,9,rmc,0.7802197802197802,0.6243425995492111,3.6666666666666665,4.0,4.0,0.6666666666666666,14,15,1.0
progressive/rome_benchmark/grafo1063.14,14,9,random,0.8717948717948716,1.0,3.6666666666666665,4.0,4.0,0.6666666666666666,14,15,0.9285714285714286
progressive/rome_benchmark/grafo1063.14,14,9,spectral,0.7802197802197802,0.6243425995492111,3.6666666666666665,4.0,4.0,0.6666666666666666,14,15,1.0
progressive/rome_benchmark/grafo1063.14,15,10,degree,1.0,1.0,3.6666666666666665,3.6666666666666665,3.6666666666666665,1.0,14,15,1.0
progressive/rome_benchmark/grafo1063.14,15,10,closeness,1.0,1.0,3.6666666666666665,3.6666666666666665,3.6666666666666665,1.0,14,15,1.0
progressive/rome_benchmark/grafo1063.14,15,10,betweeness,1.0,1.0,3.6666666666666665,3.6666666666666665,3.6666666666666665,1.0,14,15,1.0
progressive/rome_benchmark/grafo1063.14,15,10,rmc,1.0,1.0,3.6666666666666665,3.6666666666666665,3.6666666666666665,1.0,14,15,1.0
progressive/rome_benchmark/grafo1063.14,15,10,random,1.0,1.0,3.6666666666666665,3.6666666666666665,3.6666666666666665,1.0,14,15,1.0
progressive/rome_benchmark/grafo1063.14,15,10,spectral,1.0,1.0,3.6666666666666665,3.6666666666666665,3.6666666666666665,1.0,14,15,1.0
progressive/rome_benchmark/grafo6258.41,6,1,degree,0.4285714285714286,0.19999999999999998,0.25,6.0,1.5,0.14285714285714285,41,57,0.17073170731707318
progressive/rome_benchmark/grafo6258.41,6,1,closeness,0.6,-0.5,0.25,0,0,0.0,41,57,0.24390243902439024
progressive/rome_benchmark/grafo6258.41,6,1,betweeness,0.23809523809523814,0.0,0.25,3.0,0.75,0.0,41,57,0.17073170731707318
progressive/rome_benchmark/grafo6258.41,6,1,rmc,0.4666666666666666,1.0,0.25,3.0,0.75,0.08333333333333333,41,57,0.14634146341463414
progressive/rome_benchmark/grafo6258.41,6,1,random,0.4444444444444444,1.0,0.25,3.0,0.75,0.08333333333333333,41,57,0.21951219512195122
progressive/rome_benchmark/grafo6258.41,6,1,spectral,0.23809523809523814,-0.5,0.25,0,0,0.0,41,57,0.17073170731707318
progressive/rome_benchmark/grafo6258.41,12,2,degree,0.07692307692307691,0.19999999999999998,0.25,6.0,0.6666666666666666,0.14285714285714285,41,57,0.3170731707317073
progressive/rome_benchmark/grafo6258.41,12,2,closeness,0.6952380952380953,1.0,0.25,4.0,1.0,0.06666666666666667,41,57,0.36585365853658536
progressive/rome_benchmark/grafo6258.41,12,2,betweeness,0.4871794871794871,-0.3333333333333332,0.25,5.0,1.25,0.09999999999999999,41,57,0.3170731707317073
progressive/rome_benchmark/grafo6258.41,12,2,rmc,0.6727272727272727,1.0,0.25,0.5,0.3125,0.16666666666666666,41,57,0.2682926829268293
progressive/rome_benchmark/grafo6258.41,12,2,random,0.4725274725274726,1.0,0.25,0.75,0.3333333333333333,0.08333333333333333,41,57,0.34146341463414637
progressive/rome_benchmark/grafo6258.41,12,2,spectral,0.5272727272727272,1.0,0.25,1.125,1.125,0.11666666666666665,41,57,0.2682926829268293
progressive/rome_benchmark/grafo6258.41,18,3,degree,0.391812865497076,0.19999999999999998,0.25,4.5,0.4375,0.14285714285714285,41,57,0.4634146341463415
progressive/rome_benchmark/grafo6258.41,18,3,closeness,0.7142857142857143,1.0,0.25,4.0,0.6666666666666666,0.09999999999999999,41,57,0.5121951219512195
progressive/rome_benchmark/grafo6258.41,18,3,betweeness,0.6725146198830408,-0.3333333333333332,0.25,4.0,0.6666666666666666,0.13333333333333333,41,57,0.4634146341463415
progressive/rome_benchmark/grafo6258.41,18,3,rmc,0.7058823529411764,1.0,0.25,0.3125,0.3125,0.25,41,57,0.4146341463414634
progressive/rome_benchmark/grafo6258.41,18,3,random,0.6623376623376623,1.0,0.25,0.75,0.3333333333333333,0.16666666666666666,41,57,0.5365853658536586
progressive/rome_benchmark/grafo6258.41,18,3,spectral,0.6761904761904762,1.0,0.25,0.4583333333333333,0.4583333333333333,0.25,41,57,0.36585365853658536
progressive/rome_benchmark/grafo6258.41,23,4,degree,0.463768115942029,-0.03777061262091197,0.25,2.125,0.9166666666666666,0.2023809523809524,41,57,0.5853658536585366
progressive/rome_benchmark/grafo6258.41,23,4,closeness,0.6521739130434783,0.4,0.25,5.0,0.8333333333333334,0.19999999999999998,41,57,0.5853658536585366
progressive/rome_benchmark/grafo6258.41,23,4,betweeness,0.7028985507246377,-0.313868613138686,0.25,3.6666666666666665,0.7777777777777778,0.21666666666666667,41,57,0.5853658536585366
progressive/rome_benchmark/grafo6258.41,23,4,rmc,0.6796536796536796,1.0,0.25,1.75,1.75,0.2333333333333333,41,57,0.5365853658536586
progressive/rome_benchmark/grafo6258.41,23,4,random,0.6047430830039525,0.3551688843398158,0.25,1.6875,0.375,0.43452380952380953,41,57,0.5609756097560976
progressive/rome_benchmark/grafo6258.41,23,4,spectral,0.5894736842105264,1.0,0.25,0.3125,0.3125,0.3333333333333333,41,57,0.4878048780487805
progressive/rome_benchmark/grafo6258.41,29,5,degree,0.5908045977011495,-0.030178326474622718,0.25,1.9166666666666667,0.9444444444444445,0.28571428571428575,41,57,0.7317073170731707
progressive/rome_benchmark/grafo6258.41,29,5,closeness,0.6410256410256411,0.3402061855670104,0.25,2.3333333333333335,0.8333333333333334,0.24166666666666667,41,57,0.6585365853658537
progressive/rome_benchmark/grafo6258.41,29,5,betweeness,0.6206896551724137,-0.5371179039301311,0.25,5.0,0.5208333333333334,0.21904761904761905,41,57,0.7073170731707317
progressive/rome_benchmark/grafo6258.41,29,5,rmc,0.5396825396825397,1.0,0.25,1.5,1.5,0.25,41,57,0.6829268292682927
progressive/rome_benchmark/grafo6258.41,29,5,random,0.46305418719211816,-0.07430997876857744,0.25,3.6,0.14415584415584418,0.40185185185185185,41,57,0.7073170731707317
progressive/rome_benchmark/grafo6258.41,29,5,spectral,0.7199999999999999,0.47034482758620694,0.25,0.8333333333333334,0.4375,0.5595238095238095,41,57,0.6097560975609756
progressive/rome_benchmark/grafo6258.41,35,6,degree,0.7032258064516129,0.16034985422740522,0.25,1.0333333333333334,0.19583333333333333,0.43452380952380953,41,57,0.7560975609756098
progressive/rome_benchmark/grafo6258.41,35,6,closeness,0.7056451612903227,0.3664760228772548,0.25,3.1666666666666665,0.4166666666666667,0.35000000000000003,41,57,0.7804878048780488
progressive/rome_benchmark/grafo6258.41,35,6,betweeness,0.6903225806451614,0.09090909090909098,0.25,1.0555555555555556,0.5833333333333334,0.24285714285714285,41,57,0.7560975609756098
progressive/rome_benchmark/grafo6258.41,35,6,rmc,0.7677419354838712,1.0,0.25,0.625,0.375,0.5297619047619048,41,57,0.7560975609756098
progressive/rome_benchmark/grafo6258.41,35,6,random,0.7339901477832511,0.3631840796019901,0.25,1.1666666666666667,0.5555555555555556,0.2916666666666667,41,57,0.7073170731707317
progressive/rome_benchmark/grafo6258.41,35,6,spectral,0.6600985221674877,0.43048877512193434,0.25,0.7916666666666666,0.26851851851851855,0.5,41,57,0.7073170731707317
progressive/rome_benchmark/grafo6258.41,40,7,degree,0.6470588235294117,0.1597374179431072,0.25,1.5,0.25,0.4761904761904762,41,57,0.8536585365853658
progressive/rome_benchmark/grafo6258.41,40,7,closeness,0.6684491978609627,1.0,0.25,0.5,0.5,0.3547619047619048,41,57,0.8292682926829268
progressive/rome_benchmark/grafo6258.41,40,7,betweeness,0.7290552584670232,0.16901408450704233,0.25,0.75,0.35,0.4761904761904762,41,57,0.8292682926829268
progressive/rome_benchmark/grafo6258.41,40,7,rmc,0.6541889483065955,0.5255386105059309,0.25,0.8333333333333334,0.31333333333333335,0.5833333333333334,41,57,0.8292682926829268
progressive/rome_benchmark/grafo6258.41,40,7,random,0.6730158730158731,0.42192948469585434,0.25,6.0,0.6041666666666667,0.26666666666666666,41,57,0.8780487804878049
progressive/rome_benchmark/grafo6258.41,40,7,spectral,0.7005347593582889,0.43048877512193434,0.25,0.7916666666666666,0.26851851851851855,0.5,41,57,0.8292682926829268
progressive/rome_benchmark/grafo6258.41,46,8,degree,0.7269841269841271,0.2193877551020409,0.25,1.0999999999999999,0.5,0.5761904761904763,41,57,0.8780487804878049
progressive/rome_benchmark/grafo6258.41,46,8,closeness,0.7949579831932774,0.3486689066942363,0.25,0.6,0.6,0.4261904761904762,41,57,0.8536585365853658
progressive/rome_benchmark/grafo6258.41,46,8,betweeness,0.7949579831932774,0.3486689066942363,0.25,0.6,0.6,0.4261904761904762,41,57,0.8536585365853658
progressive/rome_benchmark/grafo6258.41,46,8,rmc,0.7411095305832148,0.6203258500812896,0.25,0.6875,0.2638888888888889,0.5,41,57,0.926829268292683
progressive/rome_benchmark/grafo6258.41,46,8,random,0.7597597597597597,0.6202207536071416,0.25,1.4375,0.6666666666666666,0.45,41,57,0.9024390243902439
progressive/rome_benchmark/grafo6258.41,46,8,spectral,0.7069701280227597,0.4224945239833656,0.25,0.96875,0.27976190476190477,0.5833333333333334,41,57,0.926829268292683
progressive/rome_benchmark/grafo6258.41,52,9,degree,0.8498498498498499,0.4637849474548905,0.25,0.28775510204081634,0.21607142857142855,0.875,41,57,0.9024390243902439
progressive/rome_benchmark/grafo6258.41,52,9,closeness,0.8191632928475034,0.8403908794788274,0.25,0.45,0.45,0.6666666666666666,41,57,0.9512195121951219
progressive/rome_benchmark/grafo6258.41,52,9,betweeness,0.8191632928475034,0.8403908794788274,0.25,0.45,0.45,0.6666666666666666,41,57,0.9512195121951219
progressive/rome_benchmark/grafo6258.41,52,9,rmc,0.8974358974358975,0.8124658283214872,0.25,0.25,0.25,0.6666666666666666,41,57,0.9512195121951219
progressive/rome_benchmark/grafo6258.41,52,9,random,0.7923186344238977,0.5835423983943804,0.25,0.3666666666666667,0.2714285714285714,0.75,41,57,0.926829268292683
progressive/rome_benchmark/grafo6258.41,52,9,spectral,0.8137651821862348,0.6017185322805387,0.25,0.2857142857142857,0.2857142857142857,0.8333333333333334,41,57,0.9512195121951219
progressive/rome_benchmark/grafo6258.41,57,10,degree,1.0,1.0,0.25,0.25,0.25,1.0,41,57,1.0
progressive/rome_benchmark/grafo6258.41,57,10,closeness,1.0,1.0,0.25,0.25,0.25,1.0,41,57,1.0
progressive/rome_benchmark/grafo6258.41,57,10,betweeness,1.0,1.0,0.25,0.25,0.25,1.0,41,57,1.0
progressive/rome_benchmark/grafo6258.41,57,10,rmc,1.0,1.0,0.25,0.25,0.25,1.0,41,57,1.0
progressive/rome_benchmark/grafo6258.41,57,10,random,1.0,1.0,0.25,0.25,0.25,1.0,41,57,1.0
progressive/rome_benchmark/grafo6258.41,57,10,spectral,1.0,1.0,0.25,0.25,0.25,1.0,41,57,1.0
progressive/rome_benchmark/grafo6348.43,6,1,degree,0.6190476190476191,0.4666666666666667,0.5,6.0,1.5,0.3333333333333333,43,56,0.16279069767441862
progressive/rome_benchmark/grafo6348.43,6,1,closeness,0.7142857142857143,0.0,0.5,4.0,0.4444444444444444,0.0,43,56,0.16279069767441862
progressive/rome_benchmark/grafo6348.43,6,1,betweeness,0.8095238095238096,0.0,0.5,4.0,0.4444444444444444,0.0,43,56,0.16279069767441862
progressive/rome_benchmark/grafo6348.43,6,1,rmc,0.5714285714285714,0.0,0.5,3.0,0.75,0.0,43,56,0.18604651162790697
progressive/rome_benchmark/grafo6348.43,6,1,random,0.14285714285714288,-0.5,0.5,0,0,0.0,43,56,0.16279069767441862
progressive/rome_benchmark/grafo6348.43,6,1,spectral,0.3571428571428571,0.0,0.5,3.0,3.0,0.0,43,56,0.18604651162790697
progressive/rome_benchmark/grafo6348.43,12,2,degree,0.4358974358974358,0.6,0.5,4.5,0.75,0.3333333333333333,43,56,0.3023255813953488
progressive/rome_benchmark/grafo6348.43,12,2,closeness,0.6153846153846153,0.0,0.5,3.0,0.6666666666666666,0.0,43,56,0.3023255813953488
progressive/rome_benchmark/grafo6348.43,12,2,betweeness,0.5384615384615384,0.0,0.5,3.0,0.6666666666666666,0.0,43,56,0.32558139534883723
progressive/rome_benchmark/grafo6348.43,12,2,rmc,0.6043956043956044,0.0,0.5,3.5,1.375,0.0,43,56,0.32558139534883723
progressive/rome_benchmark/grafo6348.43,12,2,random,0.5164835164835165,0.3333333333333334,0.5,3.0,0.14583333333333334,0.16666666666666666,43,56,0.32558139534883723
progressive/rome_benchmark/grafo6348.43,12,2,spectral,0.6969696969696969,0.0,0.5,1.25,0.4583333333333333,0.0,43,56,0.27906976744186046
progressive/rome_benchmark/grafo6348.43,17,3,degree,0.07189542483660132,0.7333333333333333,0.5,4.5,0.5,0.3333333333333333,43,56,0.4186046511627907
progressive/rome_benchmark/grafo6348.43,17,3,closeness,0.5147058823529411,0.0,0.5,3.0,0.6666666666666666,0.0,43,56,0.3953488372093023
progressive/rome_benchmark/grafo6348.43,17,3,betweeness,0.48538011695906425,0.4666666666666667,0.5,4.0,0.5833333333333334,0.3333333333333333,43,56,0.4418604651162791
progressive/rome_benchmark/grafo6348.43,17,3,rmc,0.6526315789473685,0.0,0.5,3.0,0.4583333333333333,0.0,43,56,0.46511627906976744
progressive/rome_benchmark/grafo6348.43,17,3,random,0.5163398692810458,0.0,0.5,3.0,0.4,0.0,43,56,0.4186046511627907
progressive/rome_benchmark/grafo6348.43,17,3,spectral,0.6176470588235293,0.0,0.5,4.0,4.0,0.0,43,56,0.3953488372093023
progressive/rome_benchmark/grafo6348.43,23,4,degree,0.31884057971014496,0.7333333333333333,0.5,3.75,0.425,0.3333333333333333,43,56,0.5581395348837209
progressive/rome_benchmark/grafo6348.43,23,4,closeness,0.5411255411255411,-0.33333333333333326,0.5,2.5,1.0,0.3333333333333333,43,56,0.5116279069767442
progressive/rome_benchmark/grafo6348.43,23,4,betweeness,0.4466666666666666,0.6,0.5,3.75,0.425,0.3333333333333333,43,56,0.5813953488372093
progressive/rome_benchmark/grafo6348.43,23,4,rmc,0.6014492753623188,-1.0,0.5,3.0,0.4,0.3333333333333333,43,56,0.5581395348837209
progressive/rome_benchmark/grafo6348.43,23,4,random,0.5507246376811594,0.6666666666666669,0.5,5.0,1.875,0.19047619047619047,43,56,0.5581395348837209
progressive/rome_benchmark/grafo6348.43,23,4,spectral,0.6679841897233202,0.0,0.5,3.5,3.5,0.0,43,56,0.5348837209302325
progressive/rome_benchmark/grafo6348.43,28,5,degree,0.46305418719211816,1.0,0.5,1.625,1.625,0.2777777777777778,43,56,0.6744186046511628
progressive/rome_benchmark/grafo6348.43,28,5,closeness,0.6133333333333332,0.3333333333333334,0.5,3.0,1.125,0.3333333333333333,43,56,0.5813953488372093
progressive/rome_benchmark/grafo6348.43,28,5,betweeness,0.4126984126984127,1.0,0.5,0.8333333333333334,0.171875,0.2777777777777778,43,56,0.6511627906976745
progressive/rome_benchmark/grafo6348.43,28,5,rmc,0.5665024630541872,-1.0,0.5,3.0,0.33333333333333337,0.3333333333333333,43,56,0.6744186046511628
progressive/rome_benchmark/grafo6348.43,28,5,random,0.7353846153846154,-0.6666666666666666,0.5,2.25,0.34375,0.6666666666666666,43,56,0.6046511627906976
progressive/rome_benchmark/grafo6348.43,28,5,spectral,0.6182336182336183,0.0,0.5,3.3333333333333335,3.3333333333333335,0.0,43,56,0.627906976744186
progressive/rome_benchmark/grafo6348.43,34,6,degree,0.5725806451612904,0.7333333333333333,0.5,5.0,0.8333333333333334,0.3333333333333333,43,56,0.7441860465116279
progressive/rome_benchmark/grafo6348.43,34,6,closeness,0.7425287356321839,0.33333333333333337,0.5,0.6666666666666666,0.4583333333333333,0.6666666666666666,43,56,0.6976744186046512
progressive/rome_benchmark/grafo6348.43,34,6,betweeness,0.6009852216748768,0.7333333333333333,0.5,1.6875,0.3333333333333333,0.3333333333333333,43,56,0.6744186046511628
progressive/rome_benchmark/grafo6348.43,34,6,rmc,0.5322580645161291,-0.38461538461538447,0.5,2.875,0.17261904761904762,0.3333333333333333,43,56,0.7441860465116279
progressive/rome_benchmark/grafo6348.43,34,6,random,0.6731182795698926,-0.33333333333333326,0.5,2.6,0.22777777777777777,0.3333333333333333,43,56,0.7209302325581395
progressive/rome_benchmark/grafo6348.43,34,6,spectral,0.6731182795698926,0.0,0.5,3.0,3.0,0.0,43,56,0.7209302325581395
progressive/rome_benchmark/grafo6348.43,40,7,degree,0.7580645161290324,0.7308488612836439,0.5,0.9,0.31666666666666665,0.6666666666666666,43,56,0.7441860465116279
progressive/rome_benchmark/grafo6348.43,40,7,closeness,0.8185483870967744,0.5384615384615384,0.5,0.275,0.16071428571428573,0.8333333333333334,43,56,0.7441860465116279
progressive/rome_benchmark/grafo6348.43,40,7,betweeness,0.7580645161290324,0.7308488612836439,0.5,0.9,0.31666666666666665,0.6666666666666666,43,56,0.7441860465116279
progressive/rome_benchmark/grafo6348.43,40,7,rmc,0.6470588235294117,0.9316888045540797,0.5,0.7083333333333334,0.19642857142857142,0.6111111111111112,43,56,0.813953488372093
progressive/rome_benchmark/grafo6348.43,40,7,random,0.7915966386554621,0.33333333333333337,0.5,0.75,0.35,0.6666666666666666,43,56,0.813953488372093
progressive/rome_benchmark/grafo6348.43,40,7,spectral,0.6827094474153299,-1.0,0.5,1.25,0.275,0.2222222222222222,43,56,0.7906976744186046
progressive/rome_benchmark/grafo6348.43,45,8,degree,0.8901515151515151,1.0,0.5,0.42000000000000004,0.3333333333333333,1.0,43,56,0.7674418604651163
progressive/rome_benchmark/grafo6348.43,45,8,closeness,0.8453781512605042,0.7325102880658436,0.5,0.675,0.2714285714285714,1.0,43,56,0.813953488372093
progressive/rome_benchmark/grafo6348.43,45,8,betweeness,0.8285714285714286,0.7325102880658436,0.5,0.625,0.2619047619047619,1.0,43,56,0.813953488372093
progressive/rome_benchmark/grafo6348.43,45,8,rmc,0.7807807807807807,0.5555555555555556,0.5,0.2777777777777778,0.17708333333333334,0.5,43,56,0.8604651162790697
progressive/rome_benchmark/grafo6348.43,45,8,random,0.7927927927927928,-0.33333333333333326,0.5,0.5535714285714286,0.32142857142857145,0.5,43,56,0.8604651162790697
progressive/rome_benchmark/grafo6348.43,45,8,spectral,0.892436974789916,0.5384615384615384,0.5,0.26666666666666666,0.19444444444444445,0.8333333333333334,43,56,0.813953488372093
progressive/rome_benchmark/grafo6348.43,51,9,degree,0.8947368421052632,1.0,0.5,0.5,0.5,1.0,43,56,0.9069767441860465
progressive/rome_benchmark/grafo6348.43,51,9,closeness,0.8974358974358975,1.0,0.5,0.375,0.2916666666666667,1.0,43,56,0.9069767441860465
progressive/rome_benchmark/grafo6348.43,51,9,betweeness,0.8974358974358975,1.0,0.5,0.375,0.2916666666666667,1.0,43,56,0.9069767441860465
progressive/rome_benchmark/grafo6348.43,51,9,rmc,0.9190283400809717,1.0,0.5,1.0416666666666667,1.0416666666666667,0.6666666666666666,43,56,0.9069767441860465
progressive/rome_benchmark/grafo6348.43,51,9,random,0.882051282051282,1.0,0.5,0.6666666666666666,0.6666666666666666,0.5,43,56,0.9302325581395349
progressive/rome_benchmark/grafo6348.43,51,9,spectral,0.9914651493598863,1.0,0.5,0.5,0.5,1.0,43,56,0.8837209302325582
progressive/rome_benchmark/grafo6348.43,56,10,degree,0.9999999999999999,1.0,0.5,0.5,0.5,1.0,43,56,1.0
progressive/rome_benchmark/grafo6348.43,56,10,closeness,0.9999999999999999,1.0,0.5,0.5,0.5,1.0,43,56,1.0
progressive/rome_benchmark/grafo6348.43,56,10,betweeness,0.9999999999999999,1.0,0.5,0.5,0.5,1.0,43,56,1.0
progressive/rome_benchmark/grafo6348.43,56,10,rmc,0.9999999999999999,1.0,0.5,0.5,0.5,1.0,43,56,1.0
progressive/rome_benchmark/grafo6348.43,56,10,random,0.9999999999999999,1.0,0.5,0.5,0.5,1.0,43,56,1.0
progressive/rome_benchmark/grafo6348.43,56,10,spectral,0.9999999999999999,1.0,0.5,0.5,0.5,1.0,43,56,1.0
progressive/rome_benchmark/grafo11629.36,5,1,degree,0.2,-0.5,0.6,0,0,0.0,36,46,0.16666666666666666
progressive/rome_benchmark/grafo11629.36,5,1,closeness,0.3333333333333333,-0.5,0.6,0,0,0.0,36,46,0.16666666666666666
progressive/rome_benchmark/grafo11629.36,5,1,betweeness,0.2,-0.5,0.6,0,0,0.0,36,46,0.16666666666666666
progressive/rome_benchmark/grafo11629.36,5,1,rmc,0.9047619047619049,-0.5,0.6,0,0,0.0,36,46,0.19444444444444445
progressive/rome_benchmark/grafo11629.36,5,1,random,0.2,-0.5,0.6,0,0,0.0,36,46,0.16666666666666666
progressive/rome_benchmark/grafo11629.36,5,1,spectral,0.3333333333333333,-0.5,0.6,0,0,0.0,36,46,0.16666666666666666
progressive/rome_benchmark/grafo11629.36,10,2,degree,0.303030303030303,-0.5,0.6,0,0,0.0,36,46,0.3333333333333333
progressive/rome_benchmark/grafo11629.36,10,2,closeness,0.6444444444444444,-0.5,0.6,0,0,0.0,36,46,0.2777777777777778
progressive/rome_benchmark/grafo11629.36,10,2,betweeness,0.34545454545454546,-0.5,0.6,0,0,0.0,36,46,0.3055555555555556
progressive/rome_benchmark/grafo11629.36,10,2,rmc,0.5636363636363636,0.0,0.6,0.75,0.75,0.1,36,46,0.3055555555555556
progressive/rome_benchmark/grafo11629.36,10,2,random,-0.018181818181818184,0.0,0.6,3.0,0.1875,0.0,36,46,0.3055555555555556
progressive/rome_benchmark/grafo11629.36,10,2,spectral,0.34545454545454546,0.0,0.6,3.0,0.225,0.0,36,46,0.3055555555555556
progressive/rome_benchmark/grafo11629.36,14,3,degree,0.4666666666666667,-0.5,0.6,0,0,0.0,36,46,0.4166666666666667
progressive/rome_benchmark/grafo11629.36,14,3,closeness,0.4945054945054945,0.0,0.6,3.0,0.75,0.0,36,46,0.3888888888888889
progressive/rome_benchmark/grafo11629.36,14,3,betweeness,0.4945054945054945,0.0,0.6,3.0,0.75,0.0,36,46,0.3888888888888889
progressive/rome_benchmark/grafo11629.36,14,3,rmc,0.5824175824175825,0.0,0.6,0.5,0.5,0.1,36,46,0.3888888888888889
progressive/rome_benchmark/grafo11629.36,14,3,random,0.21904761904761905,0.0,0.6,1.125,0.225,0.0,36,46,0.4166666666666667
progressive/rome_benchmark/grafo11629.36,14,3,spectral,0.48571428571428577,0.0,0.6,3.0,0.75,0.0,36,46,0.4166666666666667
progressive/rome_benchmark/grafo11629.36,19,4,degree,0.4152046783625731,0.0,0.6,1.25,0.4583333333333333,0.1,36,46,0.5277777777777778
progressive/rome_benchmark/grafo11629.36,19,4,closeness,0.5087719298245613,0.0,0.6,3.0,1.125,0.0,36,46,0.5277777777777778
progressive/rome_benchmark/grafo11629.36,19,4,betweeness,0.5441176470588235,0.0,0.6,3.0,3.0,0.0,36,46,0.4722222222222222
progressive/rome_benchmark/grafo11629.36,19,4,rmc,0.4619883040935673,1.0,0.6,2.75,2.75,0.375,36,46,0.5277777777777778
progressive/rome_benchmark/grafo11629.36,19,4,random,0.6023391812865496,-1.0,0.6,1.125,0.5,0.25,36,46,0.5277777777777778
progressive/rome_benchmark/grafo11629.36,19,4,spectral,0.6000000000000001,0.0,0.6,3.0,3.0,0.0,36,46,0.5555555555555556
progressive/rome_benchmark/grafo11629.36,23,5,degree,0.4571428571428572,0.0,0.6,1.125,0.6666666666666666,0.0,36,46,0.5833333333333334
progressive/rome_benchmark/grafo11629.36,23,5,closeness,0.5411255411255411,0.0,0.6,3.0,3.0,0.0,36,46,0.6111111111111112
progressive/rome_benchmark/grafo11629.36,23,5,betweeness,0.5411255411255411,0.0,0.6,3.0,3.0,0.0,36,46,0.6111111111111112
progressive/rome_benchmark/grafo11629.36,23,5,rmc,0.7142857142857143,0.9944598337950139,0.6,1.25,1.25,0.625,36,46,0.5833333333333334
progressive/rome_benchmark/grafo11629.36,23,5,random,0.43478260869565216,0.0,0.6,2.8333333333333335,0.25555555555555554,0.0,36,46,0.6666666666666666
progressive/rome_benchmark/grafo11629.36,23,5,spectral,0.4978354978354978,0.0,0.6,1.0,0.25,0.0,36,46,0.6111111111111112
progressive/rome_benchmark/grafo11629.36,28,6,degree,0.6199999999999999,0.0,0.6,0.7083333333333334,0.2604166666666667,0.0,36,46,0.6944444444444444
progressive/rome_benchmark/grafo11629.36,28,6,closeness,0.5733333333333333,1.0,0.6,1.25,1.25,0.375,36,46,0.6944444444444444
progressive/rome_benchmark/grafo11629.36,28,6,betweeness,0.6466666666666666,0.0,0.6,0.7000000000000001,0.26666666666666666,0.1,36,46,0.6944444444444444
progressive/rome_benchmark/grafo11629.36,28,6,rmc,0.782608695652174,0.9926199261992619,0.6,1.4375,1.4375,0.575,36,46,0.6666666666666666
progressive/rome_benchmark/grafo11629.36,28,6,random,0.5441595441595443,1.0,0.6,0.46875,0.1875,0.2,36,46,0.75
progressive/rome_benchmark/grafo11629.36,28,6,spectral,0.6666666666666665,0.0,0.6,0.6,0.6,0.0,36,46,0.6944444444444444
progressive/rome_benchmark/grafo11629.36,33,7,degree,0.720797720797721,1.0,0.6,1.15,0.7333333333333334,0.475,36,46,0.75
progressive/rome_benchmark/grafo11629.36,33,7,closeness,0.7142857142857143,1.0,0.6,1.25,0.5,0.3,36,46,0.7777777777777778
progressive/rome_benchmark/grafo11629.36,33,7,betweeness,0.7142857142857143,1.0,0.6,1.25,0.5,0.3,36,46,0.7777777777777778
progressive/rome_benchmark/grafo11629.36,33,7,rmc,0.8584615384615385,1.0,0.6,1.3333333333333333,1.3333333333333333,0.675,36,46,0.7222222222222222
progressive/rome_benchmark/grafo11629.36,33,7,random,0.7192118226600984,0.0,0.6,0.4375,0.2604166666666667,0.0,36,46,0.8055555555555556
progressive/rome_benchmark/grafo11629.36,33,7,spectral,0.7460317460317459,0.0,0.6,0.305,0.19107142857142856,0.0,36,46,0.7777777777777778
progressive/rome_benchmark/grafo11629.36,37,8,degree,0.6774193548387097,1.0,0.6,1.0625,0.6666666666666666,0.8,36,46,0.8611111111111112
progressive/rome_benchmark/grafo11629.36,37,8,closeness,0.8021505376344088,1.0,0.6,1.375,0.6666666666666666,0.3,36,46,0.8611111111111112
progressive/rome_benchmark/grafo11629.36,37,8,betweeness,0.8021505376344088,1.0,0.6,1.375,0.6666666666666666,0.3,36,46,0.8611111111111112
progressive/rome_benchmark/grafo11629.36,37,8,rmc,0.7720430107526882,1.0,0.6,0.5375,0.5375,0.675,36,46,0.8611111111111112
progressive/rome_benchmark/grafo11629.36,37,8,random,0.7505376344086023,1.0,0.6,0.5,0.23611111111111113,0.2,36,46,0.8611111111111112
progressive/rome_benchmark/grafo11629.36,37,8,spectral,0.8408602150537635,0.0,0.6,0.4125,0.19166666666666665,0.1,36,46,0.8611111111111112
progressive/rome_benchmark/grafo11629.36,42,9,degree,0.7932263814616757,1.0,0.6,1.0625,0.6666666666666666,0.8,36,46,0.9444444444444444
progressive/rome_benchmark/grafo11629.36,42,9,closeness,0.9180035650623887,1.0,0.6,0.35000000000000003,0.35000000000000003,0.5,36,46,0.9444444444444444
progressive/rome_benchmark/grafo11629.36,42,9,betweeness,0.9180035650623887,1.0,0.6,0.35000000000000003,0.35000000000000003,0.5,36,46,0.9444444444444444
progressive/rome_benchmark/grafo11629.36,42,9,rmc,0.8502673796791445,1.0,0.6,0.5666666666666667,0.5666666666666667,1.0,36,46,0.9444444444444444
progressive/rome_benchmark/grafo11629.36,42,9,random,0.8966131907308379,1.0,0.6,1.375,1.375,0.675,36,46,0.9444444444444444
progressive/rome_benchmark/grafo11629.36,42,9,spectral,0.9180035650623887,1.0,0.6,0.35000000000000003,0.35000000000000003,0.5,36,46,0.9444444444444444
progressive/rome_benchmark/grafo11629.36,46,10,degree,1.0,1.0,0.6,0.6,0.6,1.0,36,46,1.0
progressive/rome_benchmark/grafo11629.36,46,10,closeness,1.0,1.0,0.6,0.6,0.6,1.0,36,46,1.0
progressive/rome_benchmark/grafo11629.36,46,10,betweeness,1.0,1.0,0.6,0.6,0.6,1.0,36,46,1.0
progressive/rome_benchmark/grafo11629.36,46,10,rmc,1.0,1.0,0.6,0.6,0.6,1.0,36,46,1.0
progressive/rome_benchmark/grafo11629.36,46,10,random,1.0,1.0,0.6,0.6,0.6,1.0,36,46,1.0
progressive/rome_benchmark/grafo11629.36,46,10,spectral,1.0,1.0,0.6,0.6,0.6,1.0,36,46,1.0
progressive/rome_benchmark/grafo10410.93,13,1,degree,0.45054945054945056,1.0,0.17361111111111108,6.0,1.5,0.08333333333333333,93,124,0.15053763440860216
progressive/rome_benchmark/grafo10410.93,13,1,closeness,0.2967032967032967,-0.5,0.17361111111111108,0,0,0.0,93,124,0.15053763440860216
progressive/rome_benchmark/grafo10410.93,13,1,betweeness,0.45054945054945056,1.0,0.17361111111111108,6.0,1.5,0.08333333333333333,93,124,0.15053763440860216
progressive/rome_benchmark/grafo10410.93,13,1,rmc,0.75,1.0,0.17361111111111108,3.0,0.6666666666666666,0.06666666666666667,93,124,0.17204301075268819
progressive/rome_benchmark/grafo10410.93,13,1,random,0.12380952380952381,1.0,0.17361111111111108,6.0,1.5,0.11904761904761905,93,124,0.16129032258064516
progressive/rome_benchmark/grafo10410.93,13,1,spectral,0.42857142857142855,0.0,0.17361111111111108,3.0,0.225,0.0,93,124,0.15053763440860216
progressive/rome_benchmark/grafo10410.93,25,2,degree,0.36752136752136755,1.0,0.17361111111111108,1.5,1.5,0.08333333333333333,93,124,0.2903225806451613
progressive/rome_benchmark/grafo10410.93,25,2,closeness,0.2991452991452992,1.0,0.17361111111111108,6.0,1.5,0.08333333333333333,93,124,0.2903225806451613
progressive/rome_benchmark/grafo10410.93,25,2,betweeness,0.3561253561253562,1.0,0.17361111111111108,1.5,1.5,0.08333333333333333,93,124,0.2903225806451613
progressive/rome_benchmark/grafo10410.93,25,2,rmc,0.572463768115942,1.0,0.17361111111111108,0.34375,0.109375,0.13333333333333333,93,124,0.25806451612903225
progressive/rome_benchmark/grafo10410.93,25,2,random,0.5343915343915343,-0.5,0.17361111111111108,0,0,0.0,93,124,0.3010752688172043
progressive/rome_benchmark/grafo10410.93,25,2,spectral,0.46461538461538465,0.0,0.17361111111111108,1.25,0.5833333333333334,0.0,93,124,0.27956989247311825
progressive/rome_benchmark/grafo10410.93,38,3,degree,0.4367201426024956,1.0,0.17361111111111108,0.8333333333333334,0.8333333333333334,0.21666666666666667,93,124,0.3655913978494624
progressive/rome_benchmark/grafo10410.93,38,3,closeness,0.5015873015873016,0.9935525467440361,0.17361111111111108,0.625,0.24107142857142858,0.18333333333333335,93,124,0.3870967741935484
progressive/rome_benchmark/grafo10410.93,38,3,betweeness,0.39393939393939403,1.0,0.17361111111111108,0.7777777777777778,0.2175925925925926,0.2738095238095238,93,124,0.3655913978494624
progressive/rome_benchmark/grafo10410.93,38,3,rmc,0.5428571428571428,0.9802552195692713,0.17361111111111108,0.3875,0.07708333333333334,0.325,93,124,0.3763440860215054
progressive/rome_benchmark/grafo10410.93,38,3,random,0.42857142857142855,1.0,0.17361111111111108,0.7916666666666666,0.2326388888888889,0.19047619047619047,93,124,0.3763440860215054
progressive/rome_benchmark/grafo10410.93,38,3,spectral,0.4871794871794872,1.0,0.17361111111111108,0.5,0.1640625,0.09999999999999999,93,124,0.41935483870967744
progressive/rome_benchmark/grafo10410.93,50,4,degree,0.45893719806763295,1.0,0.17361111111111108,0.5416666666666666,0.5416666666666666,0.21666666666666667,93,124,0.4946236559139785
progressive/rome_benchmark/grafo10410.93,50,4,closeness,0.4566596194503171,1.0,0.17361111111111108,0.525,0.2857142857142857,0.3611111111111111,93,124,0.4731182795698925
progressive/rome_benchmark/grafo10410.93,50,4,betweeness,0.6131078224101479,1.0,0.17361111111111108,0.65625,0.425,0.27777777777777773,93,124,0.4731182795698925
progressive/rome_benchmark/grafo10410.93,50,4,rmc,0.6173361522198731,0.9903280694946118,0.17361111111111108,0.262037037037037,0.10921717171717171,0.3666666666666667,93,124,0.4731182795698925
progressive/rome_benchmark/grafo10410.93,50,4,random,0.6172549019607845,0.7009639094373459,0.17361111111111108,0.3833333333333333,0.14756944444444445,0.2888888888888889,93,124,0.5483870967741935
progressive/rome_benchmark/grafo10410.93,50,4,spectral,0.45882352941176474,1.0,0.17361111111111108,0.9583333333333334,0.2261904761904762,0.125,93,124,0.5483870967741935
progressive/rome_benchmark/grafo10410.93,62,5,degree,0.5542087542087543,1.0,0.17361111111111108,0.39,0.234375,0.33095238095238094,93,124,0.5913978494623656
progressive/rome_benchmark/grafo10410.93,62,5,closeness,0.6072676450034941,1.0,0.17361111111111108,0.3416666666666667,0.23660714285714285,0.4047619047619048,93,124,0.5806451612903226
progressive/rome_benchmark/grafo10410.93,62,5,betweeness,0.7039187227866474,1.0,0.17361111111111108,0.3375,0.17708333333333334,0.3666666666666667,93,124,0.5698924731182796
progressive/rome_benchmark/grafo10410.93,62,5,rmc,0.6763425253991292,1.0,0.17361111111111108,0.2791005291005291,0.14737654320987653,0.39365079365079364,93,124,0.5698924731182796
progressive/rome_benchmark/grafo10410.93,62,5,random,0.6170510132774283,1.0,0.17361111111111108,0.7777777777777778,0.2638888888888889,0.24444444444444446,93,124,0.5806451612903226
progressive/rome_benchmark/grafo10410.93,62,5,spectral,0.6090225563909775,1.0,0.17361111111111108,0.425,0.3333333333333333,0.25,93,124,0.6129032258064516
progressive/rome_benchmark/grafo10410.93,75,6,degree,0.7311475409836065,1.0,0.17361111111111108,0.4133333333333333,0.28928571428571426,0.4047619047619048,93,124,0.6559139784946236
progressive/rome_benchmark/grafo10410.93,75,6,closeness,0.7299824663939216,1.0,0.17361111111111108,0.3678571428571429,0.3020833333333333,0.4236111111111111,93,124,0.6344086021505376
progressive/rome_benchmark/grafo10410.93,75,6,betweeness,0.6943416181914331,1.0,0.17361111111111108,0.36666666666666664,0.2544642857142857,0.43253968253968256,93,124,0.6666666666666666
progressive/rome_benchmark/grafo10410.93,75,6,rmc,0.7224043715846994,1.0,0.17361111111111108,0.17837301587301588,0.08854166666666667,0.4916666666666667,93,124,0.6559139784946236
progressive/rome_benchmark/grafo10410.93,75,6,random,0.7180327868852459,1.0,0.17361111111111108,0.5416666666666666,0.36666666666666664,0.25,93,124,0.6559139784946236
progressive/rome_benchmark/grafo10410.93,75,6,spectral,0.6807692307692308,1.0,0.17361111111111108,0.45,0.1775,0.38888888888888884,93,124,0.6989247311827957
progressive/rome_benchmark/grafo10410.93,87,7,degree,0.8184143222506394,0.9997968683876428,0.17361111111111108,0.4375,0.4375,0.611111111111111,93,124,0.7419354838709677
progressive/rome_benchmark/grafo10410.93,87,7,closeness,0.7668231611893582,1.0,0.17361111111111108,0.3342857142857143,0.17222222222222222,0.5347222222222222,93,124,0.7741935483870968
progressive/rome_benchmark/grafo10410.93,87,7,betweeness,0.7557077625570776,1.0,0.17361111111111108,0.36666666666666664,0.2544642857142857,0.43253968253968256,93,124,0.7849462365591398
progressive/rome_benchmark/grafo10410.93,87,7,rmc,0.7287726358148894,1.0,0.17361111111111108,0.3162037037037037,0.12083333333333332,0.5833333333333334,93,124,0.7634408602150538
progressive/rome_benchmark/grafo10410.93,87,7,random,0.7848200312989045,1.0,0.17361111111111108,0.20833333333333334,0.13961038961038963,0.4388888888888889,93,124,0.7741935483870968
progressive/rome_benchmark/grafo10410.93,87,7,spectral,0.7942097026604067,1.0,0.17361111111111108,0.5833333333333334,0.5833333333333334,0.3333333333333333,93,124,0.7741935483870968
progressive/rome_benchmark/grafo10410.93,100,8,degree,0.8660287081339713,1.0,0.17361111111111108,0.4583333333333333,0.4583333333333333,0.638888888888889,93,124,0.8279569892473119
progressive/rome_benchmark/grafo10410.93,100,8,closeness,0.8066847335140019,1.0,0.17361111111111108,0.4,0.184375,0.5103174603174603,93,124,0.8817204301075269
progressive/rome_benchmark/grafo10410.93,100,8,betweeness,0.8066847335140019,1.0,0.17361111111111108,0.4,0.184375,0.5103174603174603,93,124,0.8817204301075269
progressive/rome_benchmark/grafo10410.93,100,8,rmc,0.8344693281402144,1.0,0.17361111111111108,0.2001700680272109,0.1382275132275132,0.9111111111111111,93,124,0.8494623655913979
progressive/rome_benchmark/grafo10410.93,100,8,random,0.7981012658227847,1.0,0.17361111111111108,0.53125,0.53125,0.3055555555555556,93,124,0.8602150537634409
progressive/rome_benchmark/grafo10410.93,100,8,spectral,0.8829113924050632,1.0,0.17361111111111108,0.3333333333333333,0.24479166666666666,0.43333333333333335,93,124,0.8602150537634409
progressive/rome_benchmark/grafo10410.93,112,9,degree,0.8722689075630252,1.0,0.17361111111111108,0.25,0.25,0.7916666666666666,93,124,0.9139784946236559
progressive/rome_benchmark/grafo10410.93,112,9,closeness,0.864158829676071,1.0,0.17361111111111108,0.2333333333333333,0.2333333333333333,0.75,93,124,0.946236559139785
progressive/rome_benchmark/grafo10410.93,112,9,betweeness,0.864158829676071,1.0,0.17361111111111108,0.2333333333333333,0.2333333333333333,0.75,93,124,0.946236559139785
progressive/rome_benchmark/grafo10410.93,112,9,rmc,0.9482809285924184,1.0,0.17361111111111108,0.14469696969696969,0.14469696969696969,0.8333333333333334,93,124,0.8924731182795699
progressive/rome_benchmark/grafo10410.93,112,9,random,0.8667007150153219,1.0,0.17361111111111108,0.22312925170068026,0.14814814814814814,0.9722222222222223,93,124,0.956989247311828
progressive/rome_benchmark/grafo10410.93,112,9,spectral,0.9256883186313819,1.0,0.17361111111111108,0.39732142857142855,0.3125,0.6,93,124,0.9354838709677419
progressive/rome_benchmark/grafo10410.93,124,10,degree,1.0,1.0,0.17361111111111108,0.17361111111111108,0.17361111111111108,1.0,93,124,1.0
progressive/rome_benchmark/grafo10410.93,124,10,closeness,1.0,1.0,0.17361111111111108,0.17361111111111108,0.17361111111111108,1.0,93,124,1.0
progressive/rome_benchmark/grafo10410.93,124,10,betweeness,1.0,1.0,0.17361111111111108,0.17361111111111108,0.17361111111111108,1.0,93,124,1.0
progressive/rome_benchmark/grafo10410.93,124,10,rmc,1.0,1.0,0.17361111111111108,0.17361111111111108,0.17361111111111108,1.0,93,124,1.0
progressive/rome_benchmark/grafo10410.93,124,10,random,1.0,1.0,0.17361111111111108,0.17361111111111108,0.17361111111111108,1.0,93,124,1.0
progressive/rome_benchmark/grafo10410.93,124,10,spectral,1.0,1.0,0.17361111111111108,0.17361111111111108,0.17361111111111108,1.0,93,124,1.0
progressive/rome_benchmark/grafo6466.51,7,1,degree,0.6888888888888888,0.0,0.5833333333333333,3.0,0.75,0.0,51,64,0.19607843137254902
progressive/rome_benchmark/grafo6466.51,7,1,closeness,0.34545454545454546,-0.5,0.5833333333333333,0,0,0.0,51,64,0.21568627450980393
progressive/rome_benchmark/grafo6466.51,7,1,betweeness,0.2857142857142857,0.0,0.5833333333333333,3.0,0.3125,0.0,51,64,0.1568627450980392
progressive/rome_benchmark/grafo6466.51,7,1,rmc,0.5,-0.5,0.5833333333333333,0,0,0.0,51,64,0.17647058823529413
progressive/rome_benchmark/grafo6466.51,7,1,random,0.611111111111111,0.0,0.5833333333333333,3.0,0.3125,0.08333333333333333,51,64,0.17647058823529413
progressive/rome_benchmark/grafo6466.51,7,1,spectral,0.6190476190476191,0.0,0.5833333333333333,3.5,1.25,0.0,51,64,0.13725490196078433
progressive/rome_benchmark/grafo6466.51,13,2,degree,0.6,0.0,0.5833333333333333,3.5,1.375,0.0,51,64,0.3137254901960784
progressive/rome_benchmark/grafo6466.51,13,2,closeness,0.4476190476190477,0.0,0.5833333333333333,2.0,0.625,0.18333333333333335,51,64,0.29411764705882354
progressive/rome_benchmark/grafo6466.51,13,2,betweeness,0.4358974358974358,0.0,0.5833333333333333,2.25,0.75,0.0,51,64,0.2549019607843137
progressive/rome_benchmark/grafo6466.51,13,2,rmc,0.5499999999999999,0.0,0.5833333333333333,3.0,3.0,0.0,51,64,0.3137254901960784
progressive/rome_benchmark/grafo6466.51,13,2,random,0.4945054945054945,0.0,0.5833333333333333,4.0,4.0,0.0,51,64,0.27450980392156865
progressive/rome_benchmark/grafo6466.51,13,2,spectral,0.46153846153846145,0.0,0.5833333333333333,1.25,0.6666666666666666,0.1,51,64,0.2549019607843137
progressive/rome_benchmark/grafo6466.51,20,3,degree,0.47186147186147187,0.0,0.5833333333333333,1.125,0.225,0.0,51,64,0.43137254901960786
progressive/rome_benchmark/grafo6466.51,20,3,closeness,0.39047619047619053,0.0,0.5833333333333333,1.0,1.0,0.18333333333333335,51,64,0.4117647058823529
progressive/rome_benchmark/grafo6466.51,20,3,betweeness,0.33333333333333337,0.0,0.5833333333333333,3.0,0.75,0.0,51,64,0.43137254901960786
progressive/rome_benchmark/grafo6466.51,20,3,rmc,0.5714285714285714,0.0,0.5833333333333333,1.25,0.6666666666666666,0.1,51,64,0.4117647058823529
progressive/rome_benchmark/grafo6466.51,20,3,random,0.5333333333333333,-0.5,0.5833333333333333,0,0,0.0,51,64,0.4117647058823529
progressive/rome_benchmark/grafo6466.51,20,3,spectral,0.5555555555555555,0.0,0.5833333333333333,1.4166666666666667,0.3,0.1,51,64,0.37254901960784315
progressive/rome_benchmark/grafo6466.51,26,4,degree,0.5015384615384615,0.0,0.5833333333333333,0.6666666666666666,0.20833333333333334,0.0,51,64,0.5098039215686274
progressive/rome_benchmark/grafo6466.51,26,4,closeness,0.5132275132275131,0.0,0.5833333333333333,2.0,0.625,0.18333333333333335,51,64,0.5490196078431373
progressive/rome_benchmark/grafo6466.51,26,4,betweeness,0.5132275132275131,0.0,0.5833333333333333,2.0,0.625,0.18333333333333335,51,64,0.5490196078431373
progressive/rome_benchmark/grafo6466.51,26,4,rmc,0.5753846153846154,0.0,0.5833333333333333,1.125,0.3125,0.1,51,64,0.5098039215686274
progressive/rome_benchmark/grafo6466.51,26,4,random,0.556923076923077,0.0,0.5833333333333333,1.25,0.375,0.08333333333333333,51,64,0.5098039215686274
progressive/rome_benchmark/grafo6466.51,26,4,spectral,0.5399999999999999,0.3333333333333333,0.5833333333333333,3.1666666666666665,0.28888888888888886,0.375,51,64,0.49019607843137253
progressive/rome_benchmark/grafo6466.51,32,5,degree,0.5448275862068965,0.0,0.5833333333333333,1.0833333333333333,0.17129629629629628,0.18333333333333335,51,64,0.5882352941176471
progressive/rome_benchmark/grafo6466.51,32,5,closeness,0.5806451612903226,0.0,0.5833333333333333,0.9166666666666666,0.21666666666666665,0.18333333333333335,51,64,0.6274509803921569
progressive/rome_benchmark/grafo6466.51,32,5,betweeness,0.5806451612903226,0.0,0.5833333333333333,0.9166666666666666,0.21666666666666665,0.18333333333333335,51,64,0.6274509803921569
progressive/rome_benchmark/grafo6466.51,32,5,rmc,0.7339901477832511,1.0,0.5833333333333333,1.0,0.4444444444444444,0.375,51,64,0.5686274509803921
progressive/rome_benchmark/grafo6466.51,32,5,random,0.4758064516129033,1.0,0.5833333333333333,0.5555555555555556,0.25555555555555554,0.4583333333333333,51,64,0.6274509803921569
progressive/rome_benchmark/grafo6466.51,32,5,spectral,0.7339901477832511,0.0,0.5833333333333333,0.75,0.3333333333333333,0.08333333333333333,51,64,0.5686274509803921
progressive/rome_benchmark/grafo6466.51,39,6,degree,0.6605042016806723,0.0,0.5833333333333333,1.4166666666666667,0.7777777777777778,0.0,51,64,0.6862745098039216
progressive/rome_benchmark/grafo6466.51,39,6,closeness,0.6857142857142857,0.0,0.5833333333333333,1.125,0.5,0.0,51,64,0.7058823529411765
progressive/rome_benchmark/grafo6466.51,39,6,betweeness,0.6857142857142857,0.0,0.5833333333333333,1.125,0.5,0.0,51,64,0.7058823529411765
progressive/rome_benchmark/grafo6466.51,39,6,rmc,0.8333333333333334,1.0,0.5833333333333333,0.6666666666666666,0.3125,0.5,51,64,0.6470588235294118
progressive/rome_benchmark/grafo6466.51,39,6,random,0.6096096096096096,0.0,0.5833333333333333,1.1666666666666667,0.3611111111111111,0.0,51,64,0.7254901960784313
progressive/rome_benchmark/grafo6466.51,39,6,spectral,0.7954545454545455,1.0,0.5833333333333333,0.5,0.5,0.875,51,64,0.6470588235294118
progressive/rome_benchmark/grafo6466.51,45,7,degree,0.7004048582995951,1.0,0.5833333333333333,0.6145833333333333,0.41666666666666663,0.5,51,64,0.7647058823529411
progressive/rome_benchmark/grafo6466.51,45,7,closeness,0.7097560975609756,0.0,0.5833333333333333,1.125,0.5,0.0,51,64,0.803921568627451
progressive/rome_benchmark/grafo6466.51,45,7,betweeness,0.7097560975609756,0.0,0.5833333333333333,1.125,0.5,0.0,51,64,0.803921568627451
progressive/rome_benchmark/grafo6466.51,45,7,rmc,0.7780938833570413,1.0,0.5833333333333333,0.8333333333333334,0.25,0.875,51,64,0.7450980392156863
progressive/rome_benchmark/grafo6466.51,45,7,random,0.6677740863787375,1.0,0.5833333333333333,0.3125,0.3125,0.375,51,64,0.8431372549019608
progressive/rome_benchmark/grafo6466.51,45,7,spectral,0.7780938833570413,1.0,0.5833333333333333,0.8333333333333334,0.25,0.875,51,64,0.7450980392156863
progressive/rome_benchmark/grafo6466.51,52,8,degree,0.7991543340380549,1.0,0.5833333333333333,0.7222222222222222,0.35416666666666663,0.5,51,64,0.8627450980392157
progressive/rome_benchmark/grafo6466.51,52,8,closeness,0.8343434343434343,0.0,0.5833333333333333,1.125,0.5,0.0,51,64,0.8823529411764706
progressive/rome_benchmark/grafo6466.51,52,8,betweeness,0.8343434343434343,0.0,0.5833333333333333,1.125,0.5,0.0,51,64,0.8823529411764706
progressive/rome_benchmark/grafo6466.51,52,8,rmc,0.7357293868921775,1.0,0.5833333333333333,0.5333333333333333,0.5333333333333333,0.875,51,64,0.8627450980392157
progressive/rome_benchmark/grafo6466.51,52,8,random,0.814141414141414,0.0,0.5833333333333333,1.375,0.35416666666666663,0.0,51,64,0.8823529411764706
progressive/rome_benchmark/grafo6466.51,52,8,spectral,0.7918050941306755,1.0,0.5833333333333333,0.6222222222222221,0.6222222222222221,1.0,51,64,0.8431372549019608
progressive/rome_benchmark/grafo6466.51,58,9,degree,0.8908418131359853,1.0,0.5833333333333333,0.6041666666666666,0.6041666666666666,1.0,51,64,0.9215686274509803
progressive/rome_benchmark/grafo6466.51,58,9,closeness,0.9290780141843973,1.0,0.5833333333333333,0.3333333333333333,0.3333333333333333,0.375,51,64,0.9411764705882353
progressive/rome_benchmark/grafo6466.51,58,9,betweeness,0.9290780141843973,1.0,0.5833333333333333,0.3333333333333333,0.3333333333333333,0.375,51,64,0.9411764705882353
progressive/rome_benchmark/grafo6466.51,58,9,rmc,0.8926919518963924,1.0,0.5833333333333333,0.3958333333333333,0.3958333333333333,0.875,51,64,0.9215686274509803
progressive/rome_benchmark/grafo6466.51,58,9,random,0.8605442176870747,1.0,0.5833333333333333,0.625,0.625,0.875,51,64,0.9607843137254902
progressive/rome_benchmark/grafo6466.51,58,9,spectral,0.9111111111111112,1.0,0.5833333333333333,0.3333333333333333,0.3333333333333333,1.0,51,64,0.9019607843137255
progressive/rome_benchmark/grafo6466.51,64,10,degree,1.0,1.0,0.5833333333333333,0.5833333333333333,0.5833333333333333,1.0,51,64,1.0
progressive/rome_benchmark/grafo6466.51,64,10,closeness,1.0,1.0,0.5833333333333333,0.5833333333333333,0.5833333333333333,1.0,51,64,1.0
progressive/rome_benchmark/grafo6466.51,64,10,betweeness,1.0,1.0,0.5833333333333333,0.5833333333333333,0.5833333333333333,1.0,51,64,1.0
progressive/rome_benchmark/grafo6466.51,64,10,rmc,1.0,1.0,0.5833333333333333,0.5833333333333333,0.5833333333333333,1.0,51,64,1.0
progressive/rome_benchmark/grafo6466.51,64,10,random,1.0,1.0,0.5833333333333333,0.5833333333333333,0.5833333333333333,1.0,51,64,1.0
progressive/rome_benchmark/grafo6466.51,64,10,spectral,1.0,1.0,0.5833333333333333,0.5833333333333333,0.5833333333333333,1.0,51,64,1.0
progressive/rome_benchmark/grafo2635.44,6,1,degree,0.4285714285714286,-1.0,0.26666666666666666,5.0,5.0,0.1111111111111111,44,51,0.1590909090909091
progressive/rome_benchmark/grafo2635.44,6,1,closeness,0.7333333333333333,-0.5,0.26666666666666666,0,0,0.0,44,51,0.22727272727272727
progressive/rome_benchmark/grafo2635.44,6,1,betweeness,0.4285714285714286,-1.0,0.26666666666666666,5.0,5.0,0.1111111111111111,44,51,0.1590909090909091
progressive/rome_benchmark/grafo2635.44,6,1,rmc,0.3333333333333333,0.0,0.26666666666666666,3.0,0.3333333333333333,0.0,44,51,0.20454545454545456
progressive/rome_benchmark/grafo2635.44,6,1,random,0.8571428571428571,-0.5,0.26666666666666666,0,0,0.0,44,51,0.18181818181818182
progressive/rome_benchmark/grafo2635.44,6,1,spectral,0.4999999999999999,-0.5,0.26666666666666666,0,0,0.0,44,51,0.18181818181818182
progressive/rome_benchmark/grafo2635.44,11,2,degree,0.7272727272727272,-1.0,0.26666666666666666,5.0,5.0,0.1111111111111111,44,51,0.2727272727272727
progressive/rome_benchmark/grafo2635.44,11,2,closeness,0.7166666666666667,-0.5,0.26666666666666666,0,0,0.0,44,51,0.36363636363636365
progressive/rome_benchmark/grafo2635.44,11,2,betweeness,0.7272727272727272,-1.0,0.26666666666666666,5.0,5.0,0.1111111111111111,44,51,0.2727272727272727
progressive/rome_benchmark/grafo2635.44,11,2,rmc,0.5604395604395604,-0.5,0.26666666666666666,0,0,0.0,44,51,0.3181818181818182
progressive/rome_benchmark/grafo2635.44,11,2,random,0.6923076923076924,0.0,0.26666666666666666,3.0,0.75,0.0,44,51,0.3181818181818182
progressive/rome_benchmark/grafo2635.44,11,2,spectral,0.4871794871794871,-0.5,0.26666666666666666,0,0,0.0,44,51,0.29545454545454547
progressive/rome_benchmark/grafo2635.44,16,3,degree,0.6470588235294118,0.3333333333333334,0.26666666666666666,6.0,6.0,0.16666666666666666,44,51,0.38636363636363635
progressive/rome_benchmark/grafo2635.44,16,3,closeness,0.6761904761904762,0.0,0.26666666666666666,3.0,0.75,0.0,44,51,0.4772727272727273
progressive/rome_benchmark/grafo2635.44,16,3,betweeness,0.7499999999999999,-1.0,0.26666666666666666,4.0,1.0,0.1111111111111111,44,51,0.38636363636363635
progressive/rome_benchmark/grafo2635.44,16,3,rmc,0.6176470588235293,-0.5,0.26666666666666666,0,0,0.0,44,51,0.38636363636363635
progressive/rome_benchmark/grafo2635.44,16,3,random,0.52046783625731,1.0,0.26666666666666666,1.125,0.3125,0.16666666666666666,44,51,0.4318181818181818
progressive/rome_benchmark/grafo2635.44,16,3,spectral,0.6333333333333333,0.0,0.26666666666666666,0.75,0.75,0.0,44,51,0.36363636363636365
progressive/rome_benchmark/grafo2635.44,21,4,degree,0.7142857142857143,0.3333333333333334,0.26666666666666666,4.5,1.875,0.2333333333333333,44,51,0.4772727272727273
progressive/rome_benchmark/grafo2635.44,21,4,closeness,0.7549407114624506,-1.0,0.26666666666666666,1.25,0.35416666666666663,0.13333333333333333,44,51,0.5227272727272727
progressive/rome_benchmark/grafo2635.44,21,4,betweeness,0.7549407114624506,-1.0,0.26666666666666666,1.0,0.4444444444444444,0.13333333333333333,44,51,0.5227272727272727
progressive/rome_benchmark/grafo2635.44,21,4,rmc,0.8736842105263158,1.0,0.26666666666666666,0.5,0.5,0.39999999999999997,44,51,0.45454545454545453
progressive/rome_benchmark/grafo2635.44,21,4,random,0.6159420289855072,0.0,0.26666666666666666,3.0,0.3333333333333333,0.0,44,51,0.5454545454545454
progressive/rome_benchmark/grafo2635.44,21,4,spectral,0.8169934640522877,1.0,0.26666666666666666,4.0,4.0,0.13333333333333333,44,51,0.4090909090909091
progressive/rome_benchmark/grafo2635.44,26,5,degree,0.7533333333333332,0.803921568627451,0.26666666666666666,1.4166666666666667,0.3111111111111111,0.6,44,51,0.5681818181818182
progressive/rome_benchmark/grafo2635.44,26,5,closeness,0.6752136752136754,-1.0,0.26666666666666666,1.0,0.4444444444444444,0.13333333333333333,44,51,0.6136363636363636
progressive/rome_benchmark/grafo2635.44,26,5,betweeness,0.6984126984126984,-1.0,0.26666666666666666,0.875,0.47222222222222215,0.13333333333333333,44,51,0.6363636363636364
progressive/rome_benchmark/grafo2635.44,26,5,rmc,0.8533333333333332,1.0,0.26666666666666666,0.6666666666666666,0.6666666666666666,0.39999999999999997,44,51,0.5681818181818182
progressive/rome_benchmark/grafo2635.44,26,5,random,0.6353276353276355,-1.0,0.26666666666666666,2.5,0.47222222222222215,0.13333333333333333,44,51,0.6136363636363636
progressive/rome_benchmark/grafo2635.44,26,5,spectral,0.8102766798418973,1.0,0.26666666666666666,1.375,1.375,0.25,44,51,0.5227272727272727
progressive/rome_benchmark/grafo2635.44,31,6,degree,0.8114942528735632,0.8333333333333334,0.26666666666666666,0.6666666666666666,0.29166666666666663,0.65,44,51,0.6818181818181818
progressive/rome_benchmark/grafo2635.44,31,6,closeness,0.7677419354838712,0.3333333333333334,0.26666666666666666,0.875,0.47222222222222215,0.25,44,51,0.7045454545454546
progressive/rome_benchmark/grafo2635.44,31,6,betweeness,0.7677419354838712,0.3333333333333334,0.26666666666666666,0.875,0.47222222222222215,0.25,44,51,0.7045454545454546
progressive/rome_benchmark/grafo2635.44,31,6,rmc,0.7839080459770115,1.0,0.26666666666666666,1.125,0.5,0.3333333333333333,44,51,0.6818181818181818
progressive/rome_benchmark/grafo2635.44,31,6,random,0.6693548387096775,0.33333333333333337,0.26666666666666666,5.0,5.0,0.19999999999999998,44,51,0.7272727272727273
progressive/rome_benchmark/grafo2635.44,31,6,spectral,0.8290598290598292,1.0,0.26666666666666666,0.75,0.75,0.3333333333333333,44,51,0.6136363636363636
progressive/rome_benchmark/grafo2635.44,36,7,degree,0.7718360071301248,1.0,0.26666666666666666,0.375,0.375,0.39999999999999997,44,51,0.7727272727272727
progressive/rome_benchmark/grafo2635.44,36,7,closeness,0.7878787878787878,1.0,0.26666666666666666,0.375,0.375,0.39999999999999997,44,51,0.75
progressive/rome_benchmark/grafo2635.44,36,7,betweeness,0.7878787878787878,1.0,0.26666666666666666,0.375,0.375,0.39999999999999997,44,51,0.75
progressive/rome_benchmark/grafo2635.44,36,7,rmc,0.6984126984126985,1.0,0.26666666666666666,0.5,0.3125,0.3333333333333333,44,51,0.8181818181818182
progressive/rome_benchmark/grafo2635.44,36,7,random,0.7777777777777778,1.0,0.26666666666666666,0.5,0.5,0.39999999999999997,44,51,0.8181818181818182
progressive/rome_benchmark/grafo2635.44,36,7,spectral,0.7943548387096775,1.0,0.26666666666666666,0.75,0.75,0.3333333333333333,44,51,0.7272727272727273
progressive/rome_benchmark/grafo2635.44,41,8,degree,0.7897897897897899,1.0,0.26666666666666666,0.5,0.5,0.39999999999999997,44,51,0.8409090909090909
progressive/rome_benchmark/grafo2635.44,41,8,closeness,0.8321479374110954,1.0,0.26666666666666666,0.375,0.375,0.39999999999999997,44,51,0.8636363636363636
progressive/rome_benchmark/grafo2635.44,41,8,betweeness,0.8321479374110954,1.0,0.26666666666666666,0.375,0.375,0.39999999999999997,44,51,0.8636363636363636
progressive/rome_benchmark/grafo2635.44,41,8,rmc,0.7516869095816464,1.0,0.26666666666666666,0.5833333333333334,0.5833333333333334,0.3333333333333333,44,51,0.8863636363636364
progressive/rome_benchmark/grafo2635.44,41,8,random,0.7780938833570413,1.0,0.26666666666666666,0.5833333333333334,0.5833333333333334,0.5833333333333334,44,51,0.8636363636363636
progressive/rome_benchmark/grafo2635.44,41,8,spectral,0.8571428571428572,1.0,0.26666666666666666,0.75,0.75,0.3333333333333333,44,51,0.8181818181818182
progressive/rome_benchmark/grafo2635.44,46,9,degree,0.8866396761133604,1.0,0.26666666666666666,0.4166666666666667,0.4166666666666667,0.39999999999999997,44,51,0.8863636363636364
progressive/rome_benchmark/grafo2635.44,46,9,closeness,0.9076923076923077,1.0,0.26666666666666666,0.4166666666666667,0.4166666666666667,0.39999999999999997,44,51,0.9090909090909091
progressive/rome_benchmark/grafo2635.44,46,9,betweeness,0.9076923076923077,1.0,0.26666666666666666,0.4166666666666667,0.4166666666666667,0.39999999999999997,44,51,0.9090909090909091
progressive/rome_benchmark/grafo2635.44,46,9,rmc,0.9365853658536585,1.0,0.26666666666666666,0.19444444444444445,0.19444444444444445,0.6666666666666666,44,51,0.9318181818181818
progressive/rome_benchmark/grafo2635.44,46,9,random,0.8463414634146341,1.0,0.26666666666666666,0.3125,0.3125,0.39999999999999997,44,51,0.9318181818181818
progressive/rome_benchmark/grafo2635.44,46,9,spectral,0.917948717948718,1.0,0.26666666666666666,0.75,0.75,0.3333333333333333,44,51,0.9090909090909091
progressive/rome_benchmark/grafo2635.44,51,10,degree,0.9999999999999999,1.0,0.26666666666666666,0.26666666666666666,0.26666666666666666,1.0,44,51,1.0
progressive/rome_benchmark/grafo2635.44,51,10,closeness,0.9999999999999999,1.0,0.26666666666666666,0.26666666666666666,0.26666666666666666,1.0,44,51,1.0
progressive/rome_benchmark/grafo2635.44,51,10,betweeness,0.9999999999999999,1.0,0.26666666666666666,0.26666666666666666,0.26666666666666666,1.0,44,51,1.0
progressive/rome_benchmark/grafo2635.44,51,10,rmc,0.9999999999999999,1.0,0.26666666666666666,0.26666666666666666,0.26666666666666666,1.0,44,51,1.0
progressive/rome_benchmark/grafo2635.44,51,10,random,0.9999999999999999,1.0,0.26666666666666666,0.26666666666666666,0.26666666666666666,1.0,44,51,1.0
progressive/rome_benchmark/grafo2635.44,51,10,spectral,0.9999999999999999,1.0,0.26666666666666666,0.26666666666666666,0.26666666666666666,1.0,44,51,1.0
progressive/rome_benchmark/grafo11596.34,4,1,degree,0.19999999999999998,-1.0,0.32,3.0,0.3333333333333333,0.1,34,39,0.14705882352941177
progressive/rome_benchmark/grafo11596.34,4,1,closeness,-0.6,-0.5,0.32,0,0,0.0,34,39,0.17647058823529413
progressive/rome_benchmark/grafo11596.34,4,1,betweeness,0.19999999999999998,-1.0,0.32,3.0,0.3333333333333333,0.1,34,39,0.14705882352941177
progressive/rome_benchmark/grafo11596.34,4,1,rmc,0.3333333333333333,-0.5,0.32,0,0,0.0,34,39,0.17647058823529413
progressive/rome_benchmark/grafo11596.34,4,1,random,0.19999999999999998,-0.3333333333333332,0.32,4.0,0.4444444444444444,0.15,34,39,0.14705882352941177
progressive/rome_benchmark/grafo11596.34,4,1,spectral,0.3333333333333333,-0.5,0.32,0,0,0.0,34,39,0.17647058823529413
progressive/rome_benchmark/grafo11596.34,8,2,degree,0.7333333333333333,0.7142857142857143,0.32,3.0,0.5,0.25,34,39,0.29411764705882354
progressive/rome_benchmark/grafo11596.34,8,2,closeness,0.15555555555555553,-1.0,0.32,3.0,0.75,0.1,34,39,0.29411764705882354
progressive/rome_benchmark/grafo11596.34,8,2,betweeness,0.7777777777777778,-1.0,0.32,3.0,0.75,0.1,34,39,0.2647058823529412
progressive/rome_benchmark/grafo11596.34,8,2,rmc,0.5636363636363636,-0.5,0.32,0,0,0.0,34,39,0.3235294117647059
progressive/rome_benchmark/grafo11596.34,8,2,random,0.3333333333333333,1.0,0.32,4.0,1.0,0.2,34,39,0.35294117647058826
progressive/rome_benchmark/grafo11596.34,8,2,spectral,1.0,1.0,0.32,0.75,0.75,0.2,34,39,0.2647058823529412
progressive/rome_benchmark/grafo11596.34,12,3,degree,0.5384615384615383,-0.04477611940298507,0.32,3.5,0.5833333333333334,0.3,34,39,0.38235294117647056
progressive/rome_benchmark/grafo11596.34,12,3,closeness,0.7142857142857144,-1.0,0.32,2.0,0.625,0.1,34,39,0.4117647058823529
progressive/rome_benchmark/grafo11596.34,12,3,betweeness,0.6000000000000001,0.6363636363636364,0.32,3.0,0.5,0.3,34,39,0.4411764705882353
progressive/rome_benchmark/grafo11596.34,12,3,rmc,0.5164835164835165,1.0,0.32,0.75,0.75,0.2,34,39,0.4117647058823529
progressive/rome_benchmark/grafo11596.34,12,3,random,0.6166666666666666,0.7247311827956989,0.32,3.5,0.5833333333333334,0.4,34,39,0.47058823529411764
progressive/rome_benchmark/grafo11596.34,12,3,spectral,0.4358974358974358,6.579099405186112e-17,0.32,1.25,0.375,0.35,34,39,0.38235294117647056
progressive/rome_benchmark/grafo11596.34,16,4,degree,0.6333333333333333,0.2736318407960199,0.32,3.6666666666666665,0.4583333333333333,0.3,34,39,0.47058823529411764
progressive/rome_benchmark/grafo11596.34,16,4,closeness,0.7192982456140351,0.6363636363636364,0.32,2.3333333333333335,0.4444444444444444,0.3,34,39,0.5588235294117647
progressive/rome_benchmark/grafo11596.34,16,4,betweeness,0.7192982456140351,0.6363636363636364,0.32,2.3333333333333335,0.4444444444444444,0.3,34,39,0.5588235294117647
progressive/rome_benchmark/grafo11596.34,16,4,rmc,0.676470588235294,1.0,0.32,1.125,0.5,0.24,34,39,0.5
progressive/rome_benchmark/grafo11596.34,16,4,random,0.4269005847953216,0.6190476190476191,0.32,3.3333333333333335,0.3,0.35,34,39,0.5588235294117647
progressive/rome_benchmark/grafo11596.34,16,4,spectral,0.5588235294117646,0.5000000000000001,0.32,1.25,0.5833333333333334,0.35,34,39,0.5
progressive/rome_benchmark/grafo11596.34,20,5,degree,0.5906432748538012,0.3333333333333333,0.32,4.0,0.2777777777777778,0.35,34,39,0.5588235294117647
progressive/rome_benchmark/grafo11596.34,20,5,closeness,0.6969696969696969,0.6190476190476191,0.32,3.5,0.5833333333333334,0.35,34,39,0.6470588235294118
progressive/rome_benchmark/grafo11596.34,20,5,betweeness,0.6969696969696969,0.6190476190476191,0.32,3.5,0.5833333333333334,0.35,34,39,0.6470588235294118
progressive/rome_benchmark/grafo11596.34,20,5,rmc,0.7894736842105264,1.0,0.32,0.5833333333333334,0.5833333333333334,0.35,34,39,0.5882352941176471
progressive/rome_benchmark/grafo11596.34,20,5,random,0.6883116883116883,0.8115183246073299,0.32,3.6666666666666665,0.33333333333333337,0.55,34,39,0.6470588235294118
progressive/rome_benchmark/grafo11596.34,20,5,spectral,0.7894736842105262,1.0,0.32,0.5555555555555556,0.5555555555555556,0.55,34,39,0.5588235294117647
progressive/rome_benchmark/grafo11596.34,24,6,degree,0.774891774891775,0.4724368882019577,0.32,1.5625,0.35,0.6,34,39,0.6470588235294118
progressive/rome_benchmark/grafo11596.34,24,6,closeness,0.717391304347826,0.8743455497382199,0.32,3.0,0.40625,0.55,34,39,0.7058823529411765
progressive/rome_benchmark/grafo11596.34,24,6,betweeness,0.717391304347826,0.8743455497382199,0.32,3.0,0.40625,0.55,34,39,0.7058823529411765
progressive/rome_benchmark/grafo11596.34,24,6,rmc,0.841897233201581,1.0,0.32,0.5555555555555556,0.5555555555555556,0.55,34,39,0.6764705882352942
progressive/rome_benchmark/grafo11596.34,24,6,random,0.5783475783475784,-0.33333333333333326,0.32,2.0,0.625,0.2,34,39,0.7941176470588235
progressive/rome_benchmark/grafo11596.34,24,6,spectral,0.6126482213438735,1.0,0.32,0.5555555555555556,0.5555555555555556,0.55,34,39,0.6764705882352942
progressive/rome_benchmark/grafo11596.34,28,7,degree,0.7292307692307692,1.0,0.32,1.3125,0.4375,0.6,34,39,0.7647058823529411
progressive/rome_benchmark/grafo11596.34,28,7,closeness,0.720797720797721,0.7641277641277642,0.32,2.4166666666666665,0.3958333333333333,0.75,34,39,0.7941176470588235
progressive/rome_benchmark/grafo11596.34,28,7,betweeness,0.720797720797721,0.7641277641277642,0.32,2.4166666666666665,0.3958333333333333,0.75,34,39,0.7941176470588235
progressive/rome_benchmark/grafo11596.34,28,7,rmc,0.7292307692307692,0.27272727272727276,0.32,0.6666666666666666,0.40625,0.75,34,39,0.7647058823529411
progressive/rome_benchmark/grafo11596.34,28,7,random,0.6719576719576719,1.0,0.32,1.4166666666666667,0.4166666666666667,0.6,34,39,0.8235294117647058
progressive/rome_benchmark/grafo11596.34,28,7,spectral,0.7292307692307692,0.716500553709856,0.32,0.525,0.26666666666666666,0.75,34,39,0.7647058823529411
progressive/rome_benchmark/grafo11596.34,32,8,degree,0.857142857142857,1.0,0.32,0.7380952380952381,0.25,1.0,34,39,0.8235294117647058
progressive/rome_benchmark/grafo11596.34,32,8,closeness,0.8518518518518519,1.0,0.32,0.7333333333333334,0.32,0.8,34,39,0.8235294117647058
progressive/rome_benchmark/grafo11596.34,32,8,betweeness,0.8518518518518519,1.0,0.32,0.7333333333333334,0.32,0.8,34,39,0.8235294117647058
progressive/rome_benchmark/grafo11596.34,32,8,rmc,0.8730158730158729,0.44946236559139785,0.32,0.5,0.32,1.0,34,39,0.8235294117647058
progressive/rome_benchmark/grafo11596.34,32,8,random,0.7118279569892474,0.5714285714285714,0.32,0.75,0.25,0.7,34,39,0.9117647058823529
progressive/rome_benchmark/grafo11596.34,32,8,spectral,0.8730158730158729,0.44946236559139785,0.32,0.5,0.32,1.0,34,39,0.8235294117647058
progressive/rome_benchmark/grafo11596.34,36,9,degree,0.9053763440860215,0.7728706624605678,0.32,0.6944444444444445,0.31666666666666665,1.0,34,39,0.9117647058823529
progressive/rome_benchmark/grafo11596.34,36,9,closeness,0.9053763440860215,0.7728706624605678,0.32,0.6944444444444445,0.31666666666666665,1.0,34,39,0.9117647058823529
progressive/rome_benchmark/grafo11596.34,36,9,betweeness,0.9053763440860215,0.7728706624605678,0.32,0.6944444444444445,0.31666666666666665,1.0,34,39,0.9117647058823529
progressive/rome_benchmark/grafo11596.34,36,9,rmc,0.8427419354838711,1.0,0.32,0.32,0.32,1.0,34,39,0.9411764705882353
progressive/rome_benchmark/grafo11596.34,36,9,random,0.8522727272727273,0.7517241379310344,0.32,1.1,0.6333333333333333,0.8,34,39,0.9705882352941176
progressive/rome_benchmark/grafo11596.34,36,9,spectral,0.8427419354838711,1.0,0.32,0.32,0.32,1.0,34,39,0.9411764705882353
progressive/rome_benchmark/grafo11596.34,39,10,degree,1.0,1.0,0.32,0.32,0.32,1.0,34,39,1.0
progressive/rome_benchmark/grafo11596.34,39,10,closeness,1.0,1.0,0.32,0.32,0.32,1.0,34,39,1.0
progressive/rome_benchmark/grafo11596.34,39,10,betweeness,1.0,1.0,0.32,0.32,0.32,1.0,34,39,1.0
progressive/rome_benchmark/grafo11596.34,39,10,rmc,1.0,1.0,0.32,0.32,0.32,1.0,34,39,1.0
progressive/rome_benchmark/grafo11596.34,39,10,random,1.0,1.0,0.32,0.32,0.32,1.0,34,39,1.0
progressive/rome_benchmark/grafo11596.34,39,10,spectral,1.0,1.0,0.32,0.32,0.32,1.0,34,39,1.0
progressive/rome_benchmark/grafo5992.44,7,1,degree,0.7857142857142856,0.7142857142857143,0.13510101010101008,7.0,0.7777777777777778,0.16666666666666666,44,67,0.18181818181818182
progressive/rome_benchmark/grafo5992.44,7,1,closeness,0.4242424242424242,0.0,0.13510101010101008,3.0,0.08333333333333333,0.023809523809523808,44,67,0.2727272727272727
progressive/rome_benchmark/grafo5992.44,7,1,betweeness,0.611111111111111,0.0,0.13510101010101008,3.0,0.3333333333333333,0.023809523809523808,44,67,0.20454545454545456
progressive/rome_benchmark/grafo5992.44,7,1,rmc,0.3333333333333333,0.0,0.13510101010101008,5.0,0.3125,0.018518518518518517,44,67,0.20454545454545456
progressive/rome_benchmark/grafo5992.44,7,1,random,-0.022222222222222223,0.0,0.13510101010101008,3.0,0.08333333333333333,0.023809523809523808,44,67,0.22727272727272727
progressive/rome_benchmark/grafo5992.44,7,1,spectral,0.05555555555555555,-0.5,0.13510101010101008,0,0,0.0,44,67,0.20454545454545456
progressive/rome_benchmark/grafo5992.44,14,2,degree,0.3904761904761905,0.5238095238095238,0.13510101010101008,7.0,1.75,0.16666666666666666,44,67,0.3409090909090909
progressive/rome_benchmark/grafo5992.44,14,2,closeness,0.7076023391812866,0.0,0.13510101010101008,1.0,0.375,0.0,44,67,0.4318181818181818
progressive/rome_benchmark/grafo5992.44,14,2,betweeness,0.5384615384615384,1.0,0.13510101010101008,2.875,0.14583333333333334,0.09999999999999999,44,67,0.3181818181818182
progressive/rome_benchmark/grafo5992.44,14,2,rmc,0.43333333333333335,0.0,0.13510101010101008,5.0,5.0,0.018518518518518517,44,67,0.36363636363636365
progressive/rome_benchmark/grafo5992.44,14,2,random,0.009523809523809525,1.0,0.13510101010101008,4.5,0.15625,0.1111111111111111,44,67,0.3409090909090909
progressive/rome_benchmark/grafo5992.44,14,2,spectral,0.4666666666666667,1.0,0.13510101010101008,5.0,0.5555555555555556,0.09999999999999999,44,67,0.3409090909090909
progressive/rome_benchmark/grafo5992.44,21,3,degree,0.4285714285714286,0.7142857142857143,0.13510101010101008,5.0,0.5625,0.16666666666666666,44,67,0.5
progressive/rome_benchmark/grafo5992.44,21,3,closeness,0.5072463768115942,0.0,0.13510101010101008,2.0,0.21875,0.0,44,67,0.5454545454545454
progressive/rome_benchmark/grafo5992.44,21,3,betweeness,0.4978354978354978,0.0,0.13510101010101008,4.0,1.0,0.018518518518518517,44,67,0.5
progressive/rome_benchmark/grafo5992.44,21,3,rmc,0.4736842105263158,0.3333333333333333,0.13510101010101008,0.6166666666666666,0.4513888888888889,0.08333333333333333,44,67,0.45454545454545453
progressive/rome_benchmark/grafo5992.44,21,3,random,0.3368421052631579,1.0,0.13510101010101008,4.5,1.875,0.22777777777777777,44,67,0.45454545454545453
progressive/rome_benchmark/grafo5992.44,21,3,spectral,0.49707602339181284,0.47500000000000003,0.13510101010101008,5.5,0.5833333333333334,0.24285714285714285,44,67,0.4318181818181818
progressive/rome_benchmark/grafo5992.44,27,4,degree,0.4266666666666666,0.7075146850313956,0.13510101010101008,5.333333333333333,0.5,0.3333333333333333,44,67,0.5681818181818182
progressive/rome_benchmark/grafo5992.44,27,4,closeness,0.582010582010582,0.0,0.13510101010101008,3.0,0.5625,0.018518518518518517,44,67,0.6363636363636364
progressive/rome_benchmark/grafo5992.44,27,4,betweeness,0.5566502463054187,1.0,0.13510101010101008,2.25,0.32916666666666666,0.1111111111111111,44,67,0.6590909090909091
progressive/rome_benchmark/grafo5992.44,27,4,rmc,0.52,1.0,0.13510101010101008,0.5458333333333333,0.4010416666666667,0.08333333333333333,44,67,0.5909090909090909
progressive/rome_benchmark/grafo5992.44,27,4,random,0.36231884057971014,0.5401528355007374,0.13510101010101008,6.5,0.6875,0.27777777777777773,44,67,0.5454545454545454
progressive/rome_benchmark/grafo5992.44,27,4,spectral,0.29999999999999993,0.7166460140437836,0.13510101010101008,6.0,0.6458333333333334,0.26666666666666666,44,67,0.5681818181818182
progressive/rome_benchmark/grafo5992.44,34,5,degree,0.47526881720430114,0.38800827015851136,0.13510101010101008,1.1111111111111112,0.4398148148148148,0.2931216931216931,44,67,0.7045454545454546
progressive/rome_benchmark/grafo5992.44,34,5,closeness,0.6473118279569893,1.0,0.13510101010101008,0.775,0.2986111111111111,0.19999999999999998,44,67,0.7045454545454546
progressive/rome_benchmark/grafo5992.44,34,5,betweeness,0.6473118279569893,1.0,0.13510101010101008,0.775,0.2986111111111111,0.19999999999999998,44,67,0.7045454545454546
progressive/rome_benchmark/grafo5992.44,34,5,rmc,0.5816091954022989,0.022900763358778633,0.13510101010101008,1.9100000000000001,0.9416666666666668,0.19444444444444442,44,67,0.6818181818181818
progressive/rome_benchmark/grafo5992.44,34,5,random,0.6091954022988506,0.3702337023370234,0.13510101010101008,2.25,0.5260416666666667,0.19444444444444442,44,67,0.6818181818181818
progressive/rome_benchmark/grafo5992.44,34,5,spectral,0.5396825396825397,0.805589976593694,0.13510101010101008,5.0,0.7916666666666666,0.2904761904761905,44,67,0.6363636363636364
progressive/rome_benchmark/grafo5992.44,41,6,degree,0.6174242424242424,0.3960193452380953,0.13510101010101008,2.3125,0.7125,0.3968253968253968,44,67,0.75
progressive/rome_benchmark/grafo5992.44,41,6,closeness,0.7007575757575757,0.9673513807645219,0.13510101010101008,0.64,0.24583333333333335,0.35793650793650794,44,67,0.75
progressive/rome_benchmark/grafo5992.44,41,6,betweeness,0.7007575757575757,0.9673513807645219,0.13510101010101008,0.64,0.24583333333333335,0.35793650793650794,44,67,0.75
progressive/rome_benchmark/grafo5992.44,41,6,rmc,0.6067226890756303,0.35772357723577247,0.13510101010101008,0.4375,0.2760416666666667,0.2722222222222222,44,67,0.7954545454545454
progressive/rome_benchmark/grafo5992.44,41,6,random,0.6470588235294118,0.6491228070175439,0.13510101010101008,0.37916666666666665,0.2199074074074074,0.2888888888888889,44,67,0.7727272727272727
progressive/rome_benchmark/grafo5992.44,41,6,spectral,0.578494623655914,0.8882861161342174,0.13510101010101008,4.5,0.45,0.45714285714285713,44,67,0.7045454545454546
progressive/rome_benchmark/grafo5992.44,47,7,degree,0.7579831932773109,0.8345954224453331,0.13510101010101008,0.6466666666666667,0.3104166666666667,0.42063492063492064,44,67,0.7954545454545454
progressive/rome_benchmark/grafo5992.44,47,7,closeness,0.6222222222222223,1.0,0.13510101010101008,0.609375,0.475,0.30952380952380953,44,67,0.8181818181818182
progressive/rome_benchmark/grafo5992.44,47,7,betweeness,0.6222222222222223,1.0,0.13510101010101008,0.609375,0.475,0.30952380952380953,44,67,0.8181818181818182
progressive/rome_benchmark/grafo5992.44,47,7,rmc,0.7512605042016806,0.5482387838338896,0.13510101010101008,0.5499999999999999,0.37083333333333335,0.43888888888888894,44,67,0.7954545454545454
progressive/rome_benchmark/grafo5992.44,47,7,random,0.6793650793650794,0.46031746031746035,0.13510101010101008,0.63,0.5,0.3428571428571428,44,67,0.8181818181818182
progressive/rome_benchmark/grafo5992.44,47,7,spectral,0.5563025210084034,0.9007332205301748,0.13510101010101008,2.5,1.277777777777778,0.43333333333333335,44,67,0.7954545454545454
progressive/rome_benchmark/grafo5992.44,54,8,degree,0.8008534850640114,0.9567841152423594,0.13510101010101008,0.625,0.2361111111111111,0.6206349206349207,44,67,0.8636363636363636
progressive/rome_benchmark/grafo5992.44,54,8,closeness,0.6680161943319838,0.9714841289705077,0.13510101010101008,0.6517857142857143,0.25892857142857145,0.5666666666666667,44,67,0.8863636363636364
progressive/rome_benchmark/grafo5992.44,54,8,betweeness,0.6680161943319838,0.9714841289705077,0.13510101010101008,0.6517857142857143,0.25892857142857145,0.5666666666666667,44,67,0.8863636363636364
progressive/rome_benchmark/grafo5992.44,54,8,rmc,0.7102564102564103,1.0,0.13510101010101008,0.2375,0.2375,0.4166666666666667,44,67,0.9090909090909091
progressive/rome_benchmark/grafo5992.44,54,8,random,0.8008534850640114,1.0,0.13510101010101008,0.35833333333333334,0.25,0.43333333333333335,44,67,0.8636363636363636
progressive/rome_benchmark/grafo5992.44,54,8,spectral,0.7657657657657657,0.9056635846386273,0.13510101010101008,0.9375,0.575,0.5555555555555556,44,67,0.8409090909090909
progressive/rome_benchmark/grafo5992.44,61,9,degree,0.8560975609756097,1.0,0.13510101010101008,0.2696759259259259,0.15319865319865322,0.7916666666666666,44,67,0.9318181818181818
progressive/rome_benchmark/grafo5992.44,61,9,closeness,0.8878048780487804,0.9714640369250078,0.13510101010101008,0.20555555555555557,0.155,0.7916666666666666,44,67,0.9318181818181818
progressive/rome_benchmark/grafo5992.44,61,9,betweeness,0.8878048780487804,0.9714640369250078,0.13510101010101008,0.20555555555555557,0.155,0.7916666666666666,44,67,0.9318181818181818
progressive/rome_benchmark/grafo5992.44,61,9,rmc,0.835075493612079,0.9992132523274618,0.13510101010101008,0.3055555555555555,0.255952380952381,0.763888888888889,44,67,0.9545454545454546
progressive/rome_benchmark/grafo5992.44,61,9,random,0.8699186991869919,0.9791339313611397,0.13510101010101008,0.33095238095238094,0.33095238095238094,0.7666666666666666,44,67,0.9545454545454546
progressive/rome_benchmark/grafo5992.44,61,9,spectral,0.8414634146341463,1.0,0.13510101010101008,0.16166666666666665,0.16166666666666665,0.8333333333333334,44,67,0.9318181818181818
progressive/rome_benchmark/grafo5992.44,67,10,degree,0.9999999999999999,1.0,0.13510101010101008,0.13510101010101008,0.13510101010101008,1.0,44,67,1.0
progressive/rome_benchmark/grafo5992.44,67,10,closeness,0.9999999999999999,1.0,0.13510101010101008,0.13510101010101008,0.13510101010101008,1.0,44,67,1.0
progressive/rome_benchmark/grafo5992.44,67,10,betweeness,0.9999999999999999,1.0,0.13510101010101008,0.13510101010101008,0.13510101010101008,1.0,44,67,1.0
progressive/rome_benchmark/grafo5992.44,67,10,rmc,0.9999999999999999,1.0,0.13510101010101008,0.13510101010101008,0.13510101010101008,1.0,44,67,1.0
progressive/rome_benchmark/grafo5992.44,67,10,random,0.9999999999999999,1.0,0.13510101010101008,0.13510101010101008,0.13510101010101008,1.0,44,67,1.0
progressive/rome_benchmark/grafo5992.44,67,10,spectral,0.9999999999999999,1.0,0.13510101010101008,0.13510101010101008,0.13510101010101008,1.0,44,67,1.0
progressive/rome_benchmark/grafo3757.39,7,1,degree,0.4999999999999999,0.19999999999999996,0.20714285714285713,7.0,0.27999999999999997,0.08333333333333333,39,62,0.20512820512820512
progressive/rome_benchmark/grafo3757.39,7,1,closeness,0.4444444444444444,-1.0,0.20714285714285713,4.0,0.4444444444444444,0.05,39,62,0.23076923076923078
progressive/rome_benchmark/grafo3757.39,7,1,betweeness,0.4999999999999999,0.19999999999999996,0.20714285714285713,7.0,0.27999999999999997,0.08333333333333333,39,62,0.20512820512820512
progressive/rome_benchmark/grafo3757.39,7,1,rmc,0.6428571428571428,0.3333333333333334,0.20714285714285713,4.0,0.4444444444444444,0.09375,39,62,0.20512820512820512
progressive/rome_benchmark/grafo3757.39,7,1,random,0.5,-1.0,0.20714285714285713,4.0,0.4444444444444444,0.05,39,62,0.23076923076923078
progressive/rome_benchmark/grafo3757.39,7,1,spectral,0.5714285714285714,-0.5,0.20714285714285713,0,0,0.0,39,62,0.20512820512820512
progressive/rome_benchmark/grafo3757.39,13,2,degree,0.4065934065934066,0.42857142857142866,0.20714285714285713,10.0,0.4,0.1,39,62,0.358974358974359
progressive/rome_benchmark/grafo3757.39,13,2,closeness,0.6190476190476191,0.13207547169811326,0.20714285714285713,3.3333333333333335,0.28888888888888886,0.125,39,62,0.38461538461538464
progressive/rome_benchmark/grafo3757.39,13,2,betweeness,0.4065934065934066,0.42857142857142866,0.20714285714285713,10.0,0.4,0.1,39,62,0.358974358974359
progressive/rome_benchmark/grafo3757.39,13,2,rmc,0.3589743589743589,0.33333333333333337,0.20714285714285713,5.0,0.5555555555555556,0.075,39,62,0.3333333333333333
progressive/rome_benchmark/grafo3757.39,13,2,random,0.07692307692307691,-0.19999999999999996,0.20714285714285713,7.0,0.27999999999999997,0.08333333333333333,39,62,0.3333333333333333
progressive/rome_benchmark/grafo3757.39,13,2,spectral,0.07692307692307691,-0.33333333333333326,0.20714285714285713,3.5,1.375,0.09375,39,62,0.3333333333333333
progressive/rome_benchmark/grafo3757.39,19,3,degree,0.38947368421052636,0.7895198421398816,0.20714285714285713,6.5,0.4,0.225,39,62,0.5128205128205128
progressive/rome_benchmark/grafo3757.39,19,3,closeness,0.5894736842105264,0.2391304347826087,0.20714285714285713,2.8,0.13915343915343914,0.30357142857142855,39,62,0.5128205128205128
progressive/rome_benchmark/grafo3757.39,19,3,betweeness,0.38947368421052636,0.7895198421398816,0.20714285714285713,6.5,0.4,0.225,39,62,0.5128205128205128
progressive/rome_benchmark/grafo3757.39,19,3,rmc,0.5294117647058822,1.0,0.20714285714285713,4.0,0.6666666666666666,0.1375,39,62,0.4358974358974359
progressive/rome_benchmark/grafo3757.39,19,3,random,0.5147058823529411,-0.13924050632911392,0.20714285714285713,3.0,0.1349206349206349,0.17142857142857143,39,62,0.4358974358974359
progressive/rome_benchmark/grafo3757.39,19,3,spectral,0.45588235294117646,0.33333333333333337,0.20714285714285713,0.5083333333333333,0.5083333333333333,0.29375,39,62,0.4358974358974359
progressive/rome_benchmark/grafo3757.39,25,4,degree,0.608695652173913,0.8596798947599212,0.20714285714285713,6.5,0.4,0.225,39,62,0.6153846153846154
progressive/rome_benchmark/grafo3757.39,25,4,closeness,0.5144927536231884,-0.4674033149171271,0.20714285714285713,0.75,0.2365079365079365,0.2642857142857143,39,62,0.6153846153846154
progressive/rome_benchmark/grafo3757.39,25,4,betweeness,0.608695652173913,0.8596798947599212,0.20714285714285713,6.5,0.4,0.225,39,62,0.6153846153846154
progressive/rome_benchmark/grafo3757.39,25,4,rmc,0.6017316017316018,0.9583333333333334,0.20714285714285713,0.9333333333333332,0.3,0.15,39,62,0.5641025641025641
progressive/rome_benchmark/grafo3757.39,25,4,random,0.46666666666666673,-0.14285714285714282,0.20714285714285713,4.666666666666667,0.31111111111111106,0.21319444444444446,39,62,0.5384615384615384
progressive/rome_benchmark/grafo3757.39,25,4,spectral,0.580952380952381,0.3579726883619812,0.20714285714285713,0.355,0.15833333333333335,0.43125,39,62,0.5384615384615384
progressive/rome_benchmark/grafo3757.39,31,5,degree,0.608695652173913,0.5605175292153588,0.20714285714285713,1.85,0.5023809523809524,0.37142857142857144,39,62,0.6153846153846154
progressive/rome_benchmark/grafo3757.39,31,5,closeness,0.6599999999999998,0.27588703837798695,0.20714285714285713,0.8125,0.2068452380952381,0.2924107142857143,39,62,0.6410256410256411
progressive/rome_benchmark/grafo3757.39,31,5,betweeness,0.6231884057971014,0.7966101694915254,0.20714285714285713,2.15,0.2571428571428572,0.35000000000000003,39,62,0.6153846153846154
progressive/rome_benchmark/grafo3757.39,31,5,rmc,0.6304347826086957,0.45454545454545464,0.20714285714285713,0.45,0.20833333333333334,0.1471153846153846,39,62,0.6153846153846154
progressive/rome_benchmark/grafo3757.39,31,5,random,0.5291005291005291,-0.10789766407119018,0.20714285714285713,0.6666666666666666,0.21428571428571427,0.2767857142857143,39,62,0.717948717948718
progressive/rome_benchmark/grafo3757.39,31,5,spectral,0.5933333333333333,0.6195224350564157,0.20714285714285713,0.2333333333333333,0.1761904761904762,0.45625,39,62,0.6410256410256411
progressive/rome_benchmark/grafo3757.39,38,6,degree,0.7538461538461539,0.6424399410838538,0.20714285714285713,1.1388888888888888,0.4781746031746032,0.5642857142857143,39,62,0.6666666666666666
progressive/rome_benchmark/grafo3757.39,38,6,closeness,0.7301587301587301,0.6217921706868377,0.20714285714285713,3.875,0.8348214285714286,0.39464285714285713,39,62,0.717948717948718
progressive/rome_benchmark/grafo3757.39,38,6,betweeness,0.7301587301587301,0.6217921706868377,0.20714285714285713,3.875,0.8348214285714286,0.39464285714285713,39,62,0.717948717948718
progressive/rome_benchmark/grafo3757.39,38,6,rmc,0.6507936507936508,-0.08629441624365479,0.20714285714285713,0.34791666666666665,0.14583333333333334,0.278125,39,62,0.717948717948718
progressive/rome_benchmark/grafo3757.39,38,6,random,0.6258064516129033,0.0672820014573719,0.20714285714285713,1.5,0.5607142857142857,0.39610389610389607,39,62,0.7948717948717948
progressive/rome_benchmark/grafo3757.39,38,6,spectral,0.7044334975369457,0.7284370946822308,0.20714285714285713,0.39499999999999996,0.1671957671957672,0.5973214285714286,39,62,0.7435897435897436
progressive/rome_benchmark/grafo3757.39,44,7,degree,0.7839080459770115,0.5187890405525994,0.20714285714285713,0.43888888888888883,0.17063492063492064,0.5892857142857143,39,62,0.7692307692307693
progressive/rome_benchmark/grafo3757.39,44,7,closeness,0.7379310344827587,0.2274099059115924,0.20714285714285713,2.8125,1.3875,0.3068181818181818,39,62,0.7692307692307693
progressive/rome_benchmark/grafo3757.39,44,7,betweeness,0.7379310344827587,0.2274099059115924,0.20714285714285713,2.8125,1.3875,0.3068181818181818,39,62,0.7692307692307693
progressive/rome_benchmark/grafo3757.39,44,7,rmc,0.6975806451612904,0.839518555667001,0.20714285714285713,0.3430555555555555,0.15097402597402598,0.3924107142857143,39,62,0.8205128205128205
progressive/rome_benchmark/grafo3757.39,44,7,random,0.7032258064516129,0.5465116279069767,0.20714285714285713,0.5208333333333333,0.24345238095238092,0.24330357142857142,39,62,0.7948717948717948
progressive/rome_benchmark/grafo3757.39,44,7,spectral,0.8588709677419356,0.6195345599443104,0.20714285714285713,0.38666666666666666,0.21326530612244898,0.6821428571428572,39,62,0.8205128205128205
progressive/rome_benchmark/grafo3757.39,50,8,degree,0.8106060606060606,0.632738233248319,0.20714285714285713,0.22993197278911562,0.09081632653061225,0.5517857142857143,39,62,0.8461538461538461
progressive/rome_benchmark/grafo3757.39,50,8,closeness,0.8333333333333334,0.7469371359710786,0.20714285714285713,0.3047619047619048,0.1989795918367347,0.5416666666666666,39,62,0.8461538461538461
progressive/rome_benchmark/grafo3757.39,50,8,betweeness,0.8333333333333334,0.7469371359710786,0.20714285714285713,0.3047619047619048,0.1989795918367347,0.5416666666666666,39,62,0.8461538461538461
progressive/rome_benchmark/grafo3757.39,50,8,rmc,0.7243697478991596,0.9642091794507004,0.20714285714285713,0.16701388888888888,0.12884920634920635,0.5174107142857143,39,62,0.8974358974358975
progressive/rome_benchmark/grafo3757.39,50,8,random,0.8787878787878789,0.7454137027330587,0.20714285714285713,0.2833333333333333,0.14107142857142857,0.6446428571428571,39,62,0.8717948717948718
progressive/rome_benchmark/grafo3757.39,50,8,spectral,0.8823529411764708,1.0,0.20714285714285713,0.23253968253968252,0.1964042759961127,0.7842261904761905,39,62,0.8717948717948718
progressive/rome_benchmark/grafo3757.39,56,9,degree,0.8991596638655462,0.7513054037644202,0.20714285714285713,0.14576719576719577,0.11363636363636363,0.603125,39,62,0.8974358974358975
progressive/rome_benchmark/grafo3757.39,56,9,closeness,0.926984126984127,0.799391008418413,0.20714285714285713,0.23958333333333334,0.16796875,0.75625,39,62,0.9230769230769231
progressive/rome_benchmark/grafo3757.39,56,9,betweeness,0.926984126984127,0.799391008418413,0.20714285714285713,0.23958333333333334,0.16796875,0.75625,39,62,0.9230769230769231
progressive/rome_benchmark/grafo3757.39,56,9,rmc,0.8952380952380954,0.7717686199180149,0.20714285714285713,0.19591836734693877,0.1669642857142857,0.71875,39,62,0.9230769230769231
progressive/rome_benchmark/grafo3757.39,56,9,random,0.882882882882883,1.0,0.20714285714285713,0.4166666666666667,0.31666666666666665,0.6041666666666666,39,62,0.9487179487179487
progressive/rome_benchmark/grafo3757.39,56,9,spectral,0.907936507936508,1.0,0.20714285714285713,0.2677083333333333,0.14523809523809522,0.8415178571428572,39,62,0.9230769230769231
progressive/rome_benchmark/grafo3757.39,62,10,degree,1.0,1.0,0.20714285714285713,0.20714285714285713,0.20714285714285713,1.0,39,62,1.0
progressive/rome_benchmark/grafo3757.39,62,10,closeness,1.0,1.0,0.20714285714285713,0.20714285714285713,0.20714285714285713,1.0,39,62,1.0
progressive/rome_benchmark/grafo3757.39,62,10,betweeness,1.0,1.0,0.20714285714285713,0.20714285714285713,0.20714285714285713,1.0,39,62,1.0
progressive/rome_benchmark/grafo3757.39,62,10,rmc,1.0,1.0,0.20714285714285713,0.20714285714285713,0.20714285714285713,1.0,39,62,1.0
progressive/rome_benchmark/grafo3757.39,62,10,random,1.0,1.0,0.20714285714285713,0.20714285714285713,0.20714285714285713,1.0,39,62,1.0
progressive/rome_benchmark/grafo3757.39,62,10,spectral,1.0,1.0,0.20714285714285713,0.20714285714285713,0.20714285714285713,1.0,39,62,1.0
progressive/rome_benchmark/grafo11670.41,6,1,degree,0.7142857142857143,0.33333333333333337,1.05,5.0,1.25,0.12,41,54,0.17073170731707318
progressive/rome_benchmark/grafo11670.41,6,1,closeness,0.9285714285714285,1.0,1.05,4.0,1.0,0.12,41,54,0.1951219512195122
progressive/rome_benchmark/grafo11670.41,6,1,betweeness,0.9285714285714285,1.0,1.05,4.0,1.0,0.12,41,54,0.1951219512195122
progressive/rome_benchmark/grafo11670.41,6,1,rmc,0.9999999999999998,-0.5,1.05,0,0,0.0,41,54,0.1951219512195122
progressive/rome_benchmark/grafo11670.41,6,1,random,0.7142857142857143,0.0,1.05,3.0,0.3125,0.0,41,54,0.17073170731707318
progressive/rome_benchmark/grafo11670.41,6,1,spectral,0.6190476190476191,0.33333333333333337,1.05,5.0,1.25,0.12,41,54,0.17073170731707318
progressive/rome_benchmark/grafo11670.41,11,2,degree,0.5757575757575757,1.0,1.05,5.0,5.0,0.12,41,54,0.2926829268292683
progressive/rome_benchmark/grafo11670.41,11,2,closeness,0.5897435897435896,-0.3333333333333332,1.05,3.5,0.5833333333333334,0.27,41,54,0.3170731707317073
progressive/rome_benchmark/grafo11670.41,11,2,betweeness,0.8181818181818182,-0.33333333333333326,1.05,4.0,0.6666666666666666,0.24,41,54,0.2682926829268293
progressive/rome_benchmark/grafo11670.41,11,2,rmc,0.8021978021978022,-0.5,1.05,0,0,0.0,41,54,0.34146341463414637
progressive/rome_benchmark/grafo11670.41,11,2,random,0.846153846153846,1.0,1.05,3.5,0.5833333333333334,0.2,41,54,0.3170731707317073
progressive/rome_benchmark/grafo11670.41,11,2,spectral,0.5757575757575757,1.0,1.05,5.0,5.0,0.12,41,54,0.2926829268292683
progressive/rome_benchmark/grafo11670.41,17,3,degree,0.5294117647058824,1.0,1.05,3.5,0.45,0.12,41,54,0.43902439024390244
progressive/rome_benchmark/grafo11670.41,17,3,closeness,0.5906432748538012,-0.263157894736842,1.05,2.5,0.3333333333333333,0.22999999999999998,41,54,0.4634146341463415
progressive/rome_benchmark/grafo11670.41,17,3,betweeness,0.8088235294117646,0.23333333333333342,1.05,3.6666666666666665,0.7222222222222222,0.36,41,54,0.4146341463414634
progressive/rome_benchmark/grafo11670.41,17,3,rmc,0.8011695906432749,1.0,1.05,2.75,0.5,0.06666666666666667,41,54,0.4634146341463415
progressive/rome_benchmark/grafo11670.41,17,3,random,0.6323529411764706,1.0,1.05,4.0,0.6666666666666666,0.3,41,54,0.4146341463414634
progressive/rome_benchmark/grafo11670.41,17,3,spectral,0.5294117647058824,1.0,1.05,3.5,0.45,0.12,41,54,0.43902439024390244
progressive/rome_benchmark/grafo11670.41,22,4,degree,0.6363636363636365,1.0,1.05,1.3333333333333333,0.4166666666666667,0.08,41,54,0.5609756097560976
progressive/rome_benchmark/grafo11670.41,22,4,closeness,0.5844155844155845,1.0,1.05,2.1,0.35,0.22999999999999998,41,54,0.5365853658536586
progressive/rome_benchmark/grafo11670.41,22,4,betweeness,0.645021645021645,0.7333333333333333,1.05,3.6666666666666665,1.5,0.36,41,54,0.5365853658536586
progressive/rome_benchmark/grafo11670.41,22,4,rmc,0.7470355731225297,0.5221238938053098,1.05,3.5,0.5833333333333334,0.26666666666666666,41,54,0.5609756097560976
progressive/rome_benchmark/grafo11670.41,22,4,random,0.691699604743083,0.0,1.05,3.0,0.3333333333333333,0.0,41,54,0.5609756097560976
progressive/rome_benchmark/grafo11670.41,22,4,spectral,0.6363636363636365,1.0,1.05,1.3333333333333333,0.4166666666666667,0.08,41,54,0.5609756097560976
progressive/rome_benchmark/grafo11670.41,27,5,degree,0.7107692307692308,0.8596491228070176,1.05,4.0,0.9444444444444445,0.24,41,54,0.6341463414634146
progressive/rome_benchmark/grafo11670.41,27,5,closeness,0.6581196581196582,1.0,1.05,1.875,0.75,0.22999999999999998,41,54,0.6585365853658537
progressive/rome_benchmark/grafo11670.41,27,5,betweeness,0.6861538461538462,0.729957805907173,1.05,3.0,0.7666666666666666,0.39,41,54,0.6341463414634146
progressive/rome_benchmark/grafo11670.41,27,5,rmc,0.6861538461538462,1.0,1.05,1.625,0.6666666666666666,0.3,41,54,0.6341463414634146
progressive/rome_benchmark/grafo11670.41,27,5,random,0.623931623931624,1.0,1.05,1.5,0.6666666666666666,0.08,41,54,0.6585365853658537
progressive/rome_benchmark/grafo11670.41,27,5,spectral,0.6695156695156697,1.0,1.05,1.3333333333333333,0.4166666666666667,0.08,41,54,0.6585365853658537
progressive/rome_benchmark/grafo11670.41,33,6,degree,0.7287356321839081,0.8455284552845529,1.05,3.2,0.7999999999999999,0.54,41,54,0.7317073170731707
progressive/rome_benchmark/grafo11670.41,33,6,closeness,0.6946236559139786,1.0,1.05,1.125,0.5833333333333334,0.27,41,54,0.7560975609756098
progressive/rome_benchmark/grafo11670.41,33,6,betweeness,0.6774193548387097,0.12727272727272737,1.05,0.95,0.375,0.45999999999999996,41,54,0.7560975609756098
progressive/rome_benchmark/grafo11670.41,33,6,rmc,0.7536945812807881,1.0,1.05,1.9166666666666667,1.0,0.42000000000000004,41,54,0.7073170731707317
progressive/rome_benchmark/grafo11670.41,33,6,random,0.6896551724137929,1.0,1.05,2.375,1.0,0.68,41,54,0.7073170731707317
progressive/rome_benchmark/grafo11670.41,33,6,spectral,0.7241379310344828,1.0,1.05,3.3,0.3444444444444444,0.18666666666666668,41,54,0.7317073170731707
progressive/rome_benchmark/grafo11670.41,38,7,degree,0.8145161290322581,0.8187702265372169,1.05,3.625,1.5,0.64,41,54,0.7804878048780488
progressive/rome_benchmark/grafo11670.41,38,7,closeness,0.7234848484848484,1.0,1.05,2.8333333333333335,2.8333333333333335,0.39,41,54,0.8048780487804879
progressive/rome_benchmark/grafo11670.41,38,7,betweeness,0.7424242424242423,0.916010498687664,1.05,2.75,2.75,0.5599999999999999,41,54,0.8048780487804879
progressive/rome_benchmark/grafo11670.41,38,7,rmc,0.8104838709677421,0.8636847710330139,1.05,1.75,0.9444444444444445,0.44000000000000006,41,54,0.7804878048780488
progressive/rome_benchmark/grafo11670.41,38,7,random,0.7537878787878788,1.0,1.05,2.4,1.05,0.4833333333333333,41,54,0.8048780487804879
progressive/rome_benchmark/grafo11670.41,38,7,spectral,0.75,1.0,1.05,1.875,1.875,0.22000000000000003,41,54,0.8048780487804879
progressive/rome_benchmark/grafo11670.41,44,8,degree,0.8018018018018018,0.8241758241758241,1.05,3.25,1.25,0.7333333333333333,41,54,0.9024390243902439
progressive/rome_benchmark/grafo11670.41,44,8,closeness,0.8476190476190476,0.8532110091743119,1.05,3.75,1.5,0.6533333333333333,41,54,0.8780487804878049
progressive/rome_benchmark/grafo11670.41,44,8,betweeness,0.8476190476190476,0.8532110091743119,1.05,3.75,1.5,0.6533333333333333,41,54,0.8780487804878049
progressive/rome_benchmark/grafo11670.41,44,8,rmc,0.8412698412698413,1.0,1.05,1.0,1.0,0.48,41,54,0.8780487804878049
progressive/rome_benchmark/grafo11670.41,44,8,random,0.8571428571428572,1.0,1.05,2.5,2.5,0.47000000000000003,41,54,0.8780487804878049
progressive/rome_benchmark/grafo11670.41,44,8,spectral,0.8253968253968256,1.0,1.05,0.9444444444444445,0.9444444444444445,0.44000000000000006,41,54,0.8780487804878049
progressive/rome_benchmark/grafo11670.41,49,9,degree,0.9174964438122334,1.0,1.05,1.1,1.1,0.96,41,54,0.926829268292683
progressive/rome_benchmark/grafo11670.41,49,9,closeness,0.9028340080971661,1.0,1.05,3.0,3.0,0.6533333333333333,41,54,0.9512195121951219
progressive/rome_benchmark/grafo11670.41,49,9,betweeness,0.9028340080971661,1.0,1.05,3.0,3.0,0.6533333333333333,41,54,0.9512195121951219
progressive/rome_benchmark/grafo11670.41,49,9,rmc,0.8512820512820514,1.0,1.05,1.0,1.0,0.48,41,54,0.975609756097561
progressive/rome_benchmark/grafo11670.41,49,9,random,0.8641025641025641,0.8505545826036194,1.05,1.2,1.2,0.8400000000000001,41,54,0.975609756097561
progressive/rome_benchmark/grafo11670.41,49,9,spectral,0.8947368421052632,1.0,1.05,1.2,1.2,0.79,41,54,0.9512195121951219
progressive/rome_benchmark/grafo11670.41,54,10,degree,1.0,1.0,1.05,1.05,1.05,1.0,41,54,1.0
progressive/rome_benchmark/grafo11670.41,54,10,closeness,1.0,1.0,1.05,1.05,1.05,1.0,41,54,1.0
progressive/rome_benchmark/grafo11670.41,54,10,betweeness,1.0,1.0,1.05,1.05,1.05,1.0,41,54,1.0
progressive/rome_benchmark/grafo11670.41,54,10,rmc,1.0,1.0,1.05,1.05,1.05,1.0,41,54,1.0
progressive/rome_benchmark/grafo11670.41,54,10,random,1.0,1.0,1.05,1.05,1.05,1.0,41,54,1.0
progressive/rome_benchmark/grafo11670.41,54,10,spectral,1.0,1.0,1.05,1.05,1.05,1.0,41,54,1.0
progressive/rome_benchmark/grafo4848.65,8,1,degree,0.4444444444444444,-0.33333333333333326,2.0,6.0,1.5,0.25,65,80,0.13846153846153847
progressive/rome_benchmark/grafo4848.65,8,1,closeness,0.4848484848484848,0.0,2.0,3.0,0.12,0.07142857142857142,65,80,0.18461538461538463
progressive/rome_benchmark/grafo4848.65,8,1,betweeness,0.6666666666666666,0.0,2.0,5.0,5.0,0.0,65,80,0.13846153846153847
progressive/rome_benchmark/grafo4848.65,8,1,rmc,0.6666666666666666,0.0,2.0,3.0,3.0,0.0,65,80,0.13846153846153847
progressive/rome_benchmark/grafo4848.65,8,1,random,0.4909090909090909,-0.5,2.0,0,0,0.0,65,80,0.16923076923076924
progressive/rome_benchmark/grafo4848.65,8,1,spectral,0.4444444444444444,0.0,2.0,4.0,4.0,0.0625,65,80,0.13846153846153847
progressive/rome_benchmark/grafo4848.65,16,2,degree,0.5735294117647058,-0.33333333333333326,2.0,4.0,1.5,0.25,65,80,0.26153846153846155
progressive/rome_benchmark/grafo4848.65,16,2,closeness,0.5789473684210525,0.0,2.0,5.0,5.0,0.0,65,80,0.2923076923076923
progressive/rome_benchmark/grafo4848.65,16,2,betweeness,0.6029411764705882,0.0,2.0,4.0,1.625,0.0,65,80,0.26153846153846155
progressive/rome_benchmark/grafo4848.65,16,2,rmc,0.5321637426900584,-0.5,2.0,0,0,0.0,65,80,0.2923076923076923
progressive/rome_benchmark/grafo4848.65,16,2,random,0.4631578947368421,0.0,2.0,5.0,5.0,0.0,65,80,0.3076923076923077
progressive/rome_benchmark/grafo4848.65,16,2,spectral,0.6166666666666666,0.0,2.0,1.375,1.375,0.0625,65,80,0.24615384615384617
progressive/rome_benchmark/grafo4848.65,24,3,degree,0.6399999999999998,-0.33333333333333326,2.0,3.75,1.5,0.25,65,80,0.38461538461538464
progressive/rome_benchmark/grafo4848.65,24,3,closeness,0.48768472906403937,0.0,2.0,1.0,0.4444444444444444,0.0,65,80,0.4461538461538462
progressive/rome_benchmark/grafo4848.65,24,3,betweeness,0.7549407114624506,0.0,2.0,4.0,4.0,0.0,65,80,0.35384615384615387
progressive/rome_benchmark/grafo4848.65,24,3,rmc,0.7101449275362319,1.0,2.0,1.2916666666666667,0.8444444444444444,0.3,65,80,0.36923076923076925
progressive/rome_benchmark/grafo4848.65,24,3,random,0.6799999999999998,0.0,2.0,4.0,1.6666666666666667,0.0,65,80,0.38461538461538464
progressive/rome_benchmark/grafo4848.65,24,3,spectral,0.6837944664031621,0.0,2.0,1.1875,0.625,0.0,65,80,0.35384615384615387
progressive/rome_benchmark/grafo4848.65,32,4,degree,0.6935483870967744,-0.33333333333333326,2.0,4.25,1.0,0.25,65,80,0.49230769230769234
progressive/rome_benchmark/grafo4848.65,32,4,closeness,0.5971479500891266,0.0,2.0,0.5833333333333334,0.35416666666666663,0.0,65,80,0.5230769230769231
progressive/rome_benchmark/grafo4848.65,32,4,betweeness,0.7462121212121212,0.0,2.0,0.375,0.25555555555555554,0.0,65,80,0.5076923076923077
progressive/rome_benchmark/grafo4848.65,32,4,rmc,0.7290322580645162,1.0,2.0,0.5833333333333334,0.30666666666666664,0.3,65,80,0.47692307692307695
progressive/rome_benchmark/grafo4848.65,32,4,random,0.6126984126984127,0.0,2.0,1.4166666666666667,0.8888888888888888,0.0,65,80,0.5538461538461539
progressive/rome_benchmark/grafo4848.65,32,4,spectral,0.7517241379310345,0.0,2.0,1.2083333333333333,0.7222222222222222,0.0,65,80,0.46153846153846156
progressive/rome_benchmark/grafo4848.65,40,5,degree,0.7192982456140352,-0.33333333333333326,2.0,1.75,0.45,0.25,65,80,0.6
progressive/rome_benchmark/grafo4848.65,40,5,closeness,0.6897435897435897,0.0,2.0,0.9375,0.9375,0.0,65,80,0.6153846153846154
progressive/rome_benchmark/grafo4848.65,40,5,betweeness,0.7307692307692307,0.0,2.0,0.625,0.625,0.0,65,80,0.6153846153846154
progressive/rome_benchmark/grafo4848.65,40,5,rmc,0.819047619047619,1.0,2.0,1.4375,0.9333333333333332,0.3,65,80,0.5538461538461539
progressive/rome_benchmark/grafo4848.65,40,5,random,0.6536585365853659,0.0,2.0,0.5,0.3125,0.0,65,80,0.6307692307692307
progressive/rome_benchmark/grafo4848.65,40,5,spectral,0.8317460317460319,1.0,2.0,1.25,1.25,0.5,65,80,0.5538461538461539
progressive/rome_benchmark/grafo4848.65,48,6,degree,0.7454545454545454,1.0,2.0,0.5,0.5,0.2,65,80,0.6923076923076923
progressive/rome_benchmark/grafo4848.65,48,6,closeness,0.725177304964539,0.0,2.0,0.625,0.625,0.0,65,80,0.7384615384615385
progressive/rome_benchmark/grafo4848.65,48,6,betweeness,0.725177304964539,0.0,2.0,0.625,0.625,0.0,65,80,0.7384615384615385
progressive/rome_benchmark/grafo4848.65,48,6,rmc,0.8427464008859358,1.0,2.0,0.5,0.3194444444444444,0.5,65,80,0.6615384615384615
progressive/rome_benchmark/grafo4848.65,48,6,random,0.6772946859903383,1.0,2.0,4.0,4.0,0.2,65,80,0.7076923076923077
progressive/rome_benchmark/grafo4848.65,48,6,spectral,0.8281068524970964,1.0,2.0,0.5,0.3194444444444444,0.5,65,80,0.6461538461538462
progressive/rome_benchmark/grafo4848.65,56,7,degree,0.7333333333333335,-0.1809523809523809,2.0,0.5555555555555556,0.2766666666666667,0.9,65,80,0.7846153846153846
progressive/rome_benchmark/grafo4848.65,56,7,closeness,0.7576197387518143,0.0,2.0,0.375,0.375,0.0,65,80,0.8153846153846154
progressive/rome_benchmark/grafo4848.65,56,7,betweeness,0.7576197387518143,0.0,2.0,0.375,0.375,0.0,65,80,0.8153846153846154
progressive/rome_benchmark/grafo4848.65,56,7,rmc,0.8404255319148938,1.0,2.0,0.425,0.24166666666666667,1.0,65,80,0.7384615384615385
progressive/rome_benchmark/grafo4848.65,56,7,random,0.7959183673469388,0.3333333333333334,2.0,0.375,0.16,0.3,65,80,0.7692307692307693
progressive/rome_benchmark/grafo4848.65,56,7,spectral,0.8936170212765958,1.0,2.0,0.625,0.625,0.75,65,80,0.7384615384615385
progressive/rome_benchmark/grafo4848.65,64,8,degree,0.8057302585604472,0.8476190476190476,2.0,0.9375,0.6083333333333333,0.9,65,80,0.8307692307692308
progressive/rome_benchmark/grafo4848.65,64,8,closeness,0.8258145363408523,1.0,2.0,0.2708333333333333,0.2066666666666667,0.3,65,80,0.8769230769230769
progressive/rome_benchmark/grafo4848.65,64,8,betweeness,0.8258145363408523,1.0,2.0,0.2708333333333333,0.2066666666666667,0.3,65,80,0.8769230769230769
progressive/rome_benchmark/grafo4848.65,64,8,rmc,0.8235690235690236,1.0,2.0,0.45,0.33999999999999997,1.0,65,80,0.8461538461538461
progressive/rome_benchmark/grafo4848.65,64,8,random,0.8064935064935066,1.0,2.0,0.5,0.375,0.5,65,80,0.8615384615384616
progressive/rome_benchmark/grafo4848.65,64,8,spectral,0.8560447239692521,1.0,2.0,0.7916666666666666,0.7916666666666666,0.8,65,80,0.8307692307692308
progressive/rome_benchmark/grafo4848.65,72,9,degree,0.8807714786674458,1.0,2.0,0.5888888888888889,0.5888888888888889,0.9,65,80,0.9076923076923077
progressive/rome_benchmark/grafo4848.65,72,9,closeness,0.8858757062146891,1.0,2.0,0.5833333333333334,0.425,0.8,65,80,0.9230769230769231
progressive/rome_benchmark/grafo4848.65,72,9,betweeness,0.8858757062146891,1.0,2.0,0.5833333333333334,0.425,0.8,65,80,0.9230769230769231
progressive/rome_benchmark/grafo4848.65,72,9,rmc,0.9062146892655367,1.0,2.0,2.0,2.0,1.0,65,80,0.9230769230769231
progressive/rome_benchmark/grafo4848.65,72,9,random,0.8699453551912568,1.0,2.0,3.0,3.0,0.5,65,80,0.9384615384615385
progressive/rome_benchmark/grafo4848.65,72,9,spectral,0.9251899473991817,1.0,2.0,0.9166666666666666,0.9166666666666666,1.0,65,80,0.9076923076923077
progressive/rome_benchmark/grafo4848.65,80,10,degree,1.0,1.0,2.0,2.0,2.0,1.0,65,80,1.0
progressive/rome_benchmark/grafo4848.65,80,10,closeness,1.0,1.0,2.0,2.0,2.0,1.0,65,80,1.0
progressive/rome_benchmark/grafo4848.65,80,10,betweeness,1.0,1.0,2.0,2.0,2.0,1.0,65,80,1.0
progressive/rome_benchmark/grafo4848.65,80,10,rmc,1.0,1.0,2.0,2.0,2.0,1.0,65,80,1.0
progressive/rome_benchmark/grafo4848.65,80,10,random,1.0,1.0,2.0,2.0,2.0,1.0,65,80,1.0
progressive/rome_benchmark/grafo4848.65,80,10,spectral,1.0,1.0,2.0,2.0,2.0,1.0,65,80,1.0
progressive/rome_benchmark/grafo5815.34,4,1,degree,0.7999999999999999,0.0,0.5833333333333334,4.0,1.0,0.0,34,39,0.14705882352941177
progressive/rome_benchmark/grafo5815.34,4,1,closeness,0.6190476190476191,-0.5,0.5833333333333334,0,0,0.0,34,39,0.20588235294117646
progressive/rome_benchmark/grafo5815.34,4,1,betweeness,0.2,0.0,0.5833333333333334,3.0,3.0,0.0,34,39,0.17647058823529413
progressive/rome_benchmark/grafo5815.34,4,1,rmc,0.19999999999999998,-0.5,0.5833333333333334,0,0,0.0,34,39,0.14705882352941177
progressive/rome_benchmark/grafo5815.34,4,1,random,-0.3333333333333333,0.0,0.5833333333333334,3.0,0.1875,0.05,34,39,0.17647058823529413
progressive/rome_benchmark/grafo5815.34,4,1,spectral,-0.39999999999999997,-0.5,0.5833333333333334,0,0,0.0,34,39,0.14705882352941177
progressive/rome_benchmark/grafo5815.34,8,2,degree,0.5,0.0,0.5833333333333334,3.5,1.25,0.0,34,39,0.2647058823529412
progressive/rome_benchmark/grafo5815.34,8,2,closeness,0.46153846153846145,0.0,0.5833333333333334,3.0,3.0,0.0,34,39,0.38235294117647056
progressive/rome_benchmark/grafo5815.34,8,2,betweeness,0.4545454545454545,1.0,0.5833333333333334,3.0,0.6666666666666666,0.125,34,39,0.35294117647058826
progressive/rome_benchmark/grafo5815.34,8,2,rmc,0.34545454545454546,0.0,0.5833333333333334,3.0,3.0,0.0,34,39,0.3235294117647059
progressive/rome_benchmark/grafo5815.34,8,2,random,0.4444444444444444,1.0,0.5833333333333334,4.0,0.4444444444444444,0.1875,34,39,0.2647058823529412
progressive/rome_benchmark/grafo5815.34,8,2,spectral,0.21428571428571427,0.0,0.5833333333333334,1.0,1.0,0.0,34,39,0.23529411764705882
progressive/rome_benchmark/grafo5815.34,12,3,degree,0.37142857142857144,1.0,0.5833333333333334,3.3333333333333335,0.5,0.125,34,39,0.4411764705882353
progressive/rome_benchmark/grafo5815.34,12,3,closeness,0.542483660130719,1.0,0.5833333333333334,3.0,1.125,0.125,34,39,0.5294117647058824
progressive/rome_benchmark/grafo5815.34,12,3,betweeness,0.46405228758169936,1.0,0.5833333333333334,3.0,0.6666666666666666,0.125,34,39,0.5294117647058824
progressive/rome_benchmark/grafo5815.34,12,3,rmc,0.4285714285714286,0.0,0.5833333333333334,3.0,3.0,0.0,34,39,0.4411764705882353
progressive/rome_benchmark/grafo5815.34,12,3,random,0.39999999999999997,1.0,0.5833333333333334,3.5,0.7222222222222222,0.1875,34,39,0.47058823529411764
progressive/rome_benchmark/grafo5815.34,12,3,spectral,0.5824175824175825,0.0,0.5833333333333334,1.0,1.0,0.0,34,39,0.4117647058823529
progressive/rome_benchmark/grafo5815.34,16,4,degree,0.5686274509803922,-0.14285714285714274,0.5833333333333334,3.5,0.3055555555555555,0.3125,34,39,0.5294117647058824
progressive/rome_benchmark/grafo5815.34,16,4,closeness,0.5263157894736842,1.0,0.5833333333333334,3.0,1.25,0.375,34,39,0.5882352941176471
progressive/rome_benchmark/grafo5815.34,16,4,betweeness,0.5087719298245613,0.9658119658119658,0.5833333333333334,1.3125,0.4,0.625,34,39,0.5588235294117647
progressive/rome_benchmark/grafo5815.34,16,4,rmc,0.542483660130719,0.0,0.5833333333333334,2.0,2.0,0.0,34,39,0.5294117647058824
progressive/rome_benchmark/grafo5815.34,16,4,random,0.5368421052631579,1.0,0.5833333333333334,3.3333333333333335,0.8148148148148148,0.1875,34,39,0.5882352941176471
progressive/rome_benchmark/grafo5815.34,16,4,spectral,0.5441176470588235,0.3333333333333334,0.5833333333333334,3.0,1.125,0.25,34,39,0.5
progressive/rome_benchmark/grafo5815.34,20,5,degree,0.6190476190476191,0.2000000000000001,0.5833333333333334,3.4,0.45999999999999996,0.5625,34,39,0.6470588235294118
progressive/rome_benchmark/grafo5815.34,20,5,closeness,0.391304347826087,0.9829059829059829,0.5833333333333334,1.25,0.4583333333333333,0.625,34,39,0.6764705882352942
progressive/rome_benchmark/grafo5815.34,20,5,betweeness,0.4545454545454546,0.9829059829059829,0.5833333333333334,1.25,0.33333333333333337,0.625,34,39,0.6764705882352942
progressive/rome_benchmark/grafo5815.34,20,5,rmc,0.47186147186147187,0.3333333333333334,0.5833333333333334,3.0,1.125,0.25,34,39,0.6470588235294118
progressive/rome_benchmark/grafo5815.34,20,5,random,0.7894736842105262,1.0,0.5833333333333334,1.5833333333333333,0.24074074074074073,0.4375,34,39,0.5588235294117647
progressive/rome_benchmark/grafo5815.34,20,5,spectral,0.6210526315789474,0.4385964912280702,0.5833333333333334,1.4166666666666667,0.4861111111111111,0.4375,34,39,0.5882352941176471
progressive/rome_benchmark/grafo5815.34,24,6,degree,0.6521739130434783,0.2026143790849674,0.5833333333333334,1.55,0.2714285714285714,0.8125,34,39,0.7058823529411765
progressive/rome_benchmark/grafo5815.34,24,6,closeness,0.563076923076923,0.9829059829059829,0.5833333333333334,1.25,0.4583333333333333,0.625,34,39,0.7647058823529411
progressive/rome_benchmark/grafo5815.34,24,6,betweeness,0.5933333333333333,0.9863945578231292,0.5833333333333334,1.5625,0.3055555555555555,0.6875,34,39,0.7352941176470589
progressive/rome_benchmark/grafo5815.34,24,6,rmc,0.6376811594202899,0.0,0.5833333333333334,4.0,4.0,0.0,34,39,0.7058823529411765
progressive/rome_benchmark/grafo5815.34,24,6,random,0.6884057971014493,1.0,0.5833333333333334,1.4166666666666667,0.5416666666666666,0.4375,34,39,0.7058823529411765
progressive/rome_benchmark/grafo5815.34,24,6,spectral,0.6679841897233202,0.4385964912280702,0.5833333333333334,1.5833333333333333,0.5694444444444444,0.4375,34,39,0.6764705882352942
progressive/rome_benchmark/grafo5815.34,28,7,degree,0.7476923076923077,0.3382352941176472,0.5833333333333334,1.5,0.39166666666666666,0.875,34,39,0.7647058823529411
progressive/rome_benchmark/grafo5815.34,28,7,closeness,0.7037037037037038,1.0,0.5833333333333334,1.1666666666666667,0.611111111111111,0.75,34,39,0.7941176470588235
progressive/rome_benchmark/grafo5815.34,28,7,betweeness,0.7037037037037038,1.0,0.5833333333333334,1.1666666666666667,0.611111111111111,0.75,34,39,0.7941176470588235
progressive/rome_benchmark/grafo5815.34,28,7,rmc,0.7230769230769231,1.0,0.5833333333333334,1.375,1.375,0.25,34,39,0.7647058823529411
progressive/rome_benchmark/grafo5815.34,28,7,random,0.6296296296296297,0.4385964912280702,0.5833333333333334,1.5833333333333333,0.8333333333333334,0.4375,34,39,0.8235294117647058
progressive/rome_benchmark/grafo5815.34,28,7,spectral,0.7230769230769231,1.0,0.5833333333333334,1.375,1.375,0.25,34,39,0.7647058823529411
progressive/rome_benchmark/grafo5815.34,32,8,degree,0.7747126436781608,0.3382352941176472,0.5833333333333334,1.5,0.4333333333333333,0.875,34,39,0.8823529411764706
progressive/rome_benchmark/grafo5815.34,32,8,closeness,0.817733990147783,0.7214700193423598,0.5833333333333334,1.375,0.7916666666666666,0.9375,34,39,0.8529411764705882
progressive/rome_benchmark/grafo5815.34,32,8,betweeness,0.817733990147783,0.7214700193423598,0.5833333333333334,1.375,0.7916666666666666,0.9375,34,39,0.8529411764705882
progressive/rome_benchmark/grafo5815.34,32,8,rmc,0.8128078817733988,0.4385964912280702,0.5833333333333334,1.4166666666666667,1.4166666666666667,0.4375,34,39,0.8529411764705882
progressive/rome_benchmark/grafo5815.34,32,8,random,0.7747126436781608,0.8421917808219178,0.5833333333333334,0.7916666666666666,0.7916666666666666,0.9375,34,39,0.8823529411764706
progressive/rome_benchmark/grafo5815.34,32,8,spectral,0.8128078817733988,0.4385964912280702,0.5833333333333334,1.4166666666666667,1.4166666666666667,0.4375,34,39,0.8529411764705882
progressive/rome_benchmark/grafo5815.34,36,9,degree,0.9311827956989248,1.0,0.5833333333333334,0.59375,0.59375,0.6875,34,39,0.9117647058823529
progressive/rome_benchmark/grafo5815.34,36,9,closeness,0.8467741935483872,0.8421917808219178,0.5833333333333334,0.7916666666666666,0.7916666666666666,0.9375,34,39,0.9411764705882353
progressive/rome_benchmark/grafo5815.34,36,9,betweeness,0.8467741935483872,0.8421917808219178,0.5833333333333334,0.7916666666666666,0.7916666666666666,0.9375,34,39,0.9411764705882353
progressive/rome_benchmark/grafo5815.34,36,9,rmc,0.9526881720430108,1.0,0.5833333333333334,0.59375,0.59375,0.6875,34,39,0.9117647058823529
progressive/rome_benchmark/grafo5815.34,36,9,random,0.8409090909090909,0.9832285115303984,0.5833333333333334,0.625,0.325,0.875,34,39,0.9705882352941176
progressive/rome_benchmark/grafo5815.34,36,9,spectral,0.9526881720430108,1.0,0.5833333333333334,0.59375,0.59375,0.6875,34,39,0.9117647058823529
progressive/rome_benchmark/grafo5815.34,39,10,degree,1.0,1.0,0.5833333333333334,0.5833333333333334,0.5833333333333334,1.0,34,39,1.0
progressive/rome_benchmark/grafo5815.34,39,10,closeness,1.0,1.0,0.5833333333333334,0.5833333333333334,0.5833333333333334,1.0,34,39,1.0
progressive/rome_benchmark/grafo5815.34,39,10,betweeness,1.0,1.0,0.5833333333333334,0.5833333333333334,0.5833333333333334,1.0,34,39,1.0
progressive/rome_benchmark/grafo5815.34,39,10,rmc,1.0,1.0,0.5833333333333334,0.5833333333333334,0.5833333333333334,1.0,34,39,1.0
progressive/rome_benchmark/grafo5815.34,39,10,random,1.0,1.0,0.5833333333333334,0.5833333333333334,0.5833333333333334,1.0,34,39,1.0
progressive/rome_benchmark/grafo5815.34,39,10,spectral,1.0,1.0,0.5833333333333334,0.5833333333333334,0.5833333333333334,1.0,34,39,1.0
progressive/rome_benchmark/grafo1555.37,5,1,degree,-0.06666666666666665,-0.3333333333333333,0.18452380952380953,5.0,0.10204081632653061,0.16666666666666666,37,48,0.16216216216216217
progressive/rome_benchmark/grafo1555.37,5,1,closeness,0.7142857142857142,-0.5,0.18452380952380953,0,0,0.0,37,48,0.21621621621621623
progressive/rome_benchmark/grafo1555.37,5,1,betweeness,-0.06666666666666665,-0.3333333333333333,0.18452380952380953,5.0,0.10204081632653061,0.16666666666666666,37,48,0.16216216216216217
progressive/rome_benchmark/grafo1555.37,5,1,rmc,0.16666666666666666,-0.5,0.18452380952380953,0,0,0.0,37,48,0.24324324324324326
progressive/rome_benchmark/grafo1555.37,5,1,random,0.6190476190476191,-0.5,0.18452380952380953,0,0,0.0,37,48,0.1891891891891892
progressive/rome_benchmark/grafo1555.37,5,1,spectral,-0.2,0.0,0.18452380952380953,3.0,0.3333333333333333,0.0,37,48,0.16216216216216217
progressive/rome_benchmark/grafo1555.37,10,2,degree,0.34545454545454546,0.4000000000000001,0.18452380952380953,6.0,0.6666666666666666,0.20833333333333334,37,48,0.2972972972972973
progressive/rome_benchmark/grafo1555.37,10,2,closeness,0.7878787878787877,0.0,0.18452380952380953,4.0,1.0,0.0,37,48,0.32432432432432434
progressive/rome_benchmark/grafo1555.37,10,2,betweeness,0.34545454545454546,0.4000000000000001,0.18452380952380953,6.0,0.6666666666666666,0.20833333333333334,37,48,0.2972972972972973
progressive/rome_benchmark/grafo1555.37,10,2,rmc,0.4358974358974358,0.0,0.18452380952380953,3.0,0.75,0.0,37,48,0.35135135135135137
progressive/rome_benchmark/grafo1555.37,10,2,random,0.2727272727272727,1.0,0.18452380952380953,1.375,0.09788359788359788,0.15,37,48,0.2972972972972973
progressive/rome_benchmark/grafo1555.37,10,2,spectral,0.5555555555555555,0.0,0.18452380952380953,3.0,0.3125,0.0,37,48,0.2702702702702703
progressive/rome_benchmark/grafo1555.37,15,3,degree,0.6333333333333333,0.803680981595092,0.18452380952380953,5.5,0.5625,0.44166666666666665,37,48,0.43243243243243246
progressive/rome_benchmark/grafo1555.37,15,3,closeness,0.7647058823529412,0.0,0.18452380952380953,3.5,1.25,0.0,37,48,0.4864864864864865
progressive/rome_benchmark/grafo1555.37,15,3,betweeness,0.6333333333333333,0.803680981595092,0.18452380952380953,5.5,0.5625,0.44166666666666665,37,48,0.43243243243243246
progressive/rome_benchmark/grafo1555.37,15,3,rmc,0.4502923976608187,0.0,0.18452380952380953,3.0,0.75,0.0,37,48,0.5135135135135135
progressive/rome_benchmark/grafo1555.37,15,3,random,0.7352941176470588,1.0,0.18452380952380953,4.0,0.8888888888888888,0.1875,37,48,0.4594594594594595
progressive/rome_benchmark/grafo1555.37,15,3,spectral,0.6483516483516484,-0.33333333333333326,0.18452380952380953,2.75,0.5,0.22916666666666666,37,48,0.3783783783783784
progressive/rome_benchmark/grafo1555.37,20,4,degree,0.6736842105263158,0.7315215153386866,0.18452380952380953,6.0,0.6458333333333334,0.38095238095238093,37,48,0.5405405405405406
progressive/rome_benchmark/grafo1555.37,20,4,closeness,0.6761904761904762,1.0,0.18452380952380953,2.8333333333333335,0.6666666666666666,0.25,37,48,0.5675675675675675
progressive/rome_benchmark/grafo1555.37,20,4,betweeness,0.6736842105263158,0.7315215153386866,0.18452380952380953,6.0,0.6458333333333334,0.38095238095238093,37,48,0.5405405405405406
progressive/rome_benchmark/grafo1555.37,20,4,rmc,0.7894736842105264,0.0,0.18452380952380953,3.0,0.75,0.0,37,48,0.5405405405405406
progressive/rome_benchmark/grafo1555.37,20,4,random,0.8128654970760234,0.0,0.18452380952380953,4.0,1.375,0.0,37,48,0.5135135135135135
progressive/rome_benchmark/grafo1555.37,20,4,spectral,0.607843137254902,0.5384615384615385,0.18452380952380953,3.5,0.7777777777777778,0.3,37,48,0.4864864864864865
progressive/rome_benchmark/grafo1555.37,24,5,degree,0.6969696969696969,1.0,0.18452380952380953,6.0,2.125,0.38095238095238093,37,48,0.5945945945945946
progressive/rome_benchmark/grafo1555.37,24,5,closeness,0.7809523809523811,1.0,0.18452380952380953,1.1666666666666667,0.4166666666666667,0.48333333333333334,37,48,0.5675675675675675
progressive/rome_benchmark/grafo1555.37,24,5,betweeness,0.7473684210526316,0.5330450895614577,0.18452380952380953,2.25,0.7916666666666666,0.38095238095238093,37,48,0.5405405405405406
progressive/rome_benchmark/grafo1555.37,24,5,rmc,0.6333333333333332,1.0,0.18452380952380953,4.0,0.4444444444444444,0.07142857142857142,37,48,0.6756756756756757
progressive/rome_benchmark/grafo1555.37,24,5,random,0.4782608695652174,0.3333333333333333,0.18452380952380953,1.4375,0.20833333333333331,0.43333333333333335,37,48,0.6216216216216216
progressive/rome_benchmark/grafo1555.37,24,5,spectral,0.5968379446640317,0.5384615384615385,0.18452380952380953,3.75,0.6666666666666666,0.25,37,48,0.6216216216216216
progressive/rome_benchmark/grafo1555.37,29,6,degree,0.7971014492753623,0.5330450895614577,0.18452380952380953,2.0625,0.78125,0.38095238095238093,37,48,0.6486486486486487
progressive/rome_benchmark/grafo1555.37,29,6,closeness,0.7549407114624506,1.0,0.18452380952380953,3.5,0.59375,0.4297619047619048,37,48,0.6216216216216216
progressive/rome_benchmark/grafo1555.37,29,6,betweeness,0.7246376811594203,0.5330450895614577,0.18452380952380953,2.0625,0.78125,0.38095238095238093,37,48,0.6486486486486487
progressive/rome_benchmark/grafo1555.37,29,6,rmc,0.6182336182336183,0.6666666666666666,0.18452380952380953,0.5,0.0836940836940837,0.2,37,48,0.7297297297297297
progressive/rome_benchmark/grafo1555.37,29,6,random,0.7264957264957266,1.0,0.18452380952380953,0.6666666666666666,0.39583333333333337,0.425,37,48,0.7297297297297297
progressive/rome_benchmark/grafo1555.37,29,6,spectral,0.6984615384615385,1.0,0.18452380952380953,4.5,0.5,0.3,37,48,0.7027027027027027
progressive/rome_benchmark/grafo1555.37,34,7,degree,0.8133333333333331,0.7578509269769202,0.18452380952380953,3.75,0.9583333333333334,0.4642857142857143,37,48,0.6756756756756757
progressive/rome_benchmark/grafo1555.37,34,7,closeness,0.8153846153846154,0.7578509269769202,0.18452380952380953,3.6,0.9666666666666667,0.4642857142857143,37,48,0.7027027027027027
progressive/rome_benchmark/grafo1555.37,34,7,betweeness,0.8153846153846154,0.7578509269769202,0.18452380952380953,3.6,0.9666666666666667,0.4642857142857143,37,48,0.7027027027027027
progressive/rome_benchmark/grafo1555.37,34,7,rmc,0.7339901477832511,0.595859585958596,0.18452380952380953,1.625,0.45833333333333337,0.4791666666666667,37,48,0.7837837837837838
progressive/rome_benchmark/grafo1555.37,34,7,random,0.8128078817733988,1.0,0.18452380952380953,0.5416666666666666,0.3777777777777778,0.6083333333333333,37,48,0.7837837837837838
progressive/rome_benchmark/grafo1555.37,34,7,spectral,0.7057471264367816,1.0,0.18452380952380953,1.5,0.5,0.2857142857142857,37,48,0.8108108108108109
progressive/rome_benchmark/grafo1555.37,39,8,degree,0.8620689655172412,0.6791979949874687,0.18452380952380953,3.0,1.3125,0.4642857142857143,37,48,0.7837837837837838
progressive/rome_benchmark/grafo1555.37,39,8,closeness,0.8206896551724139,0.8920785668033672,0.18452380952380953,3.0,0.5104166666666667,0.65,37,48,0.8108108108108109
progressive/rome_benchmark/grafo1555.37,39,8,betweeness,0.8206896551724139,0.8920785668033672,0.18452380952380953,3.0,0.5104166666666667,0.65,37,48,0.8108108108108109
progressive/rome_benchmark/grafo1555.37,39,8,rmc,0.8709677419354839,0.6396737787297142,0.18452380952380953,0.5777777777777778,0.3148148148148148,0.75,37,48,0.8378378378378378
progressive/rome_benchmark/grafo1555.37,39,8,random,0.7620967741935485,0.2780774889651791,0.18452380952380953,0.425,0.171875,0.85,37,48,0.8648648648648649
progressive/rome_benchmark/grafo1555.37,39,8,spectral,0.8064516129032259,0.7185477061638053,0.18452380952380953,0.9166666666666666,0.5833333333333334,0.5,37,48,0.8378378378378378
progressive/rome_benchmark/grafo1555.37,44,9,degree,0.9356060606060606,1.0,0.18452380952380953,0.1845238095238095,0.1845238095238095,0.775,37,48,0.8918918918918919
progressive/rome_benchmark/grafo1555.37,44,9,closeness,0.9318181818181818,1.0,0.18452380952380953,1.0833333333333335,0.6111111111111112,0.65,37,48,0.8918918918918919
progressive/rome_benchmark/grafo1555.37,44,9,betweeness,0.9318181818181818,1.0,0.18452380952380953,1.0833333333333335,0.6111111111111112,0.65,37,48,0.8918918918918919
progressive/rome_benchmark/grafo1555.37,44,9,rmc,0.9394957983193278,1.0,0.18452380952380953,0.3148148148148148,0.3148148148148148,0.75,37,48,0.9459459459459459
progressive/rome_benchmark/grafo1555.37,44,9,random,0.8666666666666668,0.8592738530819027,0.18452380952380953,0.9166666666666666,0.5833333333333334,0.5,37,48,0.972972972972973
progressive/rome_benchmark/grafo1555.37,44,9,spectral,0.9318181818181818,1.0,0.18452380952380953,0.3148148148148148,0.3148148148148148,0.75,37,48,0.8918918918918919
progressive/rome_benchmark/grafo1555.37,48,10,degree,1.0,1.0,0.18452380952380953,0.18452380952380953,0.18452380952380953,1.0,37,48,1.0
progressive/rome_benchmark/grafo1555.37,48,10,closeness,1.0,1.0,0.18452380952380953,0.18452380952380953,0.18452380952380953,1.0,37,48,1.0
progressive/rome_benchmark/grafo1555.37,48,10,betweeness,1.0,1.0,0.18452380952380953,0.18452380952380953,0.18452380952380953,1.0,37,48,1.0
progressive/rome_benchmark/grafo1555.37,48,10,rmc,1.0,1.0,0.18452380952380953,0.18452380952380953,0.18452380952380953,1.0,37,48,1.0
progressive/rome_benchmark/grafo1555.37,48,10,random,1.0,1.0,0.18452380952380953,0.18452380952380953,0.18452380952380953,1.0,37,48,1.0
progressive/rome_benchmark/grafo1555.37,48,10,spectral,1.0,1.0,0.18452380952380953,0.18452380952380953,0.18452380952380953,1.0,37,48,1.0
progressive/rome_benchmark/grafo10078.40,6,1,degree,1.0,1.0,1.75,6.0,1.5,0.8571428571428571,40,51,0.175
progressive/rome_benchmark/grafo10078.40,6,1,closeness,0.42857142857142855,0.0,1.75,3.0,3.0,0.0,40,51,0.2
progressive/rome_benchmark/grafo10078.40,6,1,betweeness,0.6190476190476191,0.0,1.75,3.0,3.0,0.0,40,51,0.175
progressive/rome_benchmark/grafo10078.40,6,1,rmc,0.21428571428571427,0.0,1.75,3.0,0.3333333333333333,0.0,40,51,0.2
progressive/rome_benchmark/grafo10078.40,6,1,random,0.6190476190476191,0.0,1.75,3.0,3.0,0.0,40,51,0.175
progressive/rome_benchmark/grafo10078.40,6,1,spectral,0.33333333333333337,0.0,1.75,3.0,3.0,0.0,40,51,0.175
progressive/rome_benchmark/grafo10078.40,11,2,degree,0.3333333333333333,0.6190476190476191,1.75,7.0,1.75,1.0,40,51,0.3
progressive/rome_benchmark/grafo10078.40,11,2,closeness,0.5897435897435896,0.0,1.75,3.0,3.0,0.0,40,51,0.325
progressive/rome_benchmark/grafo10078.40,11,2,betweeness,0.5128205128205127,0.0,1.75,3.0,0.6666666666666666,0.0,40,51,0.325
progressive/rome_benchmark/grafo10078.40,11,2,rmc,0.606060606060606,-0.5,1.75,0,0,0.0,40,51,0.3
progressive/rome_benchmark/grafo10078.40,11,2,random,0.6153846153846153,-0.5,1.75,0,0,0.0,40,51,0.325
progressive/rome_benchmark/grafo10078.40,11,2,spectral,0.6666666666666666,0.0,1.75,3.0,3.0,0.0,40,51,0.3
progressive/rome_benchmark/grafo10078.40,16,3,degree,0.3235294117647059,0.42857142857142855,1.75,5.5,1.0555555555555556,1.0,40,51,0.425
progressive/rome_benchmark/grafo10078.40,16,3,closeness,0.6166666666666666,0.0,1.75,1.375,0.8333333333333334,0.0,40,51,0.4
progressive/rome_benchmark/grafo10078.40,16,3,betweeness,0.5032679738562092,0.0,1.75,3.3333333333333335,3.3333333333333335,0.0,40,51,0.45
progressive/rome_benchmark/grafo10078.40,16,3,rmc,0.4264705882352941,0.0,1.75,0.75,0.3333333333333333,0.0,40,51,0.425
progressive/rome_benchmark/grafo10078.40,16,3,random,0.3823529411764705,1.0,1.75,1.5,1.5,0.8571428571428571,40,51,0.425
progressive/rome_benchmark/grafo10078.40,16,3,spectral,0.49707602339181284,-0.5,1.75,0,0,0.0,40,51,0.475
progressive/rome_benchmark/grafo10078.40,21,4,degree,0.316017316017316,0.42857142857142855,1.75,5.0,0.888888888888889,1.0,40,51,0.55
progressive/rome_benchmark/grafo10078.40,21,4,closeness,0.6842105263157895,0.0,1.75,3.5,3.5,0.0,40,51,0.5
progressive/rome_benchmark/grafo10078.40,21,4,betweeness,0.6526315789473685,0.0,1.75,3.5,3.5,0.0,40,51,0.5
progressive/rome_benchmark/grafo10078.40,21,4,rmc,0.6374269005847952,0.0,1.75,2.3333333333333335,1.0,0.0,40,51,0.475
progressive/rome_benchmark/grafo10078.40,21,4,random,0.5789473684210525,0.0,1.75,1.125,1.125,0.0,40,51,0.475
progressive/rome_benchmark/grafo10078.40,21,4,spectral,0.567099567099567,1.0,1.75,4.0,1.5,0.375,40,51,0.55
progressive/rome_benchmark/grafo10078.40,26,5,degree,0.35042735042735046,0.42857142857142855,1.75,4.333333333333333,0.20634920634920637,1.0,40,51,0.675
progressive/rome_benchmark/grafo10078.40,26,5,closeness,0.7402597402597402,0.0,1.75,1.0,1.0,0.0,40,51,0.55
progressive/rome_benchmark/grafo10078.40,26,5,betweeness,0.7333333333333332,1.0,1.75,4.333333333333333,1.6666666666666667,0.8571428571428571,40,51,0.625
progressive/rome_benchmark/grafo10078.40,26,5,rmc,0.7154150197628459,0.0,1.75,1.375,0.8333333333333334,0.0,40,51,0.575
progressive/rome_benchmark/grafo10078.40,26,5,random,0.6307692307692307,0.0,1.75,1.25,0.7777777777777778,0.0,40,51,0.65
progressive/rome_benchmark/grafo10078.40,26,5,spectral,0.6199999999999999,1.0,1.75,1.5,1.5,0.8571428571428571,40,51,0.625
progressive/rome_benchmark/grafo10078.40,31,6,degree,0.49677419354838714,0.42857142857142855,1.75,4.333333333333333,0.26851851851851855,1.0,40,51,0.775
progressive/rome_benchmark/grafo10078.40,31,6,closeness,0.7292307692307692,0.0,1.75,3.0,3.0,0.0,40,51,0.65
progressive/rome_benchmark/grafo10078.40,31,6,betweeness,0.6984126984126984,1.0,1.75,5.0,1.625,1.0,40,51,0.7
progressive/rome_benchmark/grafo10078.40,31,6,rmc,0.720797720797721,0.0,1.75,0.8333333333333334,0.8333333333333334,0.0,40,51,0.675
progressive/rome_benchmark/grafo10078.40,31,6,random,0.7891737891737892,0.0,1.75,1.027777777777778,1.027777777777778,0.0,40,51,0.675
progressive/rome_benchmark/grafo10078.40,31,6,spectral,0.6157635467980295,1.0,1.75,1.75,1.75,1.0,40,51,0.725
progressive/rome_benchmark/grafo10078.40,36,7,degree,0.7806451612903227,1.0,1.75,1.75,1.75,1.0,40,51,0.775
progressive/rome_benchmark/grafo10078.40,36,7,closeness,0.7505376344086023,0.0,1.75,3.0,3.0,0.0,40,51,0.775
progressive/rome_benchmark/grafo10078.40,36,7,betweeness,0.7161290322580647,1.0,1.75,0.8333333333333334,0.5625,1.0,40,51,0.775
progressive/rome_benchmark/grafo10078.40,36,7,rmc,0.8850574712643677,0.0,1.75,4.0,4.0,0.0,40,51,0.75
progressive/rome_benchmark/grafo10078.40,36,7,random,0.7419354838709679,1.0,1.75,1.5,1.5,0.8571428571428571,40,51,0.8
progressive/rome_benchmark/grafo10078.40,36,7,spectral,0.7943548387096775,1.0,1.75,1.75,1.75,1.0,40,51,0.8
progressive/rome_benchmark/grafo10078.40,41,8,degree,0.9354838709677421,1.0,1.75,1.75,1.75,1.0,40,51,0.775
progressive/rome_benchmark/grafo10078.40,41,8,closeness,0.9354838709677421,1.0,1.75,1.75,1.75,1.0,40,51,0.775
progressive/rome_benchmark/grafo10078.40,41,8,betweeness,0.9354838709677421,1.0,1.75,1.75,1.75,1.0,40,51,0.775
progressive/rome_benchmark/grafo10078.40,41,8,rmc,0.8554621848739495,0.0,1.75,3.0,3.0,0.0,40,51,0.875
progressive/rome_benchmark/grafo10078.40,41,8,random,0.8146167557932265,1.0,1.75,0.8333333333333334,0.525,0.42857142857142855,40,51,0.85
progressive/rome_benchmark/grafo10078.40,41,8,spectral,0.9233870967741936,1.0,1.75,0.4,0.3055555555555555,1.0,40,51,0.8
progressive/rome_benchmark/grafo10078.40,46,9,degree,0.8468468468468467,1.0,1.75,1.75,1.75,1.0,40,51,0.925
progressive/rome_benchmark/grafo10078.40,46,9,closeness,0.8888888888888891,1.0,1.75,1.75,1.75,1.0,40,51,0.9
progressive/rome_benchmark/grafo10078.40,46,9,betweeness,0.8888888888888891,1.0,1.75,1.75,1.75,1.0,40,51,0.9
progressive/rome_benchmark/grafo10078.40,46,9,rmc,0.9317211948790898,1.0,1.75,0.75,0.75,0.42857142857142855,40,51,0.95
progressive/rome_benchmark/grafo10078.40,46,9,random,0.8408408408408409,1.0,1.75,1.75,1.75,1.0,40,51,0.925
progressive/rome_benchmark/grafo10078.40,46,9,spectral,0.9174603174603175,1.0,1.75,3.25,3.25,1.0,40,51,0.9
progressive/rome_benchmark/grafo10078.40,51,10,degree,1.0,1.0,1.75,1.75,1.75,1.0,40,51,1.0
progressive/rome_benchmark/grafo10078.40,51,10,closeness,1.0,1.0,1.75,1.75,1.75,1.0,40,51,1.0
progressive/rome_benchmark/grafo10078.40,51,10,betweeness,1.0,1.0,1.75,1.75,1.75,1.0,40,51,1.0
progressive/rome_benchmark/grafo10078.40,51,10,rmc,1.0,1.0,1.75,1.75,1.75,1.0,40,51,1.0
progressive/rome_benchmark/grafo10078.40,51,10,random,1.0,1.0,1.75,1.75,1.75,1.0,40,51,1.0
progressive/rome_benchmark/grafo10078.40,51,10,spectral,1.0,1.0,1.75,1.75,1.75,1.0,40,51,1.0
progressive/rome_benchmark/grafo10846.40,6,1,degree,0.04761904761904762,1.0,0.1574074074074074,3.0,0.75,0.07777777777777778,40,59,0.175
progressive/rome_benchmark/grafo10846.40,6,1,closeness,0.14285714285714288,1.0,0.1574074074074074,0.75,0.75,0.05555555555555555,40,59,0.175
progressive/rome_benchmark/grafo10846.40,6,1,betweeness,0.04761904761904762,1.0,0.1574074074074074,3.0,0.75,0.07777777777777778,40,59,0.175
progressive/rome_benchmark/grafo10846.40,6,1,rmc,0.33333333333333337,0.0,0.1574074074074074,3.0,0.75,0.0,40,59,0.175
progressive/rome_benchmark/grafo10846.40,6,1,random,0.21428571428571427,0.0,0.1574074074074074,3.0,0.75,0.022222222222222223,40,59,0.2
progressive/rome_benchmark/grafo10846.40,6,1,spectral,-0.04761904761904762,-0.5,0.1574074074074074,0,0,0.0,40,59,0.175
progressive/rome_benchmark/grafo10846.40,12,2,degree,0.46153846153846145,1.0,0.1574074074074074,0.75,0.1875,0.07777777777777778,40,59,0.325
progressive/rome_benchmark/grafo10846.40,12,2,closeness,0.41818181818181815,1.0,0.1574074074074074,1.0,1.0,0.044444444444444446,40,59,0.275
progressive/rome_benchmark/grafo10846.40,12,2,betweeness,0.46153846153846145,1.0,0.1574074074074074,0.75,0.1875,0.07777777777777778,40,59,0.325
progressive/rome_benchmark/grafo10846.40,12,2,rmc,0.30769230769230765,1.0,0.1574074074074074,1.125,0.225,0.07777777777777778,40,59,0.325
progressive/rome_benchmark/grafo10846.40,12,2,random,0.4945054945054945,1.0,0.1574074074074074,3.0,1.125,0.07777777777777778,40,59,0.35
progressive/rome_benchmark/grafo10846.40,12,2,spectral,0.15384615384615383,1.0,0.1574074074074074,3.0,0.1875,0.05555555555555555,40,59,0.325
progressive/rome_benchmark/grafo10846.40,18,3,degree,0.3676470588235294,0.0,0.1574074074074074,0.6666666666666666,0.14583333333333334,0.0380952380952381,40,59,0.425
progressive/rome_benchmark/grafo10846.40,18,3,closeness,0.580952380952381,-0.5,0.1574074074074074,0,0,0.0,40,59,0.375
progressive/rome_benchmark/grafo10846.40,18,3,betweeness,0.561904761904762,1.0,0.1574074074074074,0.75,0.75,0.07777777777777778,40,59,0.375
progressive/rome_benchmark/grafo10846.40,18,3,rmc,0.3684210526315789,1.0,0.1574074074074074,1.125,0.225,0.07777777777777778,40,59,0.475
progressive/rome_benchmark/grafo10846.40,18,3,random,0.34502923976608185,1.0,0.1574074074074074,1.125,0.225,0.07777777777777778,40,59,0.475
progressive/rome_benchmark/grafo10846.40,18,3,spectral,0.27485380116959063,1.0,0.1574074074074074,3.0,0.1875,0.05555555555555555,40,59,0.475
progressive/rome_benchmark/grafo10846.40,24,4,degree,0.5428571428571428,0.0,0.1574074074074074,0.8888888888888888,0.8888888888888888,0.050925925925925916,40,59,0.525
progressive/rome_benchmark/grafo10846.40,24,4,closeness,0.6842105263157894,1.0,0.1574074074074074,0.8125,0.23958333333333334,0.1259259259259259,40,59,0.475
progressive/rome_benchmark/grafo10846.40,24,4,betweeness,0.5789473684210527,1.0,0.1574074074074074,0.6666666666666666,0.6666666666666666,0.17777777777777778,40,59,0.5
progressive/rome_benchmark/grafo10846.40,24,4,rmc,0.5757575757575758,0.3732317736670294,0.1574074074074074,2.2,0.09772727272727272,0.2759259259259259,40,59,0.55
progressive/rome_benchmark/grafo10846.40,24,4,random,0.3992094861660079,1.0,0.1574074074074074,3.0,0.3125,0.13333333333333333,40,59,0.575
progressive/rome_benchmark/grafo10846.40,24,4,spectral,0.3695652173913043,1.0,0.1574074074074074,4.0,0.14285714285714285,0.06790123456790124,40,59,0.6
progressive/rome_benchmark/grafo10846.40,30,5,degree,0.6284584980237155,1.0,0.1574074074074074,0.34375,0.08680555555555555,0.08148148148148149,40,59,0.575
progressive/rome_benchmark/grafo10846.40,30,5,closeness,0.6126482213438735,0.7948717948717948,0.1574074074074074,0.7083333333333334,0.25833333333333336,0.20105820105820105,40,59,0.575
progressive/rome_benchmark/grafo10846.40,30,5,betweeness,0.7316017316017316,1.0,0.1574074074074074,0.3958333333333333,0.15625,0.31851851851851853,40,59,0.55
progressive/rome_benchmark/grafo10846.40,30,5,rmc,0.6000000000000001,1.0,0.1574074074074074,0.8125,0.24479166666666666,0.35555555555555557,40,59,0.65
progressive/rome_benchmark/grafo10846.40,30,5,random,0.5692307692307692,1.0,0.1574074074074074,0.875,0.09772727272727272,0.22037037037037038,40,59,0.65
progressive/rome_benchmark/grafo10846.40,30,5,spectral,0.5343915343915343,1.0,0.1574074074074074,0.7222222222222222,0.06597222222222222,0.07883597883597883,40,59,0.7
progressive/rome_benchmark/grafo10846.40,36,6,degree,0.7264957264957266,0.8198198198198198,0.1574074074074074,0.6666666666666666,0.24166666666666664,0.31216931216931215,40,59,0.675
progressive/rome_benchmark/grafo10846.40,36,6,closeness,0.737891737891738,0.8445572974166483,0.1574074074074074,0.2875,0.19642857142857142,0.38412698412698415,40,59,0.675
progressive/rome_benchmark/grafo10846.40,36,6,betweeness,0.6638176638176639,0.678714859437751,0.1574074074074074,0.4375,0.203125,0.32513227513227516,40,59,0.675
progressive/rome_benchmark/grafo10846.40,36,6,rmc,0.8042328042328042,1.0,0.1574074074074074,0.5,0.15625,0.3861111111111111,40,59,0.7
progressive/rome_benchmark/grafo10846.40,36,6,random,0.6,1.0,0.1574074074074074,0.5833333333333334,0.125,0.10185185185185185,40,59,0.75
progressive/rome_benchmark/grafo10846.40,36,6,spectral,0.6325757575757576,1.0,0.1574074074074074,0.6666666666666666,0.06818181818181818,0.07777777777777778,40,59,0.825
progressive/rome_benchmark/grafo10846.40,42,7,degree,0.7517241379310345,0.8873239436619719,0.1574074074074074,0.4777777777777778,0.2222222222222222,0.30185185185185187,40,59,0.75
progressive/rome_benchmark/grafo10846.40,42,7,closeness,0.7471264367816092,0.7730292691686119,0.1574074074074074,0.2875,0.234375,0.39603174603174607,40,59,0.75
progressive/rome_benchmark/grafo10846.40,42,7,betweeness,0.7241379310344828,0.8873239436619719,0.1574074074074074,0.4777777777777778,0.2222222222222222,0.30185185185185187,40,59,0.75
progressive/rome_benchmark/grafo10846.40,42,7,rmc,0.6975806451612904,1.0,0.1574074074074074,0.20833333333333334,0.14285714285714285,0.6222222222222222,40,59,0.8
progressive/rome_benchmark/grafo10846.40,42,7,random,0.7839080459770115,0.8772647574517826,0.1574074074074074,0.3666666666666667,0.15416666666666667,0.36666666666666664,40,59,0.75
progressive/rome_benchmark/grafo10846.40,42,7,spectral,0.7083333333333334,1.0,0.1574074074074074,0.6458333333333334,0.10069444444444445,0.29365079365079366,40,59,0.825
progressive/rome_benchmark/grafo10846.40,48,8,degree,0.8333333333333334,0.6269430051813472,0.1574074074074074,0.9375,0.359375,0.375,40,59,0.825
progressive/rome_benchmark/grafo10846.40,48,8,closeness,0.7840909090909091,0.7788018433179723,0.1574074074074074,0.225,0.18928571428571428,0.4867724867724868,40,59,0.825
progressive/rome_benchmark/grafo10846.40,48,8,betweeness,0.7840909090909091,0.7788018433179723,0.1574074074074074,0.225,0.18928571428571428,0.4867724867724868,40,59,0.825
progressive/rome_benchmark/grafo10846.40,48,8,rmc,0.8324420677361855,0.8738419081411394,0.1574074074074074,0.19444444444444445,0.1636904761904762,0.5920634920634922,40,59,0.85
progressive/rome_benchmark/grafo10846.40,48,8,random,0.8539682539682542,1.0,0.1574074074074074,0.475,0.17578125,0.25555555555555554,40,59,0.9
progressive/rome_benchmark/grafo10846.40,48,8,spectral,0.8789915966386554,0.9836536917845207,0.1574074074074074,0.6785714285714286,0.27232142857142855,0.5888888888888889,40,59,0.875
progressive/rome_benchmark/grafo10846.40,54,9,degree,0.93993993993994,1.0,0.1574074074074074,0.21944444444444447,0.15178571428571427,0.6574074074074073,40,59,0.925
progressive/rome_benchmark/grafo10846.40,54,9,closeness,0.918918918918919,1.0,0.1574074074074074,0.14910714285714285,0.1125,0.5462962962962963,40,59,0.925
progressive/rome_benchmark/grafo10846.40,54,9,betweeness,0.918918918918919,1.0,0.1574074074074074,0.14910714285714285,0.1125,0.5462962962962963,40,59,0.925
progressive/rome_benchmark/grafo10846.40,54,9,rmc,0.8648648648648649,1.0,0.1574074074074074,0.16666666666666669,0.16666666666666669,0.6666666666666666,40,59,0.925
progressive/rome_benchmark/grafo10846.40,54,9,random,0.903903903903904,0.9414182638326125,0.1574074074074074,0.16160714285714287,0.14166666666666666,0.5462962962962963,40,59,0.925
progressive/rome_benchmark/grafo10846.40,54,9,spectral,0.9431009957325748,1.0,0.1574074074074074,0.22321428571428573,0.22321428571428573,0.7777777777777778,40,59,0.95
progressive/rome_benchmark/grafo10846.40,59,10,degree,1.0,1.0,0.1574074074074074,0.1574074074074074,0.1574074074074074,1.0,40,59,1.0
progressive/rome_benchmark/grafo10846.40,59,10,closeness,1.0,1.0,0.1574074074074074,0.1574074074074074,0.1574074074074074,1.0,40,59,1.0
progressive/rome_benchmark/grafo10846.40,59,10,betweeness,1.0,1.0,0.1574074074074074,0.1574074074074074,0.1574074074074074,1.0,40,59,1.0
progressive/rome_benchmark/grafo10846.40,59,10,rmc,1.0,1.0,0.1574074074074074,0.1574074074074074,0.1574074074074074,1.0,40,59,1.0
progressive/rome_benchmark/grafo10846.40,59,10,random,1.0,1.0,0.1574074074074074,0.1574074074074074,0.1574074074074074,1.0,40,59,1.0
progressive/rome_benchmark/grafo10846.40,59,10,spectral,1.0,1.0,0.1574074074074074,0.1574074074074074,0.1574074074074074,1.0,40,59,1.0
progressive/rome_benchmark/grafo5271.39,5,1,degree,0.2,0.0,0.3,3.0,0.75,0.03333333333333333,39,46,0.15384615384615385
progressive/rome_benchmark/grafo5271.39,5,1,closeness,0.2222222222222222,-0.5,0.3,0,0,0.0,39,46,0.23076923076923078
progressive/rome_benchmark/grafo5271.39,5,1,betweeness,0.14285714285714288,-0.5,0.3,0,0,0.0,39,46,0.1794871794871795
progressive/rome_benchmark/grafo5271.39,5,1,rmc,0.14285714285714288,-0.33333333333333326,0.3,3.0,0.75,0.2,39,46,0.1794871794871795
progressive/rome_benchmark/grafo5271.39,5,1,random,0.7142857142857142,-0.5,0.3,0,0,0.0,39,46,0.20512820512820512
progressive/rome_benchmark/grafo5271.39,5,1,spectral,0.4666666666666666,0.0,0.3,3.0,0.75,0.0,39,46,0.15384615384615385
progressive/rome_benchmark/grafo5271.39,10,2,degree,0.5151515151515151,0.3333333333333333,0.3,4.0,0.4444444444444444,0.2,39,46,0.3076923076923077
progressive/rome_benchmark/grafo5271.39,10,2,closeness,0.5666666666666667,0.0,0.3,1.0,1.0,0.04,39,46,0.41025641025641024
progressive/rome_benchmark/grafo5271.39,10,2,betweeness,0.5047619047619049,0.0,0.3,1.0,1.0,0.04,39,46,0.38461538461538464
progressive/rome_benchmark/grafo5271.39,10,2,rmc,0.23076923076923073,-0.4666666666666666,0.3,3.0,0.3125,0.4,39,46,0.3333333333333333
progressive/rome_benchmark/grafo5271.39,10,2,random,0.30769230769230765,-1.0,0.3,3.0,0.3333333333333333,0.2,39,46,0.3333333333333333
progressive/rome_benchmark/grafo5271.39,10,2,spectral,0.5555555555555555,0.0,0.3,1.125,1.125,0.04,39,46,0.2564102564102564
progressive/rome_benchmark/grafo5271.39,14,3,degree,0.5833333333333334,0.3333333333333333,0.3,3.5,0.7222222222222222,0.24,39,46,0.41025641025641024
progressive/rome_benchmark/grafo5271.39,14,3,closeness,0.6017316017316018,0.0,0.3,1.0,1.0,0.04,39,46,0.5641025641025641
progressive/rome_benchmark/grafo5271.39,14,3,betweeness,0.6017316017316018,0.0,0.3,1.0,1.0,0.04,39,46,0.5641025641025641
progressive/rome_benchmark/grafo5271.39,14,3,rmc,0.35,0.7333333333333333,0.3,3.0,0.33333333333333337,0.4,39,46,0.41025641025641024
progressive/rome_benchmark/grafo5271.39,14,3,random,0.5833333333333334,0.0,0.3,1.125,1.125,0.04,39,46,0.41025641025641024
progressive/rome_benchmark/grafo5271.39,14,3,spectral,0.5897435897435896,0.0,0.3,1.8333333333333333,1.8333333333333333,0.04,39,46,0.3333333333333333
progressive/rome_benchmark/grafo5271.39,19,4,degree,0.5789473684210527,0.6384180790960452,0.3,3.3333333333333335,0.8148148148148148,0.44000000000000006,39,46,0.5128205128205128
progressive/rome_benchmark/grafo5271.39,19,4,closeness,0.5797101449275361,1.0,0.3,3.0,3.0,0.2,39,46,0.6153846153846154
progressive/rome_benchmark/grafo5271.39,19,4,betweeness,0.5797101449275361,1.0,0.3,3.0,3.0,0.2,39,46,0.6153846153846154
progressive/rome_benchmark/grafo5271.39,19,4,rmc,0.607843137254902,0.7142857142857143,0.3,0.7916666666666666,0.2847222222222222,0.6285714285714286,39,46,0.46153846153846156
progressive/rome_benchmark/grafo5271.39,19,4,random,0.5523809523809524,0.44946236559139785,0.3,3.5,0.35416666666666663,0.4,39,46,0.5384615384615384
progressive/rome_benchmark/grafo5271.39,19,4,spectral,0.6140350877192983,1.0,0.3,2.375,0.3333333333333333,0.08,39,46,0.48717948717948717
progressive/rome_benchmark/grafo5271.39,23,5,degree,0.5144927536231884,1.0,0.3,1.125,1.125,0.2,39,46,0.6153846153846154
progressive/rome_benchmark/grafo5271.39,23,5,closeness,0.4643874643874645,1.0,0.3,1.125,1.125,0.2,39,46,0.6923076923076923
progressive/rome_benchmark/grafo5271.39,23,5,betweeness,0.4643874643874645,1.0,0.3,1.125,1.125,0.2,39,46,0.6923076923076923
progressive/rome_benchmark/grafo5271.39,23,5,rmc,0.6190476190476191,0.43286573146292584,0.3,0.7666666666666666,0.2611111111111111,0.8,39,46,0.5641025641025641
progressive/rome_benchmark/grafo5271.39,23,5,random,0.4232804232804233,0.9607843137254902,0.3,0.9166666666666666,0.9166666666666666,0.44000000000000006,39,46,0.717948717948718
progressive/rome_benchmark/grafo5271.39,23,5,spectral,0.6536796536796536,1.0,0.3,0.7875,0.39999999999999997,0.08,39,46,0.5641025641025641
progressive/rome_benchmark/grafo5271.39,28,6,degree,0.5815384615384616,0.8666666666666667,0.3,2.125,0.875,0.4,39,46,0.6666666666666666
progressive/rome_benchmark/grafo5271.39,28,6,closeness,0.6296296296296297,0.8666666666666667,0.3,2.3,0.5666666666666667,0.4,39,46,0.717948717948718
progressive/rome_benchmark/grafo5271.39,28,6,betweeness,0.6296296296296297,0.8666666666666667,0.3,2.3,0.5666666666666667,0.4,39,46,0.717948717948718
progressive/rome_benchmark/grafo5271.39,28,6,rmc,0.7037037037037038,0.8610206297502715,0.3,0.38,0.23809523809523808,0.8,39,46,0.6923076923076923
progressive/rome_benchmark/grafo5271.39,28,6,random,0.7192118226600984,0.8192090395480226,0.3,1.25,0.35416666666666663,0.4,39,46,0.7435897435897436
progressive/rome_benchmark/grafo5271.39,28,6,spectral,0.7538461538461539,1.0,0.3,0.5416666666666666,0.25833333333333336,0.12,39,46,0.6666666666666666
progressive/rome_benchmark/grafo5271.39,33,7,degree,0.7733990147783251,0.8283433133732535,0.3,1.05,0.41666666666666663,0.6,39,46,0.7435897435897436
progressive/rome_benchmark/grafo5271.39,33,7,closeness,0.6666666666666666,0.8679706601466992,0.3,0.6944444444444445,0.31666666666666665,0.6,39,46,0.8461538461538461
progressive/rome_benchmark/grafo5271.39,33,7,betweeness,0.6666666666666666,0.8679706601466992,0.3,0.6944444444444445,0.31666666666666665,0.6,39,46,0.8461538461538461
progressive/rome_benchmark/grafo5271.39,33,7,rmc,0.9458128078817732,1.0,0.3,0.5,0.5,0.8,39,46,0.7435897435897436
progressive/rome_benchmark/grafo5271.39,33,7,random,0.7580645161290324,0.6666666666666666,0.3,1.0,0.4444444444444444,0.2,39,46,0.8205128205128205
progressive/rome_benchmark/grafo5271.39,33,7,spectral,0.7376344086021506,1.0,0.3,0.3125,0.225,0.2,39,46,0.7948717948717948
progressive/rome_benchmark/grafo5271.39,37,8,degree,0.8709677419354839,1.0,0.3,0.37142857142857144,0.2738095238095238,1.0,39,46,0.7948717948717948
progressive/rome_benchmark/grafo5271.39,37,8,closeness,0.7277310924369749,1.0,0.3,0.611111111111111,0.3958333333333333,0.4333333333333334,39,46,0.8974358974358975
progressive/rome_benchmark/grafo5271.39,37,8,betweeness,0.7277310924369749,1.0,0.3,0.611111111111111,0.3958333333333333,0.4333333333333334,39,46,0.8974358974358975
progressive/rome_benchmark/grafo5271.39,37,8,rmc,0.8333333333333334,1.0,0.3,0.5,0.5,0.8,39,46,0.8461538461538461
progressive/rome_benchmark/grafo5271.39,37,8,random,0.7896613190730838,0.926729986431479,0.3,0.4,0.2285714285714286,0.8,39,46,0.8717948717948718
progressive/rome_benchmark/grafo5271.39,37,8,spectral,0.821969696969697,0.68,0.3,0.34375,0.24166666666666664,0.4,39,46,0.8461538461538461
progressive/rome_benchmark/grafo5271.39,42,9,degree,0.9260504201680673,1.0,0.3,0.2738095238095238,0.2738095238095238,1.0,39,46,0.8974358974358975
progressive/rome_benchmark/grafo5271.39,42,9,closeness,0.8577524893314367,0.9245283018867925,0.3,0.5,0.3555555555555555,0.6,39,46,0.9743589743589743
progressive/rome_benchmark/grafo5271.39,42,9,betweeness,0.8577524893314367,0.9245283018867925,0.3,0.5,0.3555555555555555,0.6,39,46,0.9743589743589743
progressive/rome_benchmark/grafo5271.39,42,9,rmc,0.8888888888888891,1.0,0.3,0.3,0.3,1.0,39,46,0.9230769230769231
progressive/rome_benchmark/grafo5271.39,42,9,random,0.923809523809524,0.9706840390879479,0.3,0.5,0.5,0.8,39,46,0.9230769230769231
progressive/rome_benchmark/grafo5271.39,42,9,spectral,0.9460317460317461,1.0,0.3,0.25,0.25,0.8,39,46,0.9230769230769231
progressive/rome_benchmark/grafo5271.39,46,10,degree,1.0,1.0,0.3,0.3,0.3,1.0,39,46,1.0
progressive/rome_benchmark/grafo5271.39,46,10,closeness,1.0,1.0,0.3,0.3,0.3,1.0,39,46,1.0
progressive/rome_benchmark/grafo5271.39,46,10,betweeness,1.0,1.0,0.3,0.3,0.3,1.0,39,46,1.0
progressive/rome_benchmark/grafo5271.39,46,10,rmc,1.0,1.0,0.3,0.3,0.3,1.0,39,46,1.0
progressive/rome_benchmark/grafo5271.39,46,10,random,1.0,1.0,0.3,0.3,0.3,1.0,39,46,1.0
progressive/rome_benchmark/grafo5271.39,46,10,spectral,1.0,1.0,0.3,0.3,0.3,1.0,39,46,1.0
progressive/rome_benchmark/grafo10124.100,14,1,degree,0.48333333333333334,1.0,0.06964285714285715,8.0,8.0,0.08888888888888888,100,139,0.16
progressive/rome_benchmark/grafo10124.100,14,1,closeness,0.4705882352941176,0.0,0.06964285714285715,3.0,3.0,0.0,100,139,0.17
progressive/rome_benchmark/grafo10124.100,14,1,betweeness,0.43333333333333335,1.0,0.06964285714285715,3.5,0.5,0.11333333333333333,100,139,0.16
progressive/rome_benchmark/grafo10124.100,14,1,rmc,0.46405228758169936,0.0,0.06964285714285715,3.0,0.75,0.0,100,139,0.18
progressive/rome_benchmark/grafo10124.100,14,1,random,0.35947712418300654,0.0,0.06964285714285715,3.5,0.15178571428571427,0.08,100,139,0.18
progressive/rome_benchmark/grafo10124.100,14,1,spectral,0.4666666666666667,0.0,0.06964285714285715,1.375,0.5833333333333334,0.0,100,139,0.15
progressive/rome_benchmark/grafo10124.100,28,2,degree,0.6084656084656085,1.0,0.06964285714285715,4.666666666666667,2.0833333333333335,0.11388888888888889,100,139,0.28
progressive/rome_benchmark/grafo10124.100,28,2,closeness,0.5615763546798028,1.0,0.06964285714285715,5.5,1.5,0.08888888888888888,100,139,0.29
progressive/rome_benchmark/grafo10124.100,28,2,betweeness,0.6825396825396826,1.0,0.06964285714285715,5.5,2.375,0.15388888888888888,100,139,0.28
progressive/rome_benchmark/grafo10124.100,28,2,rmc,0.3891625615763546,1.0,0.06964285714285715,4.0,0.2916666666666667,0.15,100,139,0.29
progressive/rome_benchmark/grafo10124.100,28,2,random,0.5291005291005291,0.0,0.06964285714285715,1.5,0.24404761904761904,0.13833333333333334,100,139,0.28
progressive/rome_benchmark/grafo10124.100,28,2,spectral,0.49538461538461537,1.0,0.06964285714285715,2.4166666666666665,1.388888888888889,0.10666666666666666,100,139,0.26
progressive/rome_benchmark/grafo10124.100,42,3,degree,0.6307692307692309,1.0,0.06964285714285715,4.333333333333333,0.7916666666666666,0.125,100,139,0.4
progressive/rome_benchmark/grafo10124.100,42,3,closeness,0.5687103594080338,0.9753086419753086,0.06964285714285715,1.9583333333333333,0.6319444444444444,0.146031746031746,100,139,0.44
progressive/rome_benchmark/grafo10124.100,42,3,betweeness,0.6463414634146342,1.0,0.06964285714285715,5.5,5.5,0.08888888888888888,100,139,0.41
progressive/rome_benchmark/grafo10124.100,42,3,rmc,0.5238095238095238,1.0,0.06964285714285715,1.0,0.40136054421768713,0.10666666666666666,100,139,0.42
progressive/rome_benchmark/grafo10124.100,42,3,random,0.6380952380952382,1.0,0.06964285714285715,0.6041666666666666,0.19921875,0.15714285714285714,100,139,0.36
progressive/rome_benchmark/grafo10124.100,42,3,spectral,0.55049786628734,1.0,0.06964285714285715,0.8333333333333334,0.14166666666666666,0.13015873015873014,100,139,0.38
progressive/rome_benchmark/grafo10124.100,56,4,degree,0.6473469387755102,0.9949769778149853,0.06964285714285715,0.4583333333333333,0.33370535714285715,0.3194444444444445,100,139,0.5
progressive/rome_benchmark/grafo10124.100,56,4,closeness,0.6530920060331825,0.5,0.06964285714285715,0.5833333333333334,0.125,0.1392857142857143,100,139,0.52
progressive/rome_benchmark/grafo10124.100,56,4,betweeness,0.711372549019608,1.0,0.06964285714285715,1.1111111111111112,1.1111111111111112,0.1,100,139,0.51
progressive/rome_benchmark/grafo10124.100,56,4,rmc,0.5979680696661829,0.0,0.06964285714285715,0.5416666666666666,0.5416666666666666,0.13999999999999999,100,139,0.53
progressive/rome_benchmark/grafo10124.100,56,4,random,0.6047058823529413,1.0,0.06964285714285715,0.6979166666666666,0.2908950617283951,0.19047619047619047,100,139,0.51
progressive/rome_benchmark/grafo10124.100,56,4,spectral,0.6946859903381644,1.0,0.06964285714285715,0.4533333333333333,0.21851851851851847,0.2,100,139,0.46
progressive/rome_benchmark/grafo10124.100,70,5,degree,0.724310776942356,0.575083426028921,0.06964285714285715,0.24603174603174602,0.13636363636363635,0.3995238095238095,100,139,0.57
progressive/rome_benchmark/grafo10124.100,70,5,closeness,0.683765203595981,0.452991452991453,0.06964285714285715,1.0,0.2708333333333333,0.26666666666666666,100,139,0.62
progressive/rome_benchmark/grafo10124.100,70,5,betweeness,0.6938044034818227,1.0,0.06964285714285715,0.8888888888888888,0.45,0.14666666666666667,100,139,0.63
progressive/rome_benchmark/grafo10124.100,70,5,rmc,0.7367231638418079,0.0,0.06964285714285715,0.4583333333333333,0.4583333333333333,0.13999999999999999,100,139,0.6
progressive/rome_benchmark/grafo10124.100,70,5,random,0.7050691244239631,1.0,0.06964285714285715,0.2638888888888889,0.10378787878787878,0.225,100,139,0.63
progressive/rome_benchmark/grafo10124.100,70,5,spectral,0.7400673400673402,0.43859649122807015,0.06964285714285715,0.26666666666666666,0.08143939393939394,0.2542857142857143,100,139,0.55
progressive/rome_benchmark/grafo10124.100,84,6,degree,0.7699736611062336,0.3207963317662082,0.06964285714285715,0.12666666666666665,0.06071428571428572,0.4392857142857142,100,139,0.68
progressive/rome_benchmark/grafo10124.100,84,6,closeness,0.740836727138097,0.6930455635491607,0.06964285714285715,2.3333333333333335,0.35,0.3,100,139,0.74
progressive/rome_benchmark/grafo10124.100,84,6,betweeness,0.740836727138097,0.6930455635491607,0.06964285714285715,2.3333333333333335,0.35,0.3,100,139,0.74
progressive/rome_benchmark/grafo10124.100,84,6,rmc,0.7743634767339771,1.0,0.06964285714285715,0.20166666666666666,0.08499999999999999,0.2733333333333333,100,139,0.68
progressive/rome_benchmark/grafo10124.100,84,6,random,0.7095495495495496,1.0,0.06964285714285715,0.09722222222222221,0.0625,0.2333333333333333,100,139,0.75
progressive/rome_benchmark/grafo10124.100,84,6,spectral,0.7628968253968254,0.5299065155002416,0.06964285714285715,0.1246031746031746,0.0631868131868132,0.47333333333333333,100,139,0.64
progressive/rome_benchmark/grafo10124.100,98,7,degree,0.7823423423423423,0.39391979787802006,0.06964285714285715,0.1331168831168831,0.06587301587301587,0.49523809523809526,100,139,0.75
progressive/rome_benchmark/grafo10124.100,98,7,closeness,0.7506329113924051,0.601063829787234,0.06964285714285715,0.1683673469387755,0.090625,0.3466666666666667,100,139,0.8
progressive/rome_benchmark/grafo10124.100,98,7,betweeness,0.7506329113924051,0.601063829787234,0.06964285714285715,0.1683673469387755,0.090625,0.3466666666666667,100,139,0.8
progressive/rome_benchmark/grafo10124.100,98,7,rmc,0.8660287081339713,1.0,0.06964285714285715,0.12946428571428573,0.07708333333333334,0.5166666666666667,100,139,0.77
progressive/rome_benchmark/grafo10124.100,98,7,random,0.7870821161960403,0.6220472440944883,0.06964285714285715,0.16666666666666666,0.09916666666666665,0.40499999999999997,100,139,0.79
progressive/rome_benchmark/grafo10124.100,98,7,spectral,0.8466353677621283,0.28918532634587896,0.06964285714285715,0.07691798941798941,0.06344954648526077,0.4666666666666667,100,139,0.72
progressive/rome_benchmark/grafo10124.100,112,8,degree,0.8313760915386932,0.9158960381582789,0.06964285714285715,0.05625,0.05234093637454982,0.4333333333333333,100,139,0.82
progressive/rome_benchmark/grafo10124.100,112,8,closeness,0.8322884012539185,0.543726235741445,0.06964285714285715,0.16099773242630386,0.1371527777777778,0.2866666666666667,100,139,0.88
progressive/rome_benchmark/grafo10124.100,112,8,betweeness,0.8322884012539185,0.543726235741445,0.06964285714285715,0.16099773242630386,0.1371527777777778,0.2866666666666667,100,139,0.88
progressive/rome_benchmark/grafo10124.100,112,8,rmc,0.8766494549627081,1.0,0.06964285714285715,0.13214285714285715,0.07392857142857143,0.6066666666666667,100,139,0.84
progressive/rome_benchmark/grafo10124.100,112,8,random,0.8505747126436782,0.9031037093111279,0.06964285714285715,0.08303571428571428,0.0665922619047619,0.45,100,139,0.88
progressive/rome_benchmark/grafo10124.100,112,8,spectral,0.8686173264486519,0.4512943688283961,0.06964285714285715,0.09672619047619047,0.09672619047619047,0.35,100,139,0.84
progressive/rome_benchmark/grafo10124.100,126,9,degree,0.9071161048689138,0.9849386826576949,0.06964285714285715,0.07142857142857142,0.07142857142857142,0.6333333333333333,100,139,0.9
progressive/rome_benchmark/grafo10124.100,126,9,closeness,0.9181860682561943,0.5909803238725404,0.06964285714285715,0.08303571428571428,0.08303571428571428,0.45,100,139,0.93
progressive/rome_benchmark/grafo10124.100,126,9,betweeness,0.9181860682561943,0.5909803238725404,0.06964285714285715,0.08303571428571428,0.08303571428571428,0.45,100,139,0.93
progressive/rome_benchmark/grafo10124.100,126,9,rmc,0.917821309125657,1.0,0.06964285714285715,0.07053571428571428,0.07053571428571428,0.75,100,139,0.92
progressive/rome_benchmark/grafo10124.100,126,9,random,0.883090705487122,1.0,0.06964285714285715,0.11375661375661375,0.0662202380952381,0.47333333333333333,100,139,0.95
progressive/rome_benchmark/grafo10124.100,126,9,spectral,0.9335881509794552,1.0,0.06964285714285715,0.08311688311688312,0.08311688311688312,0.9,100,139,0.92
progressive/rome_benchmark/grafo10124.100,139,10,degree,1.0,1.0,0.06964285714285715,0.06964285714285715,0.06964285714285715,1.0,100,139,1.0
progressive/rome_benchmark/grafo10124.100,139,10,closeness,1.0,1.0,0.06964285714285715,0.06964285714285715,0.06964285714285715,1.0,100,139,1.0
progressive/rome_benchmark/grafo10124.100,139,10,betweeness,1.0,1.0,0.06964285714285715,0.06964285714285715,0.06964285714285715,1.0,100,139,1.0
progressive/rome_benchmark/grafo10124.100,139,10,rmc,1.0,1.0,0.06964285714285715,0.06964285714285715,0.06964285714285715,1.0,100,139,1.0
progressive/rome_benchmark/grafo10124.100,139,10,random,1.0,1.0,0.06964285714285715,0.06964285714285715,0.06964285714285715,1.0,100,139,1.0
progressive/rome_benchmark/grafo10124.100,139,10,spectral,1.0,1.0,0.06964285714285715,0.06964285714285715,0.06964285714285715,1.0,100,139,1.0
progressive/rome_benchmark/grafo1115.31,5,1,degree,-0.2,0.0,0.2413265306122449,5.0,0.078125,0.02857142857142857,31,43,0.1935483870967742
progressive/rome_benchmark/grafo1115.31,5,1,closeness,-0.04761904761904762,0.0,0.2413265306122449,4.0,0.08163265306122448,0.03333333333333333,31,43,0.22580645161290322
progressive/rome_benchmark/grafo1115.31,5,1,betweeness,-0.2,0.0,0.2413265306122449,5.0,0.078125,0.02857142857142857,31,43,0.1935483870967742
progressive/rome_benchmark/grafo1115.31,5,1,rmc,0.14285714285714288,0.0,0.2413265306122449,3.0,0.3333333333333333,0.0,31,43,0.22580645161290322
progressive/rome_benchmark/grafo1115.31,5,1,random,-0.04761904761904762,0.0,0.2413265306122449,3.0,0.046875,0.05555555555555556,31,43,0.22580645161290322
progressive/rome_benchmark/grafo1115.31,5,1,spectral,0.3333333333333333,0.0,0.2413265306122449,3.0,0.046875,0.05555555555555556,31,43,0.1935483870967742
progressive/rome_benchmark/grafo1115.31,9,2,degree,0.23636363636363636,0.6666666666666667,0.2413265306122449,4.5,0.14583333333333334,0.18857142857142856,31,43,0.3548387096774194
progressive/rome_benchmark/grafo1115.31,9,2,closeness,0.7777777777777778,0.0,0.2413265306122449,5.0,1.25,0.02857142857142857,31,43,0.2903225806451613
progressive/rome_benchmark/grafo1115.31,9,2,betweeness,0.5555555555555556,1.0,0.2413265306122449,4.0,0.6666666666666666,0.1619047619047619,31,43,0.2903225806451613
progressive/rome_benchmark/grafo1115.31,9,2,rmc,0.14285714285714285,0.0,0.2413265306122449,3.0,0.3333333333333333,0.0,31,43,0.45161290322580644
progressive/rome_benchmark/grafo1115.31,9,2,random,0.28888888888888886,1.0,0.2413265306122449,4.0,0.08163265306122448,0.08,31,43,0.3225806451612903
progressive/rome_benchmark/grafo1115.31,9,2,spectral,0.5151515151515151,0.0,0.2413265306122449,3.0,0.046875,0.05555555555555556,31,43,0.3870967741935484
progressive/rome_benchmark/grafo1115.31,13,3,degree,0.7179487179487178,0.8,0.2413265306122449,5.5,0.9166666666666666,0.2119047619047619,31,43,0.41935483870967744
progressive/rome_benchmark/grafo1115.31,13,3,closeness,0.8461538461538461,1.0,0.2413265306122449,4.0,0.6666666666666666,0.1619047619047619,31,43,0.45161290322580644
progressive/rome_benchmark/grafo1115.31,13,3,betweeness,0.769230769230769,1.0,0.2413265306122449,3.6666666666666665,0.4583333333333333,0.1841269841269841,31,43,0.41935483870967744
progressive/rome_benchmark/grafo1115.31,13,3,rmc,0.3666666666666667,0.0,0.2413265306122449,3.5,0.0873015873015873,0.03333333333333333,31,43,0.5161290322580645
progressive/rome_benchmark/grafo1115.31,13,3,random,0.5824175824175825,0.4,0.2413265306122449,6.0,1.5,0.18333333333333335,31,43,0.45161290322580644
progressive/rome_benchmark/grafo1115.31,13,3,spectral,0.6703296703296704,0.0,0.2413265306122449,0.5625,0.036525974025974024,0.05555555555555556,31,43,0.45161290322580644
progressive/rome_benchmark/grafo1115.31,18,4,degree,0.6263736263736264,0.8134328358208955,0.2413265306122449,5.0,0.4333333333333333,0.3904761904761905,31,43,0.45161290322580644
progressive/rome_benchmark/grafo1115.31,18,4,closeness,0.8166666666666667,1.0,0.2413265306122449,2.9333333333333336,0.25,0.2761904761904762,31,43,0.5161290322580645
progressive/rome_benchmark/grafo1115.31,18,4,betweeness,0.8166666666666667,1.0,0.2413265306122449,2.9333333333333336,0.25,0.2761904761904762,31,43,0.5161290322580645
progressive/rome_benchmark/grafo1115.31,18,4,rmc,0.5087719298245613,0.6666666666666667,0.2413265306122449,4.5,0.16964285714285715,0.18857142857142856,31,43,0.6129032258064516
progressive/rome_benchmark/grafo1115.31,18,4,random,0.6166666666666666,0.8256902597623668,0.2413265306122449,1.28125,0.09237637362637363,0.39571428571428574,31,43,0.5161290322580645
progressive/rome_benchmark/grafo1115.31,18,4,spectral,0.7794117647058824,0.33333333333333337,0.2413265306122449,2.0,0.2767857142857143,0.13999999999999999,31,43,0.5483870967741935
progressive/rome_benchmark/grafo1115.31,22,5,degree,0.7,0.6268656716417911,0.2413265306122449,4.125,0.4,0.3952380952380953,31,43,0.5161290322580645
progressive/rome_benchmark/grafo1115.31,22,5,closeness,0.764705882352941,0.8046239010094431,0.2413265306122449,3.458333333333333,0.296875,0.4333333333333333,31,43,0.5483870967741935
progressive/rome_benchmark/grafo1115.31,22,5,betweeness,0.764705882352941,0.8046239010094431,0.2413265306122449,3.458333333333333,0.296875,0.4333333333333333,31,43,0.5483870967741935
progressive/rome_benchmark/grafo1115.31,22,5,rmc,0.6842105263157895,0.8,0.2413265306122449,5.5,2.0,0.2119047619047619,31,43,0.6451612903225806
progressive/rome_benchmark/grafo1115.31,22,5,random,0.6857142857142857,0.7543859649122807,0.2413265306122449,2.6666666666666665,0.19047619047619047,0.2761904761904762,31,43,0.6774193548387096
progressive/rome_benchmark/grafo1115.31,22,5,spectral,0.8128654970760234,0.566325369738339,0.2413265306122449,0.7916666666666666,0.11383928571428571,0.259047619047619,31,43,0.6129032258064516
progressive/rome_benchmark/grafo1115.31,26,6,degree,0.7647058823529412,0.8151848151848152,0.2413265306122449,2.666666666666667,0.365,0.4833333333333333,31,43,0.5806451612903226
progressive/rome_benchmark/grafo1115.31,26,6,closeness,0.7647058823529412,0.8151848151848152,0.2413265306122449,2.666666666666667,0.365,0.4833333333333333,31,43,0.5806451612903226
progressive/rome_benchmark/grafo1115.31,26,6,betweeness,0.7647058823529412,0.8151848151848152,0.2413265306122449,2.666666666666667,0.365,0.4833333333333333,31,43,0.5806451612903226
progressive/rome_benchmark/grafo1115.31,26,6,rmc,0.7489177489177489,0.673522690173033,0.2413265306122449,2.6999999999999997,0.46944444444444444,0.24761904761904763,31,43,0.7096774193548387
progressive/rome_benchmark/grafo1115.31,26,6,random,0.7470355731225297,0.40125735954495556,0.2413265306122449,3.8666666666666667,0.3263888888888889,0.28095238095238095,31,43,0.7419354838709677
progressive/rome_benchmark/grafo1115.31,26,6,spectral,0.9157894736842106,0.9658119658119657,0.2413265306122449,1.5,0.7261904761904763,0.33333333333333337,31,43,0.6451612903225806
progressive/rome_benchmark/grafo1115.31,31,7,degree,0.7809523809523811,0.877670339554756,0.2413265306122449,2.2,0.5499999999999999,0.6283333333333333,31,43,0.6774193548387096
progressive/rome_benchmark/grafo1115.31,31,7,closeness,0.8181818181818182,0.7782685512367491,0.2413265306122449,1.25,0.4479166666666667,0.43,31,43,0.7096774193548387
progressive/rome_benchmark/grafo1115.31,31,7,betweeness,0.8181818181818182,0.7782685512367491,0.2413265306122449,1.25,0.4479166666666667,0.43,31,43,0.7096774193548387
progressive/rome_benchmark/grafo1115.31,31,7,rmc,0.7608695652173914,0.9799703264094956,0.2413265306122449,0.4345238095238095,0.14309523809523808,0.6647619047619047,31,43,0.7741935483870968
progressive/rome_benchmark/grafo1115.31,31,7,random,0.7777777777777777,0.9754299754299756,0.2413265306122449,0.39375,0.09821428571428571,0.2642857142857143,31,43,0.9032258064516129
progressive/rome_benchmark/grafo1115.31,31,7,spectral,0.8893280632411068,1.0,0.2413265306122449,0.5277777777777778,0.2492559523809524,0.6428571428571429,31,43,0.7419354838709677
progressive/rome_benchmark/grafo1115.31,35,8,degree,0.7944664031620553,0.839944725014068,0.2413265306122449,0.50625,0.21173469387755103,0.675,31,43,0.7419354838709677
progressive/rome_benchmark/grafo1115.31,35,8,closeness,0.8599999999999999,0.9130223596651718,0.2413265306122449,0.9305555555555555,0.4895833333333333,0.52,31,43,0.8064516129032258
progressive/rome_benchmark/grafo1115.31,35,8,betweeness,0.8599999999999999,0.9130223596651718,0.2413265306122449,0.9305555555555555,0.4895833333333333,0.52,31,43,0.8064516129032258
progressive/rome_benchmark/grafo1115.31,35,8,rmc,0.8933333333333332,1.0,0.2413265306122449,0.6587301587301587,0.4895833333333333,0.7547619047619047,31,43,0.8064516129032258
progressive/rome_benchmark/grafo1115.31,35,8,random,0.8226600985221674,1.0,0.2413265306122449,0.46785714285714286,0.28611111111111104,0.6647619047619047,31,43,0.9354838709677419
progressive/rome_benchmark/grafo1115.31,35,8,spectral,0.8461538461538463,1.0,0.2413265306122449,0.4019047619047619,0.19598214285714285,0.7495238095238095,31,43,0.8387096774193549
progressive/rome_benchmark/grafo1115.31,39,9,degree,0.9031339031339033,0.9024089788030281,0.2413265306122449,0.4020833333333333,0.21237244897959182,0.75,31,43,0.8709677419354839
progressive/rome_benchmark/grafo1115.31,39,9,closeness,0.8994708994708994,0.8879409249254261,0.2413265306122449,0.6979166666666666,0.6979166666666666,0.6,31,43,0.9032258064516129
progressive/rome_benchmark/grafo1115.31,39,9,betweeness,0.8994708994708994,0.8879409249254261,0.2413265306122449,0.6979166666666666,0.6979166666666666,0.6,31,43,0.9032258064516129
progressive/rome_benchmark/grafo1115.31,39,9,rmc,0.9162561576354677,1.0,0.2413265306122449,0.28769841269841273,0.21205357142857142,0.9214285714285715,31,43,0.9354838709677419
progressive/rome_benchmark/grafo1115.31,39,9,random,0.9153439153439152,0.9022853224928105,0.2413265306122449,0.33110119047619047,0.21237244897959182,0.75,31,43,0.9032258064516129
progressive/rome_benchmark/grafo1115.31,39,9,spectral,0.8730158730158729,1.0,0.2413265306122449,0.29846938775510207,0.19866071428571427,0.9199999999999999,31,43,0.9032258064516129
progressive/rome_benchmark/grafo1115.31,43,10,degree,1.0,1.0,0.2413265306122449,0.2413265306122449,0.2413265306122449,1.0,31,43,1.0
progressive/rome_benchmark/grafo1115.31,43,10,closeness,1.0,1.0,0.2413265306122449,0.2413265306122449,0.2413265306122449,1.0,31,43,1.0
progressive/rome_benchmark/grafo1115.31,43,10,betweeness,1.0,1.0,0.2413265306122449,0.2413265306122449,0.2413265306122449,1.0,31,43,1.0
progressive/rome_benchmark/grafo1115.31,43,10,rmc,1.0,1.0,0.2413265306122449,0.2413265306122449,0.2413265306122449,1.0,31,43,1.0
progressive/rome_benchmark/grafo1115.31,43,10,random,1.0,1.0,0.2413265306122449,0.2413265306122449,0.2413265306122449,1.0,31,43,1.0
progressive/rome_benchmark/grafo1115.31,43,10,spectral,1.0,1.0,0.2413265306122449,0.2413265306122449,0.2413265306122449,1.0,31,43,1.0
progressive/rome_benchmark/grafo11651.36,5,1,degree,0.6190476190476191,0.0,0.5,3.0,0.75,0.0,36,47,0.19444444444444445
progressive/rome_benchmark/grafo11651.36,5,1,closeness,0.0,-0.5,0.5,0,0,0.0,36,47,0.25
progressive/rome_benchmark/grafo11651.36,5,1,betweeness,0.06666666666666665,1.0,0.5,3.0,0.75,0.08333333333333333,36,47,0.16666666666666666
progressive/rome_benchmark/grafo11651.36,5,1,rmc,0.7142857142857143,0.0,0.5,3.0,0.75,0.03571428571428571,36,47,0.19444444444444445
progressive/rome_benchmark/grafo11651.36,5,1,random,0.0,-0.5,0.5,0,0,0.0,36,47,0.2222222222222222
progressive/rome_benchmark/grafo11651.36,5,1,spectral,0.4666666666666666,-0.5,0.5,0,0,0.0,36,47,0.16666666666666666
progressive/rome_benchmark/grafo11651.36,10,2,degree,0.41818181818181815,0.0,0.5,4.0,1.0,0.0,36,47,0.3055555555555556
progressive/rome_benchmark/grafo11651.36,10,2,closeness,0.0909090909090909,0.3333333333333334,0.5,4.0,4.0,0.125,36,47,0.3333333333333333
progressive/rome_benchmark/grafo11651.36,10,2,betweeness,0.1818181818181818,0.0,0.5,4.0,0.4444444444444444,0.0,36,47,0.3333333333333333
progressive/rome_benchmark/grafo11651.36,10,2,rmc,0.282051282051282,-0.5,0.5,0,0,0.0,36,47,0.3611111111111111
progressive/rome_benchmark/grafo11651.36,10,2,random,0.2424242424242424,-0.5,0.5,0,0,0.0,36,47,0.3333333333333333
progressive/rome_benchmark/grafo11651.36,10,2,spectral,0.5111111111111111,0.0,0.5,0.75,0.75,0.025,36,47,0.2777777777777778
progressive/rome_benchmark/grafo11651.36,15,3,degree,0.39999999999999997,0.0,0.5,3.5,0.13194444444444445,0.025,36,47,0.4444444444444444
progressive/rome_benchmark/grafo11651.36,15,3,closeness,0.33333333333333337,1.0,0.5,4.0,4.0,0.16666666666666666,36,47,0.4444444444444444
progressive/rome_benchmark/grafo11651.36,15,3,betweeness,0.37142857142857144,1.0,0.5,4.0,1.5,0.125,36,47,0.4166666666666667
progressive/rome_benchmark/grafo11651.36,15,3,rmc,0.2941176470588236,0.0,0.5,1.125,1.125,0.15,36,47,0.5
progressive/rome_benchmark/grafo11651.36,15,3,random,0.39705882352941174,1.0,0.5,3.5,0.35416666666666663,0.08333333333333333,36,47,0.4722222222222222
progressive/rome_benchmark/grafo11651.36,15,3,spectral,0.5384615384615384,1.0,0.5,1.0,0.1,0.125,36,47,0.3888888888888889
progressive/rome_benchmark/grafo11651.36,19,4,degree,0.43859649122807015,1.0,0.5,3.6666666666666665,0.2361111111111111,0.15,36,47,0.5277777777777778
progressive/rome_benchmark/grafo11651.36,19,4,closeness,0.43859649122807015,1.0,0.5,4.5,4.5,0.16666666666666666,36,47,0.5277777777777778
progressive/rome_benchmark/grafo11651.36,19,4,betweeness,0.4901960784313726,1.0,0.5,3.5,1.375,0.125,36,47,0.5
progressive/rome_benchmark/grafo11651.36,19,4,rmc,0.5087719298245613,1.0,0.5,1.5,1.5,0.2,36,47,0.5277777777777778
progressive/rome_benchmark/grafo11651.36,19,4,random,0.5238095238095238,1.0,0.5,2.0,0.16666666666666666,0.20833333333333331,36,47,0.6111111111111112
progressive/rome_benchmark/grafo11651.36,19,4,spectral,0.5588235294117646,0.7746478873239436,0.5,1.6666666666666667,0.16666666666666666,0.625,36,47,0.4722222222222222
progressive/rome_benchmark/grafo11651.36,24,5,degree,0.47035573122529645,1.0,0.5,0.6666666666666666,0.375,0.175,36,47,0.6388888888888888
progressive/rome_benchmark/grafo11651.36,24,5,closeness,0.4782608695652174,1.0,0.5,0.5833333333333334,0.375,0.2,36,47,0.6388888888888888
progressive/rome_benchmark/grafo11651.36,24,5,betweeness,0.5064935064935064,1.0,0.5,0.875,0.875,0.2,36,47,0.6111111111111112
progressive/rome_benchmark/grafo11651.36,24,5,rmc,0.5584415584415584,1.0,0.5,1.5,1.5,0.2,36,47,0.6111111111111112
progressive/rome_benchmark/grafo11651.36,24,5,random,0.7142857142857142,0.7429718875502008,0.5,1.0833333333333333,0.2833333333333333,0.5625,36,47,0.6111111111111112
progressive/rome_benchmark/grafo11651.36,24,5,spectral,0.7904761904761906,0.5697478991596638,0.5,0.8125,0.2375,0.7708333333333333,36,47,0.5833333333333334
progressive/rome_benchmark/grafo11651.36,29,6,degree,0.7246376811594203,1.0,0.5,1.0,0.19047619047619047,0.325,36,47,0.6666666666666666
progressive/rome_benchmark/grafo11651.36,29,6,closeness,0.6738461538461539,0.8461538461538461,0.5,0.75,0.18452380952380953,0.29375,36,47,0.7222222222222222
progressive/rome_benchmark/grafo11651.36,29,6,betweeness,0.6738461538461539,0.8461538461538461,0.5,0.75,0.18452380952380953,0.29375,36,47,0.7222222222222222
progressive/rome_benchmark/grafo11651.36,29,6,rmc,0.5938461538461539,1.0,0.5,1.0,1.0,0.2,36,47,0.7222222222222222
progressive/rome_benchmark/grafo11651.36,29,6,random,0.6984615384615385,1.0,0.5,3.0,0.55,0.29166666666666663,36,47,0.7222222222222222
progressive/rome_benchmark/grafo11651.36,29,6,spectral,0.7733333333333332,0.6807561039642951,0.5,0.5833333333333334,0.5833333333333334,0.75,36,47,0.6944444444444444
progressive/rome_benchmark/grafo11651.36,33,7,degree,0.7606837606837609,1.0,0.5,3.0,0.475,0.32291666666666663,36,47,0.75
progressive/rome_benchmark/grafo11651.36,33,7,closeness,0.7301587301587301,0.8383838383838385,0.5,0.4777777777777778,0.2222222222222222,0.325,36,47,0.7777777777777778
progressive/rome_benchmark/grafo11651.36,33,7,betweeness,0.7301587301587301,0.8383838383838385,0.5,0.4777777777777778,0.2222222222222222,0.325,36,47,0.7777777777777778
progressive/rome_benchmark/grafo11651.36,33,7,rmc,0.664367816091954,1.0,0.5,1.0,1.0,0.2,36,47,0.8333333333333334
progressive/rome_benchmark/grafo11651.36,33,7,random,0.7606837606837609,0.9799498746867168,0.5,3.6666666666666665,0.7,0.33333333333333337,36,47,0.75
progressive/rome_benchmark/grafo11651.36,33,7,spectral,0.7777777777777777,0.6255243983219254,0.5,0.9375,0.4583333333333333,0.875,36,47,0.7777777777777778
progressive/rome_benchmark/grafo11651.36,38,8,degree,0.8365591397849462,1.0,0.5,1.25,0.475,0.5729166666666666,36,47,0.8611111111111112
progressive/rome_benchmark/grafo11651.36,38,8,closeness,0.8193548387096776,0.9024390243902438,0.5,1.4583333333333333,0.703125,0.32291666666666663,36,47,0.8611111111111112
progressive/rome_benchmark/grafo11651.36,38,8,betweeness,0.8193548387096776,0.9024390243902438,0.5,1.4583333333333333,0.703125,0.32291666666666663,36,47,0.8611111111111112
progressive/rome_benchmark/grafo11651.36,38,8,rmc,0.7903225806451614,1.0,0.5,0.4583333333333333,0.16964285714285715,0.29375,36,47,0.8888888888888888
progressive/rome_benchmark/grafo11651.36,38,8,random,0.8266129032258066,1.0,0.5,0.5416666666666666,0.3125,0.6875,36,47,0.8888888888888888
progressive/rome_benchmark/grafo11651.36,38,8,spectral,0.7903225806451614,0.9327907587293253,0.5,0.8125,0.4166666666666667,0.75,36,47,0.8888888888888888
progressive/rome_benchmark/grafo11651.36,43,9,degree,0.9659090909090909,1.0,0.5,1.1875,0.578125,0.8958333333333334,36,47,0.9166666666666666
progressive/rome_benchmark/grafo11651.36,43,9,closeness,0.8752228163992871,0.7658740527828586,0.5,0.6,0.44375,0.96875,36,47,0.9444444444444444
progressive/rome_benchmark/grafo11651.36,43,9,betweeness,0.8752228163992871,0.7658740527828586,0.5,0.6,0.44375,0.96875,36,47,0.9444444444444444
progressive/rome_benchmark/grafo11651.36,43,9,rmc,0.9393939393939394,1.0,0.5,0.875,0.40625,0.4375,36,47,0.9166666666666666
progressive/rome_benchmark/grafo11651.36,43,9,random,0.788235294117647,0.8175400488732012,0.5,0.5555555555555556,0.40625,0.71875,36,47,0.9722222222222222
progressive/rome_benchmark/grafo11651.36,43,9,spectral,0.9242424242424243,1.0,0.5,0.5,0.5,1.0,36,47,0.9166666666666666
progressive/rome_benchmark/grafo11651.36,47,10,degree,1.0,1.0,0.5,0.5,0.5,1.0,36,47,1.0
progressive/rome_benchmark/grafo11651.36,47,10,closeness,1.0,1.0,0.5,0.5,0.5,1.0,36,47,1.0
progressive/rome_benchmark/grafo11651.36,47,10,betweeness,1.0,1.0,0.5,0.5,0.5,1.0,36,47,1.0
progressive/rome_benchmark/grafo11651.36,47,10,rmc,1.0,1.0,0.5,0.5,0.5,1.0,36,47,1.0
progressive/rome_benchmark/grafo11651.36,47,10,random,1.0,1.0,0.5,0.5,0.5,1.0,36,47,1.0
progressive/rome_benchmark/grafo11651.36,47,10,spectral,1.0,1.0,0.5,0.5,0.5,1.0,36,47,1.0
progressive/rome_benchmark/grafo10961.96,13,1,degree,0.4666666666666667,1.0,0.1099537037037037,5.0,0.4609375,0.1078042328042328,96,126,0.15625
progressive/rome_benchmark/grafo10961.96,13,1,closeness,0.21904761904761905,0.0,0.1099537037037037,0.75,0.75,0.0,96,126,0.15625
progressive/rome_benchmark/grafo10961.96,13,1,betweeness,0.3626373626373627,1.0,0.1099537037037037,3.5,0.5833333333333334,0.037037037037037035,96,126,0.14583333333333334
progressive/rome_benchmark/grafo10961.96,13,1,rmc,0.4248366013071896,0.0,0.1099537037037037,3.0,0.3333333333333333,0.0,96,126,0.1875
progressive/rome_benchmark/grafo10961.96,13,1,random,0.37142857142857144,0.0,0.1099537037037037,3.3333333333333335,0.17857142857142858,0.015873015873015872,96,126,0.15625
progressive/rome_benchmark/grafo10961.96,13,1,spectral,0.45054945054945056,0.0,0.1099537037037037,3.5,0.275,0.015873015873015872,96,126,0.14583333333333334
progressive/rome_benchmark/grafo10961.96,26,2,degree,0.4338461538461538,0.7663230240549829,0.1099537037037037,4.25,0.309375,0.17447089947089947,96,126,0.2708333333333333
progressive/rome_benchmark/grafo10961.96,26,2,closeness,0.4266666666666666,0.8947632172387873,0.1099537037037037,1.5416666666666667,0.4930555555555556,0.13373015873015875,96,126,0.2604166666666667
progressive/rome_benchmark/grafo10961.96,26,2,betweeness,0.39601139601139607,0.3333333333333334,0.1099537037037037,0.611111111111111,0.07954545454545454,0.10185185185185185,96,126,0.28125
progressive/rome_benchmark/grafo10961.96,26,2,rmc,0.32473118279569896,-0.33333333333333326,0.1099537037037037,3.5,0.16666666666666666,0.06666666666666667,96,126,0.3229166666666667
progressive/rome_benchmark/grafo10961.96,26,2,random,0.42364532019704426,1.0,0.1099537037037037,1.125,0.3125,0.1111111111111111,96,126,0.3020833333333333
progressive/rome_benchmark/grafo10961.96,26,2,spectral,0.46461538461538465,-1.0,0.1099537037037037,1.5,0.6666666666666666,0.05291005291005291,96,126,0.2708333333333333
progressive/rome_benchmark/grafo10961.96,38,3,degree,0.5345345345345346,0.9970427871730895,0.1099537037037037,1.3333333333333333,0.96875,0.17261904761904762,96,126,0.3854166666666667
progressive/rome_benchmark/grafo10961.96,38,3,closeness,0.4920634920634921,0.8893169618522316,0.1099537037037037,0.640625,0.2673611111111111,0.21706349206349207,96,126,0.375
progressive/rome_benchmark/grafo10961.96,38,3,betweeness,0.49579831932773105,0.9970427871730895,0.1099537037037037,1.0333333333333334,0.20227272727272727,0.19113756613756616,96,126,0.3645833333333333
progressive/rome_benchmark/grafo10961.96,38,3,rmc,0.3292682926829268,0.0,0.1099537037037037,3.0,0.6666666666666666,0.018518518518518517,96,126,0.4270833333333333
progressive/rome_benchmark/grafo10961.96,38,3,random,0.5533428165007113,0.7333333333333334,0.1099537037037037,3.5,3.5,0.13333333333333336,96,126,0.3958333333333333
progressive/rome_benchmark/grafo10961.96,38,3,spectral,0.46514935988620204,0.0,0.1099537037037037,1.0,1.0,0.015873015873015872,96,126,0.3958333333333333
progressive/rome_benchmark/grafo10961.96,51,4,degree,0.6384778012684988,0.9950614553964658,0.1099537037037037,0.9166666666666666,0.23125,0.2578042328042328,96,126,0.4583333333333333
progressive/rome_benchmark/grafo10961.96,51,4,closeness,0.5934959349593496,0.9789937637736202,0.1099537037037037,0.4583333333333333,0.14305555555555555,0.33796296296296297,96,126,0.4375
progressive/rome_benchmark/grafo10961.96,51,4,betweeness,0.6236933797909407,0.9970427871730895,0.1099537037037037,1.0555555555555556,0.47222222222222227,0.17261904761904762,96,126,0.4375
progressive/rome_benchmark/grafo10961.96,51,4,rmc,0.47360482654600305,0.0,0.1099537037037037,1.125,0.46875,0.018518518518518517,96,126,0.5416666666666666
progressive/rome_benchmark/grafo10961.96,51,4,random,0.6277551020408163,0.9978689397975494,0.1099537037037037,0.34027777777777785,0.25,0.17777777777777776,96,126,0.5208333333333334
progressive/rome_benchmark/grafo10961.96,51,4,spectral,0.6022201665124884,0.0,0.1099537037037037,0.5,0.10416666666666667,0.037037037037037035,96,126,0.4895833333333333
progressive/rome_benchmark/grafo10961.96,63,5,degree,0.6357039187227866,0.987286225954126,0.1099537037037037,0.4375,0.1585648148148148,0.34259259259259256,96,126,0.5520833333333334
progressive/rome_benchmark/grafo10961.96,63,5,closeness,0.5839598997493735,0.9924573410443552,0.1099537037037037,0.30714285714285716,0.12803030303030305,0.3021164021164021,96,126,0.59375
progressive/rome_benchmark/grafo10961.96,63,5,betweeness,0.7082728592162555,0.9970525927972738,0.1099537037037037,0.6875,0.3482142857142857,0.2837301587301588,96,126,0.5520833333333334
progressive/rome_benchmark/grafo10961.96,63,5,rmc,0.5692679975801572,1.0,0.1099537037037037,1.3125,0.59375,0.24074074074074073,96,126,0.6041666666666666
progressive/rome_benchmark/grafo10961.96,63,5,random,0.5836065573770491,0.995348161069923,0.1099537037037037,3.5,1.125,0.20634920634920637,96,126,0.6354166666666666
progressive/rome_benchmark/grafo10961.96,63,5,spectral,0.6067340067340068,1.0,0.1099537037037037,0.26666666666666666,0.2,0.17777777777777778,96,126,0.5729166666666666
progressive/rome_benchmark/grafo10961.96,76,6,degree,0.7781420765027323,0.9718381620695246,0.1099537037037037,0.380952380952381,0.10256410256410256,0.455026455026455,96,126,0.6354166666666666
progressive/rome_benchmark/grafo10961.96,76,6,closeness,0.6807692307692308,0.9940447573703882,0.1099537037037037,0.5238095238095238,0.3875,0.4113756613756614,96,126,0.6770833333333334
progressive/rome_benchmark/grafo10961.96,76,6,betweeness,0.7535695399259651,0.9862616722120854,0.1099537037037037,0.85,0.325,0.41031746031746036,96,126,0.6458333333333334
progressive/rome_benchmark/grafo10961.96,76,6,rmc,0.738095238095238,1.0,0.1099537037037037,0.475,0.475,0.3333333333333333,96,126,0.6666666666666666
progressive/rome_benchmark/grafo10961.96,76,6,random,0.7023971053821801,1.0,0.1099537037037037,1.0833333333333333,0.5208333333333334,0.28095238095238095,96,126,0.6979166666666666
progressive/rome_benchmark/grafo10961.96,76,6,spectral,0.784180790960452,0.9162790697674418,0.1099537037037037,0.17592592592592593,0.1388888888888889,0.3111111111111111,96,126,0.625
progressive/rome_benchmark/grafo10961.96,89,7,degree,0.8007023705004388,0.9993823035691985,0.1099537037037037,0.17395833333333333,0.08110119047619047,0.5944444444444444,96,126,0.7083333333333334
progressive/rome_benchmark/grafo10961.96,89,7,closeness,0.7572298325722984,0.9940447573703882,0.1099537037037037,0.31785714285714284,0.2604166666666667,0.4113756613756614,96,126,0.7604166666666666
progressive/rome_benchmark/grafo10961.96,89,7,betweeness,0.7563865235098112,0.9862764018441085,0.1099537037037037,0.40625,0.2604166666666667,0.4113756613756614,96,126,0.7708333333333334
progressive/rome_benchmark/grafo10961.96,89,7,rmc,0.846277665995976,1.0,0.1099537037037037,0.2916666666666667,0.14962121212121213,0.35185185185185186,96,126,0.7395833333333334
progressive/rome_benchmark/grafo10961.96,89,7,random,0.7204374572795625,1.0,0.1099537037037037,0.18958333333333333,0.11400462962962961,0.4351851851851852,96,126,0.8020833333333334
progressive/rome_benchmark/grafo10961.96,89,7,spectral,0.8814749780509218,1.0,0.1099537037037037,0.14285714285714285,0.14285714285714285,0.3333333333333333,96,126,0.7083333333333334
progressive/rome_benchmark/grafo10961.96,101,8,degree,0.8680701754385965,0.9993735977240716,0.1099537037037037,0.17619047619047618,0.11785714285714285,0.6222222222222222,96,126,0.7916666666666666
progressive/rome_benchmark/grafo10961.96,101,8,closeness,0.8290123456790124,0.9939319648649929,0.1099537037037037,0.31875,0.31875,0.4166666666666667,96,126,0.84375
progressive/rome_benchmark/grafo10961.96,101,8,betweeness,0.8187292984040953,0.9863277077547532,0.1099537037037037,0.40625,0.31875,0.4166666666666667,96,126,0.8541666666666666
progressive/rome_benchmark/grafo10961.96,101,8,rmc,0.9305263157894738,1.0,0.1099537037037037,0.1952380952380952,0.17195767195767195,0.6388888888888888,96,126,0.7916666666666666
progressive/rome_benchmark/grafo10961.96,101,8,random,0.8314814814814815,0.9983132504717627,0.1099537037037037,0.15833333333333333,0.13020833333333334,0.5277777777777778,96,126,0.84375
progressive/rome_benchmark/grafo10961.96,101,8,spectral,0.9293693693693694,1.0,0.1099537037037037,0.19642857142857142,0.19642857142857142,0.6666666666666666,96,126,0.78125
progressive/rome_benchmark/grafo10961.96,114,9,degree,0.9354309165526675,1.0,0.1099537037037037,0.11043771043771043,0.09152421652421651,0.8888888888888888,96,126,0.8958333333333334
progressive/rome_benchmark/grafo10961.96,114,9,closeness,0.9263322884012539,0.9997018562210829,0.1099537037037037,0.1111952861952862,0.10069444444444443,0.8722222222222222,96,126,0.9166666666666666
progressive/rome_benchmark/grafo10961.96,114,9,betweeness,0.9075587334014301,0.9995912633379509,0.1099537037037037,0.12370370370370369,0.10069444444444443,0.8722222222222222,96,126,0.9270833333333334
progressive/rome_benchmark/grafo10961.96,114,9,rmc,0.9792065663474692,1.0,0.1099537037037037,0.10267857142857142,0.0888671875,0.8611111111111112,96,126,0.8958333333333334
progressive/rome_benchmark/grafo10961.96,114,9,random,0.8928944618599792,1.0,0.1099537037037037,0.12129629629629629,0.1099537037037037,1.0,96,126,0.9166666666666666
progressive/rome_benchmark/grafo10961.96,114,9,spectral,0.9680672268907564,1.0,0.1099537037037037,0.10204081632653061,0.10204081632653061,0.7777777777777778,96,126,0.8854166666666666
progressive/rome_benchmark/grafo10961.96,126,10,degree,0.9999999999999998,1.0,0.1099537037037037,0.1099537037037037,0.1099537037037037,1.0,96,126,1.0
progressive/rome_benchmark/grafo10961.96,126,10,closeness,0.9999999999999998,1.0,0.1099537037037037,0.1099537037037037,0.1099537037037037,1.0,96,126,1.0
progressive/rome_benchmark/grafo10961.96,126,10,betweeness,0.9999999999999998,1.0,0.1099537037037037,0.1099537037037037,0.1099537037037037,1.0,96,126,1.0
progressive/rome_benchmark/grafo10961.96,126,10,rmc,0.9999999999999998,1.0,0.1099537037037037,0.1099537037037037,0.1099537037037037,1.0,96,126,1.0
progressive/rome_benchmark/grafo10961.96,126,10,random,0.9999999999999998,1.0,0.1099537037037037,0.1099537037037037,0.1099537037037037,1.0,96,126,1.0
progressive/rome_benchmark/grafo10961.96,126,10,spectral,0.9999999999999998,1.0,0.1099537037037037,0.1099537037037037,0.1099537037037037,1.0,96,126,1.0
progressive/rome_benchmark/grafo5772.40,5,1,degree,0.23809523809523814,-0.3333333333333332,0.7916666666666666,4.0,0.4444444444444444,0.1875,40,49,0.175
progressive/rome_benchmark/grafo5772.40,5,1,closeness,0.4999999999999999,-0.5,0.7916666666666666,0,0,0.0,40,49,0.2
progressive/rome_benchmark/grafo5772.40,5,1,betweeness,0.9047619047619049,1.0,0.7916666666666666,3.0,0.75,0.10714285714285714,40,49,0.175
progressive/rome_benchmark/grafo5772.40,5,1,rmc,0.3333333333333333,0.0,0.7916666666666666,3.0,3.0,0.0,40,49,0.15
progressive/rome_benchmark/grafo5772.40,5,1,random,-0.06666666666666665,-0.5,0.7916666666666666,0,0,0.0,40,49,0.15
progressive/rome_benchmark/grafo5772.40,5,1,spectral,0.3333333333333333,0.0,0.7916666666666666,3.0,3.0,0.0,40,49,0.15
progressive/rome_benchmark/grafo5772.40,10,2,degree,0.6000000000000001,1.0,0.7916666666666666,4.0,1.0,0.1875,40,49,0.275
progressive/rome_benchmark/grafo5772.40,10,2,closeness,0.5735294117647058,1.0,0.7916666666666666,3.0,0.75,0.10714285714285714,40,49,0.425
progressive/rome_benchmark/grafo5772.40,10,2,betweeness,0.909090909090909,1.0,0.7916666666666666,4.0,1.0,0.14285714285714285,40,49,0.3
progressive/rome_benchmark/grafo5772.40,10,2,rmc,0.4545454545454545,0.0,0.7916666666666666,1.125,0.2109375,0.027777777777777776,40,49,0.3
progressive/rome_benchmark/grafo5772.40,10,2,random,0.7362637362637363,0.0,0.7916666666666666,3.0,0.75,0.027777777777777776,40,49,0.35
progressive/rome_benchmark/grafo5772.40,10,2,spectral,0.6000000000000001,0.0,0.7916666666666666,3.0,1.125,0.0,40,49,0.275
progressive/rome_benchmark/grafo5772.40,15,3,degree,0.6470588235294118,0.7894736842105263,0.7916666666666666,1.375,0.375,0.4375,40,49,0.425
progressive/rome_benchmark/grafo5772.40,15,3,closeness,0.4632034632034632,-0.5,0.7916666666666666,0,0,0.0,40,49,0.55
progressive/rome_benchmark/grafo5772.40,15,3,betweeness,0.7647058823529412,1.0,0.7916666666666666,4.0,1.0,0.14285714285714285,40,49,0.45
progressive/rome_benchmark/grafo5772.40,15,3,rmc,0.8666666666666667,1.0,0.7916666666666666,3.3333333333333335,0.7222222222222222,0.14285714285714285,40,49,0.375
progressive/rome_benchmark/grafo5772.40,15,3,random,0.5588235294117646,1.0,0.7916666666666666,4.0,1.0,0.1875,40,49,0.425
progressive/rome_benchmark/grafo5772.40,15,3,spectral,0.6703296703296704,0.0,0.7916666666666666,1.125,1.125,0.0,40,49,0.35
progressive/rome_benchmark/grafo5772.40,20,4,degree,0.5844155844155845,1.0,0.7916666666666666,1.5,0.6666666666666666,0.375,40,49,0.55
progressive/rome_benchmark/grafo5772.40,20,4,closeness,0.6369230769230769,1.0,0.7916666666666666,0.75,0.75,0.10714285714285714,40,49,0.65
progressive/rome_benchmark/grafo5772.40,20,4,betweeness,0.6369230769230769,1.0,0.7916666666666666,0.75,0.75,0.10714285714285714,40,49,0.65
progressive/rome_benchmark/grafo5772.40,20,4,rmc,0.6725146198830408,1.0,0.7916666666666666,3.375,0.53125,0.15625,40,49,0.475
progressive/rome_benchmark/grafo5772.40,20,4,random,0.5968379446640317,1.0,0.7916666666666666,0.75,0.75,0.10714285714285714,40,49,0.575
progressive/rome_benchmark/grafo5772.40,20,4,spectral,0.9117647058823529,1.0,0.7916666666666666,1.5833333333333333,0.7777777777777778,0.17857142857142858,40,49,0.425
progressive/rome_benchmark/grafo5772.40,25,5,degree,0.6123076923076923,1.0,0.7916666666666666,0.875,0.875,0.3125,40,49,0.65
progressive/rome_benchmark/grafo5772.40,25,5,closeness,0.6748768472906402,-0.5,0.7916666666666666,0,0,0.0,40,49,0.725
progressive/rome_benchmark/grafo5772.40,25,5,betweeness,0.6748768472906402,-0.5,0.7916666666666666,0,0,0.0,40,49,0.725
progressive/rome_benchmark/grafo5772.40,25,5,rmc,0.7489177489177489,0.7333333333333334,0.7916666666666666,1.9166666666666667,0.8888888888888888,0.1875,40,49,0.55
progressive/rome_benchmark/grafo5772.40,25,5,random,0.5767195767195767,-0.3333333333333333,0.7916666666666666,0.5888888888888889,0.21428571428571427,0.14285714285714285,40,49,0.7
progressive/rome_benchmark/grafo5772.40,25,5,spectral,0.6709956709956709,1.0,0.7916666666666666,1.9166666666666667,0.8888888888888888,0.1875,40,49,0.55
progressive/rome_benchmark/grafo5772.40,30,6,degree,0.6157635467980295,1.0,0.7916666666666666,0.5555555555555556,0.5555555555555556,0.3125,40,49,0.725
progressive/rome_benchmark/grafo5772.40,30,6,closeness,0.6516129032258065,1.0,0.7916666666666666,0.6666666666666666,0.6666666666666666,0.375,40,49,0.775
progressive/rome_benchmark/grafo5772.40,30,6,betweeness,0.6516129032258065,1.0,0.7916666666666666,0.6666666666666666,0.6666666666666666,0.375,40,49,0.775
progressive/rome_benchmark/grafo5772.40,30,6,rmc,0.7321937321937323,0.9047619047619048,0.7916666666666666,2.0833333333333335,0.9444444444444445,0.21875,40,49,0.675
progressive/rome_benchmark/grafo5772.40,30,6,random,0.7566137566137565,0.5181518151815182,0.7916666666666666,0.39999999999999997,0.21428571428571427,0.5178571428571428,40,49,0.7
progressive/rome_benchmark/grafo5772.40,30,6,spectral,0.716923076923077,0.9759519038076152,0.7916666666666666,1.8125,0.59375,0.4375,40,49,0.65
progressive/rome_benchmark/grafo5772.40,35,7,degree,0.7290322580645162,1.0,0.7916666666666666,0.475,0.475,0.6696428571428572,40,49,0.775
progressive/rome_benchmark/grafo5772.40,35,7,closeness,0.7254901960784316,1.0,0.7916666666666666,0.6666666666666666,0.6666666666666666,0.375,40,49,0.85
progressive/rome_benchmark/grafo5772.40,35,7,betweeness,0.7254901960784316,1.0,0.7916666666666666,0.6666666666666666,0.6666666666666666,0.375,40,49,0.85
progressive/rome_benchmark/grafo5772.40,35,7,rmc,0.8206896551724139,1.0,0.7916666666666666,2.0833333333333335,0.9444444444444445,0.21875,40,49,0.75
progressive/rome_benchmark/grafo5772.40,35,7,random,0.7096774193548389,0.6085626911314985,0.7916666666666666,0.6083333333333333,0.2916666666666667,0.5803571428571428,40,49,0.8
progressive/rome_benchmark/grafo5772.40,35,7,spectral,0.7783251231527092,0.8123375735193544,0.7916666666666666,0.625,0.625,0.4375,40,49,0.725
progressive/rome_benchmark/grafo5772.40,40,8,degree,0.8003565062388593,0.8918083462132921,0.7916666666666666,0.525,0.525,0.8660714285714286,40,49,0.85
progressive/rome_benchmark/grafo5772.40,40,8,closeness,0.796825396825397,1.0,0.7916666666666666,0.5625,0.5625,0.7678571428571428,40,49,0.9
progressive/rome_benchmark/grafo5772.40,40,8,betweeness,0.796825396825397,1.0,0.7916666666666666,0.5625,0.5625,0.7678571428571428,40,49,0.9
progressive/rome_benchmark/grafo5772.40,40,8,rmc,0.8151260504201681,0.9510370622237334,0.7916666666666666,0.9166666666666666,0.59375,0.75,40,49,0.875
progressive/rome_benchmark/grafo5772.40,40,8,random,0.6576576576576577,0.8691588785046729,0.7916666666666666,0.875,0.425,0.3392857142857143,40,49,0.925
progressive/rome_benchmark/grafo5772.40,40,8,spectral,0.8110516934046347,0.7997835497835498,0.7916666666666666,0.5833333333333334,0.4333333333333333,0.6875,40,49,0.85
progressive/rome_benchmark/grafo5772.40,45,9,degree,0.8520625889046942,1.0,0.7916666666666666,0.7916666666666666,0.7916666666666666,0.9017857142857143,40,49,0.95
progressive/rome_benchmark/grafo5772.40,45,9,closeness,0.9374110953058322,1.0,0.7916666666666666,0.7083333333333334,0.7083333333333334,0.9285714285714286,40,49,0.95
progressive/rome_benchmark/grafo5772.40,45,9,betweeness,0.9374110953058322,1.0,0.7916666666666666,0.7083333333333334,0.7083333333333334,0.9285714285714286,40,49,0.95
progressive/rome_benchmark/grafo5772.40,45,9,rmc,0.8569500674763832,1.0,0.7916666666666666,1.625,1.625,0.5,40,49,0.975
progressive/rome_benchmark/grafo5772.40,45,9,random,0.824561403508772,0.8095238095238095,0.7916666666666666,1.75,1.75,0.25,40,49,0.975
progressive/rome_benchmark/grafo5772.40,45,9,spectral,0.8435277382645804,1.0,0.7916666666666666,0.7222222222222222,0.7222222222222222,0.75,40,49,0.95
progressive/rome_benchmark/grafo5772.40,49,10,degree,1.0,1.0,0.7916666666666666,0.7916666666666666,0.7916666666666666,1.0,40,49,1.0
progressive/rome_benchmark/grafo5772.40,49,10,closeness,1.0,1.0,0.7916666666666666,0.7916666666666666,0.7916666666666666,1.0,40,49,1.0
progressive/rome_benchmark/grafo5772.40,49,10,betweeness,1.0,1.0,0.7916666666666666,0.7916666666666666,0.7916666666666666,1.0,40,49,1.0
progressive/rome_benchmark/grafo5772.40,49,10,rmc,1.0,1.0,0.7916666666666666,0.7916666666666666,0.7916666666666666,1.0,40,49,1.0
progressive/rome_benchmark/grafo5772.40,49,10,random,1.0,1.0,0.7916666666666666,0.7916666666666666,0.7916666666666666,1.0,40,49,1.0
progressive/rome_benchmark/grafo5772.40,49,10,spectral,1.0,1.0,0.7916666666666666,0.7916666666666666,0.7916666666666666,1.0,40,49,1.0
progressive/rome_benchmark/grafo2392.14,2,1,degree,0.33333333333333337,-0.5,1.125,0,0,0.0,14,14,0.21428571428571427
progressive/rome_benchmark/grafo2392.14,2,1,closeness,0.0,-0.5,1.125,0,0,0.0,14,14,0.2857142857142857
progressive/rome_benchmark/grafo2392.14,2,1,betweeness,0.33333333333333337,-0.5,1.125,0,0,0.0,14,14,0.21428571428571427
progressive/rome_benchmark/grafo2392.14,2,1,rmc,0.6666666666666669,-0.5,1.125,0,0,0.0,14,14,0.2857142857142857
progressive/rome_benchmark/grafo2392.14,2,1,random,-0.33333333333333337,-0.5,1.125,0,0,0.0,14,14,0.21428571428571427
progressive/rome_benchmark/grafo2392.14,2,1,spectral,0.33333333333333337,-0.5,1.125,0,0,0.0,14,14,0.21428571428571427
progressive/rome_benchmark/grafo2392.14,3,2,degree,0.3333333333333334,-1.0,1.125,3.0,0.75,0.25,14,14,0.2857142857142857
progressive/rome_benchmark/grafo2392.14,3,2,closeness,0.0,-0.5,1.125,0,0,0.0,14,14,0.35714285714285715
progressive/rome_benchmark/grafo2392.14,3,2,betweeness,0.3333333333333334,-1.0,1.125,3.0,0.75,0.25,14,14,0.2857142857142857
progressive/rome_benchmark/grafo2392.14,3,2,rmc,0.39999999999999997,-0.5,1.125,0,0,0.0,14,14,0.35714285714285715
progressive/rome_benchmark/grafo2392.14,3,2,random,0.19999999999999998,-0.5,1.125,0,0,0.0,14,14,0.35714285714285715
progressive/rome_benchmark/grafo2392.14,3,2,spectral,0.33333333333333337,-0.5,1.125,0,0,0.0,14,14,0.21428571428571427
progressive/rome_benchmark/grafo2392.14,5,3,degree,0.6,1.0,1.125,3.0,0.3333333333333333,0.25,14,14,0.42857142857142855
progressive/rome_benchmark/grafo2392.14,5,3,closeness,0.4285714285714286,-0.5,1.125,0,0,0.0,14,14,0.5
progressive/rome_benchmark/grafo2392.14,5,3,betweeness,0.6,1.0,1.125,3.0,0.3333333333333333,0.25,14,14,0.42857142857142855
progressive/rome_benchmark/grafo2392.14,5,3,rmc,0.5238095238095238,0.0,1.125,3.0,3.0,0.1,14,14,0.5
progressive/rome_benchmark/grafo2392.14,5,3,random,0.6190476190476191,-0.5,1.125,0,0,0.0,14,14,0.5
progressive/rome_benchmark/grafo2392.14,5,3,spectral,0.19999999999999998,1.0,1.125,0.75,0.75,0.5,14,14,0.35714285714285715
progressive/rome_benchmark/grafo2392.14,6,4,degree,0.3571428571428571,1.0,1.125,3.0,0.3333333333333333,0.25,14,14,0.5714285714285714
progressive/rome_benchmark/grafo2392.14,6,4,closeness,0.3571428571428571,1.0,1.125,3.0,0.3333333333333333,0.25,14,14,0.5714285714285714
progressive/rome_benchmark/grafo2392.14,6,4,betweeness,0.3571428571428571,1.0,1.125,3.0,0.3333333333333333,0.25,14,14,0.5714285714285714
progressive/rome_benchmark/grafo2392.14,6,4,rmc,0.4999999999999999,0.0,1.125,3.0,3.0,0.1,14,14,0.5714285714285714
progressive/rome_benchmark/grafo2392.14,6,4,random,0.33333333333333337,0.3333333333333334,1.125,4.0,1.0,0.375,14,14,0.5
progressive/rome_benchmark/grafo2392.14,6,4,spectral,0.7333333333333333,1.0,1.125,0.75,0.75,0.5,14,14,0.42857142857142855
progressive/rome_benchmark/grafo2392.14,7,5,degree,0.3333333333333333,1.0,1.125,3.0,0.3333333333333333,0.25,14,14,0.6428571428571429
progressive/rome_benchmark/grafo2392.14,7,5,closeness,0.5,1.0,1.125,3.0,3.0,0.25,14,14,0.6428571428571429
progressive/rome_benchmark/grafo2392.14,7,5,betweeness,0.5,1.0,1.125,3.0,3.0,0.25,14,14,0.6428571428571429
progressive/rome_benchmark/grafo2392.14,7,5,rmc,0.4444444444444444,0.3333333333333334,1.125,4.0,1.0,0.375,14,14,0.6428571428571429
progressive/rome_benchmark/grafo2392.14,7,5,random,0.3888888888888889,1.0,1.125,3.0,0.3333333333333333,0.25,14,14,0.6428571428571429
progressive/rome_benchmark/grafo2392.14,7,5,spectral,0.21428571428571427,1.0,1.125,0.75,0.75,0.5,14,14,0.5714285714285714
progressive/rome_benchmark/grafo2392.14,9,6,degree,0.41818181818181815,1.0,1.125,4.0,0.4444444444444444,0.375,14,14,0.7857142857142857
progressive/rome_benchmark/grafo2392.14,9,6,closeness,0.6888888888888888,0.0,1.125,1.0,1.0,0.0,14,14,0.7142857142857143
progressive/rome_benchmark/grafo2392.14,9,6,betweeness,0.6888888888888888,0.0,1.125,1.0,1.0,0.0,14,14,0.7142857142857143
progressive/rome_benchmark/grafo2392.14,9,6,rmc,0.9555555555555554,1.0,1.125,4.0,4.0,0.375,14,14,0.7142857142857143
progressive/rome_benchmark/grafo2392.14,9,6,random,0.4909090909090909,1.0,1.125,3.0,3.0,0.25,14,14,0.7857142857142857
progressive/rome_benchmark/grafo2392.14,9,6,spectral,0.7222222222222222,1.0,1.125,0.625,0.625,0.5,14,14,0.6428571428571429
progressive/rome_benchmark/grafo2392.14,10,7,degree,0.5757575757575757,1.0,1.125,4.0,4.0,0.375,14,14,0.8571428571428571
progressive/rome_benchmark/grafo2392.14,10,7,closeness,0.5636363636363636,1.0,1.125,3.0,3.0,0.25,14,14,0.7857142857142857
progressive/rome_benchmark/grafo2392.14,10,7,betweeness,0.5636363636363636,1.0,1.125,3.0,3.0,0.25,14,14,0.7857142857142857
progressive/rome_benchmark/grafo2392.14,10,7,rmc,0.9272727272727274,1.0,1.125,3.0,3.0,0.5,14,14,0.7857142857142857
progressive/rome_benchmark/grafo2392.14,10,7,random,0.6000000000000001,1.0,1.125,4.0,0.4444444444444444,0.375,14,14,0.7857142857142857
progressive/rome_benchmark/grafo2392.14,10,7,spectral,0.7777777777777777,1.0,1.125,0.625,0.625,0.5,14,14,0.7142857142857143
progressive/rome_benchmark/grafo2392.14,12,8,degree,0.7435897435897434,1.0,1.125,3.5,1.375,0.875,14,14,0.9285714285714286
progressive/rome_benchmark/grafo2392.14,12,8,closeness,0.7948717948717947,1.0,1.125,3.0,3.0,0.5,14,14,0.9285714285714286
progressive/rome_benchmark/grafo2392.14,12,8,betweeness,0.7948717948717947,1.0,1.125,3.0,3.0,0.5,14,14,0.9285714285714286
progressive/rome_benchmark/grafo2392.14,12,8,rmc,0.7948717948717947,1.0,1.125,3.0,3.0,0.5,14,14,0.9285714285714286
progressive/rome_benchmark/grafo2392.14,12,8,random,0.8205128205128204,1.0,1.125,1.125,1.125,0.6,14,14,0.9285714285714286
progressive/rome_benchmark/grafo2392.14,12,8,spectral,0.7575757575757575,1.0,1.125,1.125,1.125,0.75,14,14,0.8571428571428571
progressive/rome_benchmark/grafo2392.14,13,9,degree,0.9230769230769229,1.0,1.125,1.375,1.375,0.875,14,14,0.9285714285714286
progressive/rome_benchmark/grafo2392.14,13,9,closeness,0.8021978021978022,1.0,1.125,3.0,1.125,1.0,14,14,1.0
progressive/rome_benchmark/grafo2392.14,13,9,betweeness,0.8021978021978022,1.0,1.125,3.0,1.125,1.0,14,14,1.0
progressive/rome_benchmark/grafo2392.14,13,9,rmc,0.8021978021978022,1.0,1.125,3.0,1.125,1.0,14,14,1.0
progressive/rome_benchmark/grafo2392.14,13,9,random,0.9487179487179485,1.0,1.125,1.125,1.125,1.0,14,14,0.9285714285714286
progressive/rome_benchmark/grafo2392.14,13,9,spectral,0.9487179487179485,1.0,1.125,1.125,1.125,1.0,14,14,0.9285714285714286
progressive/rome_benchmark/grafo2392.14,14,10,degree,1.0,1.0,1.125,1.125,1.125,1.0,14,14,1.0
progressive/rome_benchmark/grafo2392.14,14,10,closeness,1.0,1.0,1.125,1.125,1.125,1.0,14,14,1.0
progressive/rome_benchmark/grafo2392.14,14,10,betweeness,1.0,1.0,1.125,1.125,1.125,1.0,14,14,1.0
progressive/rome_benchmark/grafo2392.14,14,10,rmc,1.0,1.0,1.125,1.125,1.125,1.0,14,14,1.0
progressive/rome_benchmark/grafo2392.14,14,10,random,1.0,1.0,1.125,1.125,1.125,1.0,14,14,1.0
progressive/rome_benchmark/grafo2392.14,14,10,spectral,1.0,1.0,1.125,1.125,1.125,1.0,14,14,1.0
progressive/rome_benchmark/grafo2550.26,3,1,degree,1.0,1.0,0.32399999999999995,3.0,0.75,0.15,26,29,0.15384615384615385
progressive/rome_benchmark/grafo2550.26,3,1,closeness,1.0,1.0,0.32399999999999995,3.0,0.75,0.15,26,29,0.15384615384615385
progressive/rome_benchmark/grafo2550.26,3,1,betweeness,1.0,1.0,0.32399999999999995,3.0,0.75,0.15,26,29,0.15384615384615385
progressive/rome_benchmark/grafo2550.26,3,1,rmc,-0.19999999999999998,-0.5,0.32399999999999995,0,0,0.0,26,29,0.19230769230769232
progressive/rome_benchmark/grafo2550.26,3,1,random,-0.19999999999999998,-0.5,0.32399999999999995,0,0,0.0,26,29,0.19230769230769232
progressive/rome_benchmark/grafo2550.26,3,1,spectral,0.19999999999999998,-0.5,0.32399999999999995,0,0,0.0,26,29,0.19230769230769232
progressive/rome_benchmark/grafo2550.26,6,2,degree,0.5714285714285714,1.0,0.32399999999999995,3.0,0.17500000000000002,0.29,26,29,0.3076923076923077
progressive/rome_benchmark/grafo2550.26,6,2,closeness,0.4285714285714286,1.0,0.32399999999999995,3.0,0.75,0.15,26,29,0.2692307692307692
progressive/rome_benchmark/grafo2550.26,6,2,betweeness,0.3571428571428571,1.0,0.32399999999999995,3.0,0.75,0.15,26,29,0.3076923076923077
progressive/rome_benchmark/grafo2550.26,6,2,rmc,0.5714285714285714,1.0,0.32399999999999995,3.0,0.75,0.08,26,29,0.3076923076923077
progressive/rome_benchmark/grafo2550.26,6,2,random,0.9285714285714285,1.0,0.32399999999999995,4.0,1.0,0.2,26,29,0.3076923076923077
progressive/rome_benchmark/grafo2550.26,6,2,spectral,0.4999999999999999,-0.5,0.32399999999999995,0,0,0.0,26,29,0.3076923076923077
progressive/rome_benchmark/grafo2550.26,9,3,degree,0.4848484848484848,1.0,0.32399999999999995,3.5,0.5833333333333334,0.3333333333333333,26,29,0.46153846153846156
progressive/rome_benchmark/grafo2550.26,9,3,closeness,0.2,1.0,0.32399999999999995,3.0,0.17500000000000002,0.29,26,29,0.4230769230769231
progressive/rome_benchmark/grafo2550.26,9,3,betweeness,0.5555555555555555,1.0,0.32399999999999995,4.0,1.0,0.2,26,29,0.38461538461538464
progressive/rome_benchmark/grafo2550.26,9,3,rmc,0.41818181818181815,-0.5,0.32399999999999995,0,0,0.0,26,29,0.4230769230769231
progressive/rome_benchmark/grafo2550.26,9,3,random,0.3333333333333333,1.0,0.32399999999999995,3.0,0.36,0.23333333333333334,26,29,0.38461538461538464
progressive/rome_benchmark/grafo2550.26,9,3,spectral,0.4222222222222222,0.3333333333333334,0.32399999999999995,4.0,0.16,0.18333333333333332,26,29,0.38461538461538464
progressive/rome_benchmark/grafo2550.26,12,4,degree,0.4666666666666667,1.0,0.32399999999999995,3.3333333333333335,0.7222222222222222,0.44000000000000006,26,29,0.5769230769230769
progressive/rome_benchmark/grafo2550.26,12,4,closeness,0.1208791208791209,1.0,0.32399999999999995,4.0,0.16,0.18333333333333332,26,29,0.5384615384615384
progressive/rome_benchmark/grafo2550.26,12,4,betweeness,0.3186813186813187,1.0,0.32399999999999995,4.0,0.2333333333333333,0.38333333333333336,26,29,0.5384615384615384
progressive/rome_benchmark/grafo2550.26,12,4,rmc,0.8717948717948716,1.0,0.32399999999999995,0.625,0.2625,0.19,26,29,0.5
progressive/rome_benchmark/grafo2550.26,12,4,random,0.4871794871794871,1.0,0.32399999999999995,5.0,1.25,0.16,26,29,0.5
progressive/rome_benchmark/grafo2550.26,12,4,spectral,0.4358974358974358,0.5,0.32399999999999995,2.5,0.18,0.3833333333333333,26,29,0.5
progressive/rome_benchmark/grafo2550.26,15,5,degree,0.5166666666666667,1.0,0.32399999999999995,3.3333333333333335,0.7222222222222222,0.5333333333333333,26,29,0.6153846153846154
progressive/rome_benchmark/grafo2550.26,15,5,closeness,0.2941176470588235,1.0,0.32399999999999995,4.0,0.2333333333333333,0.38333333333333336,26,29,0.6538461538461539
progressive/rome_benchmark/grafo2550.26,15,5,betweeness,0.41176470588235287,1.0,0.32399999999999995,4.0,0.2333333333333333,0.38333333333333336,26,29,0.6538461538461539
progressive/rome_benchmark/grafo2550.26,15,5,rmc,0.9,1.0,0.32399999999999995,0.625,0.3833333333333333,0.22999999999999998,26,29,0.6153846153846154
progressive/rome_benchmark/grafo2550.26,15,5,random,0.338235294117647,1.0,0.32399999999999995,4.0,0.2333333333333333,0.38333333333333336,26,29,0.6538461538461539
progressive/rome_benchmark/grafo2550.26,15,5,spectral,0.4476190476190477,1.0,0.32399999999999995,1.0833333333333333,0.18333333333333332,0.3833333333333333,26,29,0.5769230769230769
progressive/rome_benchmark/grafo2550.26,18,6,degree,0.6029411764705882,1.0,0.32399999999999995,3.6666666666666665,0.7777777777777778,0.5833333333333334,26,29,0.6538461538461539
progressive/rome_benchmark/grafo2550.26,18,6,closeness,0.5147058823529411,1.0,0.32399999999999995,1.5,0.7777777777777778,0.5833333333333334,26,29,0.6538461538461539
progressive/rome_benchmark/grafo2550.26,18,6,betweeness,0.542483660130719,1.0,0.32399999999999995,1.5,0.7777777777777778,0.5833333333333334,26,29,0.6923076923076923
progressive/rome_benchmark/grafo2550.26,18,6,rmc,0.6608187134502924,1.0,0.32399999999999995,0.875,0.5666666666666667,0.29,26,29,0.7307692307692307
progressive/rome_benchmark/grafo2550.26,18,6,random,0.6993464052287582,0.4601769911504425,0.32399999999999995,1.0416666666666667,0.3416666666666666,0.4,26,29,0.6923076923076923
progressive/rome_benchmark/grafo2550.26,18,6,spectral,0.6470588235294118,1.0,0.32399999999999995,0.75,0.75,0.3833333333333333,26,29,0.6538461538461539
progressive/rome_benchmark/grafo2550.26,21,7,degree,0.6947368421052632,1.0,0.32399999999999995,3.0,0.6666666666666666,0.7833333333333334,26,29,0.7692307692307693
progressive/rome_benchmark/grafo2550.26,21,7,closeness,0.7309941520467835,1.0,0.32399999999999995,1.25,0.6666666666666666,0.7833333333333334,26,29,0.7307692307692307
progressive/rome_benchmark/grafo2550.26,21,7,betweeness,0.6631578947368422,1.0,0.32399999999999995,1.25,0.6666666666666666,0.7833333333333334,26,29,0.7692307692307693
progressive/rome_benchmark/grafo2550.26,21,7,rmc,0.7523809523809525,0.8596491228070174,0.32399999999999995,0.625,0.625,0.27,26,29,0.8076923076923077
progressive/rome_benchmark/grafo2550.26,21,7,random,0.761904761904762,1.0,0.32399999999999995,1.0,1.0,0.18333333333333332,26,29,0.8076923076923077
progressive/rome_benchmark/grafo2550.26,21,7,spectral,0.7157894736842105,1.0,0.32399999999999995,1.0,1.0,0.5833333333333333,26,29,0.7692307692307693
progressive/rome_benchmark/grafo2550.26,24,8,degree,0.8008658008658008,1.0,0.32399999999999995,0.625,0.625,0.7333333333333333,26,29,0.8461538461538461
progressive/rome_benchmark/grafo2550.26,24,8,closeness,0.8008658008658008,1.0,0.32399999999999995,0.625,0.625,0.7333333333333333,26,29,0.8461538461538461
progressive/rome_benchmark/grafo2550.26,24,8,betweeness,0.8008658008658008,1.0,0.32399999999999995,0.625,0.625,0.7333333333333333,26,29,0.8461538461538461
progressive/rome_benchmark/grafo2550.26,24,8,rmc,0.6996047430830039,1.0,0.32399999999999995,0.32999999999999996,0.32999999999999996,0.75,26,29,0.8846153846153846
progressive/rome_benchmark/grafo2550.26,24,8,random,0.7154150197628459,1.0,0.32399999999999995,1.0,1.0,0.52,26,29,0.8846153846153846
progressive/rome_benchmark/grafo2550.26,24,8,spectral,0.7628458498023716,1.0,0.32399999999999995,1.125,0.625,0.7333333333333333,26,29,0.8846153846153846
progressive/rome_benchmark/grafo2550.26,27,9,degree,0.9710144927536233,1.0,0.32399999999999995,0.6666666666666666,0.6666666666666666,0.7833333333333334,26,29,0.9230769230769231
progressive/rome_benchmark/grafo2550.26,27,9,closeness,0.9710144927536233,1.0,0.32399999999999995,0.6666666666666666,0.6666666666666666,0.7833333333333334,26,29,0.9230769230769231
progressive/rome_benchmark/grafo2550.26,27,9,betweeness,0.9710144927536233,1.0,0.32399999999999995,0.6666666666666666,0.6666666666666666,0.7833333333333334,26,29,0.9230769230769231
progressive/rome_benchmark/grafo2550.26,27,9,rmc,0.9710144927536233,1.0,0.32399999999999995,0.355,0.355,0.8,26,29,0.9230769230769231
progressive/rome_benchmark/grafo2550.26,27,9,random,0.9130434782608696,1.0,0.32399999999999995,0.6666666666666666,0.6666666666666666,0.7833333333333334,26,29,0.9230769230769231
progressive/rome_benchmark/grafo2550.26,27,9,spectral,0.9855072463768115,1.0,0.32399999999999995,0.32399999999999995,0.32399999999999995,1.0,26,29,0.9230769230769231
progressive/rome_benchmark/grafo2550.26,29,10,degree,1.0,1.0,0.32399999999999995,0.32399999999999995,0.32399999999999995,1.0,26,29,1.0
progressive/rome_benchmark/grafo2550.26,29,10,closeness,1.0,1.0,0.32399999999999995,0.32399999999999995,0.32399999999999995,1.0,26,29,1.0
progressive/rome_benchmark/grafo2550.26,29,10,betweeness,1.0,1.0,0.32399999999999995,0.32399999999999995,0.32399999999999995,1.0,26,29,1.0
progressive/rome_benchmark/grafo2550.26,29,10,rmc,1.0,1.0,0.32399999999999995,0.32399999999999995,0.32399999999999995,1.0,26,29,1.0
progressive/rome_benchmark/grafo2550.26,29,10,random,1.0,1.0,0.32399999999999995,0.32399999999999995,0.32399999999999995,1.0,26,29,1.0
progressive/rome_benchmark/grafo2550.26,29,10,spectral,1.0,1.0,0.32399999999999995,0.32399999999999995,0.32399999999999995,1.0,26,29,1.0
progressive/rome_benchmark/grafo1520.51,7,1,degree,0.5714285714285714,0.0,0.6319444444444444,4.0,4.0,0.0,51,65,0.1568627450980392
progressive/rome_benchmark/grafo1520.51,7,1,closeness,0.5,0.3333333333333334,0.6319444444444444,3.0,0.75,0.125,51,65,0.17647058823529413
progressive/rome_benchmark/grafo1520.51,7,1,betweeness,0.2222222222222222,0.3333333333333334,0.6319444444444444,3.0,0.75,0.125,51,65,0.17647058823529413
progressive/rome_benchmark/grafo1520.51,7,1,rmc,0.2222222222222222,0.0,0.6319444444444444,4.0,4.0,0.017857142857142856,51,65,0.17647058823529413
progressive/rome_benchmark/grafo1520.51,7,1,random,0.9999999999999998,0.0,0.6319444444444444,4.0,4.0,0.0,51,65,0.1568627450980392
progressive/rome_benchmark/grafo1520.51,7,1,spectral,0.42857142857142855,-0.5,0.6319444444444444,0,0,0.0,51,65,0.1568627450980392
progressive/rome_benchmark/grafo1520.51,13,2,degree,0.6923076923076924,0.0,0.6319444444444444,3.5,1.375,0.0,51,65,0.27450980392156865
progressive/rome_benchmark/grafo1520.51,13,2,closeness,0.49999999999999994,0.3333333333333334,0.6319444444444444,3.0,0.5,0.125,51,65,0.3333333333333333
progressive/rome_benchmark/grafo1520.51,13,2,betweeness,0.4725274725274726,0.46666666666666673,0.6319444444444444,3.0,0.375,0.25,51,65,0.27450980392156865
progressive/rome_benchmark/grafo1520.51,13,2,rmc,0.3626373626373627,1.0,0.6319444444444444,3.5,0.8333333333333334,0.08035714285714285,51,65,0.27450980392156865
progressive/rome_benchmark/grafo1520.51,13,2,random,0.45588235294117646,-0.5,0.6319444444444444,0,0,0.0,51,65,0.3333333333333333
progressive/rome_benchmark/grafo1520.51,13,2,spectral,0.5824175824175825,0.3333333333333334,0.6319444444444444,3.0,0.5,0.125,51,65,0.27450980392156865
progressive/rome_benchmark/grafo1520.51,20,3,degree,0.5714285714285714,0.3333333333333334,0.6319444444444444,3.5,0.9166666666666666,0.14285714285714285,51,65,0.4117647058823529
progressive/rome_benchmark/grafo1520.51,20,3,closeness,0.4545454545454546,0.3333333333333334,0.6319444444444444,3.0,0.75,0.125,51,65,0.45098039215686275
progressive/rome_benchmark/grafo1520.51,20,3,betweeness,0.43722943722943725,0.46666666666666673,0.6319444444444444,3.0,0.5,0.25,51,65,0.43137254901960786
progressive/rome_benchmark/grafo1520.51,20,3,rmc,0.43809523809523815,1.0,0.6319444444444444,1.375,1.375,0.14285714285714285,51,65,0.4117647058823529
progressive/rome_benchmark/grafo1520.51,20,3,random,0.541501976284585,0.3333333333333334,0.6319444444444444,3.5,1.375,0.125,51,65,0.45098039215686275
progressive/rome_benchmark/grafo1520.51,20,3,spectral,0.6,0.23809523809523817,0.6319444444444444,2.5,1.0,0.21875,51,65,0.4117647058823529
progressive/rome_benchmark/grafo1520.51,26,4,degree,0.5753846153846154,0.3333333333333334,0.6319444444444444,3.6666666666666665,1.5833333333333333,0.14285714285714285,51,65,0.5098039215686274
progressive/rome_benchmark/grafo1520.51,26,4,closeness,0.5042735042735044,0.36507936507936517,0.6319444444444444,0.6875,0.19791666666666666,0.375,51,65,0.5294117647058824
progressive/rome_benchmark/grafo1520.51,26,4,betweeness,0.5815384615384616,0.46666666666666673,0.6319444444444444,3.0,0.5,0.25,51,65,0.5098039215686274
progressive/rome_benchmark/grafo1520.51,26,4,rmc,0.50997150997151,0.37737208743694456,0.6319444444444444,0.75,0.35,0.3,51,65,0.5294117647058824
progressive/rome_benchmark/grafo1520.51,26,4,random,0.5441595441595443,0.3333333333333334,0.6319444444444444,1.5,0.5694444444444444,0.26785714285714285,51,65,0.5294117647058824
progressive/rome_benchmark/grafo1520.51,26,4,spectral,0.5840455840455842,0.44946236559139785,0.6319444444444444,2.8333333333333335,1.0833333333333333,0.25,51,65,0.5294117647058824
progressive/rome_benchmark/grafo1520.51,33,5,degree,0.592741935483871,-0.04393673110720552,0.6319444444444444,1.45,0.44000000000000006,0.26875,51,65,0.6274509803921569
progressive/rome_benchmark/grafo1520.51,33,5,closeness,0.5606060606060606,-0.26616596446235563,0.6319444444444444,0.6666666666666666,0.26666666666666666,0.26875,51,65,0.6470588235294118
progressive/rome_benchmark/grafo1520.51,33,5,betweeness,0.6411290322580646,0.3387755102040817,0.6319444444444444,1.4166666666666667,0.5416666666666666,0.175,51,65,0.6274509803921569
progressive/rome_benchmark/grafo1520.51,33,5,rmc,0.5193277310924369,0.37737208743694456,0.6319444444444444,0.75,0.35,0.3,51,65,0.6862745098039216
progressive/rome_benchmark/grafo1520.51,33,5,random,0.5454545454545455,0.45025053686471006,0.6319444444444444,1.1,0.425,0.3,51,65,0.6470588235294118
progressive/rome_benchmark/grafo1520.51,33,5,spectral,0.7032258064516129,0.44946236559139785,0.6319444444444444,2.8333333333333335,1.0833333333333333,0.25,51,65,0.6078431372549019
progressive/rome_benchmark/grafo1520.51,39,6,degree,0.6507936507936508,-0.047619047619047505,0.6319444444444444,3.3333333333333335,0.7777777777777778,0.21875,51,65,0.7058823529411765
progressive/rome_benchmark/grafo1520.51,39,6,closeness,0.6336336336336337,-0.26616596446235563,0.6319444444444444,0.5666666666666667,0.26,0.26875,51,65,0.7254901960784313
progressive/rome_benchmark/grafo1520.51,39,6,betweeness,0.6066066066066066,-0.32515337423312873,0.6319444444444444,0.875,0.3125,0.14375,51,65,0.7254901960784313
progressive/rome_benchmark/grafo1520.51,39,6,rmc,0.7238095238095239,0.49522882181110034,0.6319444444444444,0.7999999999999999,0.2833333333333333,0.425,51,65,0.7058823529411765
progressive/rome_benchmark/grafo1520.51,39,6,random,0.604551920341394,0.36842105263157904,0.6319444444444444,2.1666666666666665,0.4259259259259259,0.2625,51,65,0.7450980392156863
progressive/rome_benchmark/grafo1520.51,39,6,spectral,0.6952380952380953,1.0,0.6319444444444444,2.8333333333333335,2.8333333333333335,0.25,51,65,0.7058823529411765
progressive/rome_benchmark/grafo1520.51,46,7,degree,0.7610241820768138,-0.025941317214456496,0.6319444444444444,0.988095238095238,0.38690476190476186,0.5625,51,65,0.7450980392156863
progressive/rome_benchmark/grafo1520.51,46,7,closeness,0.6933797909407666,1.0,0.6319444444444444,0.3854166666666667,0.29166666666666663,0.26875,51,65,0.8235294117647058
progressive/rome_benchmark/grafo1520.51,46,7,betweeness,0.6933797909407666,1.0,0.6319444444444444,0.3854166666666667,0.29166666666666663,0.26875,51,65,0.8235294117647058
progressive/rome_benchmark/grafo1520.51,46,7,rmc,0.7439024390243901,0.47015535568274736,0.6319444444444444,1.2916666666666667,0.4,0.3,51,65,0.803921568627451
progressive/rome_benchmark/grafo1520.51,46,7,random,0.7487179487179487,-0.26616596446235563,0.6319444444444444,0.6666666666666666,0.26666666666666666,0.26875,51,65,0.7843137254901961
progressive/rome_benchmark/grafo1520.51,46,7,spectral,0.8406827880512091,1.0,0.6319444444444444,1.05,1.05,0.46875,51,65,0.7450980392156863
progressive/rome_benchmark/grafo1520.51,52,8,degree,0.8073170731707318,0.9477991840155802,0.6319444444444444,0.474537037037037,0.3685185185185185,0.6875,51,65,0.803921568627451
progressive/rome_benchmark/grafo1520.51,52,8,closeness,0.7661835748792271,1.0,0.6319444444444444,0.4125,0.30333333333333334,0.29375,51,65,0.9019607843137255
progressive/rome_benchmark/grafo1520.51,52,8,betweeness,0.7661835748792271,1.0,0.6319444444444444,0.4125,0.30333333333333334,0.29375,51,65,0.9019607843137255
progressive/rome_benchmark/grafo1520.51,52,8,rmc,0.8241545893719807,1.0,0.6319444444444444,1.0,1.0,0.34375,51,65,0.9019607843137255
progressive/rome_benchmark/grafo1520.51,52,8,random,0.8224101479915433,0.9962286943327293,0.6319444444444444,0.5125,0.4,0.46875,51,65,0.8627450980392157
progressive/rome_benchmark/grafo1520.51,52,8,spectral,0.9140534262485482,1.0,0.6319444444444444,0.9479166666666666,0.9479166666666666,0.875,51,65,0.8235294117647058
progressive/rome_benchmark/grafo1520.51,59,9,degree,0.8937198067632851,0.9922663721241989,0.6319444444444444,0.7569444444444443,0.7569444444444443,0.75,51,65,0.9019607843137255
progressive/rome_benchmark/grafo1520.51,59,9,closeness,0.8537414965986393,0.9805229936880072,0.6319444444444444,0.33999999999999997,0.26666666666666666,0.4,51,65,0.9607843137254902
progressive/rome_benchmark/grafo1520.51,59,9,betweeness,0.8537414965986393,0.9805229936880072,0.6319444444444444,0.33999999999999997,0.26666666666666666,0.4,51,65,0.9607843137254902
progressive/rome_benchmark/grafo1520.51,59,9,rmc,0.8384353741496597,1.0,0.6319444444444444,0.4166666666666667,0.4166666666666667,0.59375,51,65,0.9607843137254902
progressive/rome_benchmark/grafo1520.51,59,9,random,0.923758865248227,0.9921026958034003,0.6319444444444444,0.6222222222222221,0.6222222222222221,0.59375,51,65,0.9411764705882353
progressive/rome_benchmark/grafo1520.51,59,9,spectral,0.8776595744680852,1.0,0.6319444444444444,1.0416666666666665,0.6319444444444444,0.9375,51,65,0.9411764705882353
progressive/rome_benchmark/grafo1520.51,65,10,degree,1.0,1.0,0.6319444444444444,0.6319444444444444,0.6319444444444444,1.0,51,65,1.0
progressive/rome_benchmark/grafo1520.51,65,10,closeness,1.0,1.0,0.6319444444444444,0.6319444444444444,0.6319444444444444,1.0,51,65,1.0
progressive/rome_benchmark/grafo1520.51,65,10,betweeness,1.0,1.0,0.6319444444444444,0.6319444444444444,0.6319444444444444,1.0,51,65,1.0
progressive/rome_benchmark/grafo1520.51,65,10,rmc,1.0,1.0,0.6319444444444444,0.6319444444444444,0.6319444444444444,1.0,51,65,1.0
progressive/rome_benchmark/grafo1520.51,65,10,random,1.0,1.0,0.6319444444444444,0.6319444444444444,0.6319444444444444,1.0,51,65,1.0
progressive/rome_benchmark/grafo1520.51,65,10,spectral,1.0,1.0,0.6319444444444444,0.6319444444444444,0.6319444444444444,1.0,51,65,1.0
progressive/rome_benchmark/grafo10005.39,5,1,degree,0.9999999999999999,1.0,1.222222222222222,5.0,1.25,0.2777777777777778,39,49,0.15384615384615385
progressive/rome_benchmark/grafo10005.39,5,1,closeness,0.23809523809523814,-0.33333333333333326,1.222222222222222,4.0,1.0,0.2222222222222222,39,49,0.1794871794871795
progressive/rome_benchmark/grafo10005.39,5,1,betweeness,0.7333333333333333,1.0,1.222222222222222,4.0,1.0,0.19999999999999998,39,49,0.15384615384615385
progressive/rome_benchmark/grafo10005.39,5,1,rmc,0.3333333333333333,-0.5,1.222222222222222,0,0,0.0,39,49,0.15384615384615385
progressive/rome_benchmark/grafo10005.39,5,1,random,0.4666666666666666,1.0,1.222222222222222,4.0,4.0,0.1111111111111111,39,49,0.15384615384615385
progressive/rome_benchmark/grafo10005.39,5,1,spectral,0.3333333333333333,-0.5,1.222222222222222,0,0,0.0,39,49,0.15384615384615385
progressive/rome_benchmark/grafo10005.39,10,2,degree,0.34545454545454546,0.7333333333333333,1.222222222222222,6.0,1.5,0.3333333333333333,39,49,0.28205128205128205
progressive/rome_benchmark/grafo10005.39,10,2,closeness,0.7179487179487178,-0.33333333333333326,1.222222222222222,4.0,1.0,0.2222222222222222,39,49,0.3333333333333333
progressive/rome_benchmark/grafo10005.39,10,2,betweeness,0.45454545454545453,0.20312499999999997,1.222222222222222,4.5,1.625,0.4777777777777778,39,49,0.28205128205128205
progressive/rome_benchmark/grafo10005.39,10,2,rmc,0.303030303030303,0.0,1.222222222222222,3.0,0.3333333333333333,0.0,39,49,0.3076923076923077
progressive/rome_benchmark/grafo10005.39,10,2,random,0.6666666666666666,1.0,1.222222222222222,6.0,1.5,0.2380952380952381,39,49,0.3076923076923077
progressive/rome_benchmark/grafo10005.39,10,2,spectral,0.41818181818181815,0.0,1.222222222222222,3.0,3.0,0.0,39,49,0.28205128205128205
progressive/rome_benchmark/grafo10005.39,15,3,degree,0.2833333333333333,0.34025974025974026,1.222222222222222,5.5,0.9166666666666666,0.6111111111111112,39,49,0.41025641025641024
progressive/rome_benchmark/grafo10005.39,15,3,closeness,0.6166666666666666,0.20312499999999997,1.222222222222222,1.75,0.625,0.4777777777777778,39,49,0.41025641025641024
progressive/rome_benchmark/grafo10005.39,15,3,betweeness,0.6,0.20312499999999997,1.222222222222222,4.5,1.625,0.4777777777777778,39,49,0.41025641025641024
progressive/rome_benchmark/grafo10005.39,15,3,rmc,0.7142857142857144,0.0,1.222222222222222,3.0,0.75,0.0,39,49,0.358974358974359
progressive/rome_benchmark/grafo10005.39,15,3,random,0.31666666666666665,0.42665173572228443,1.222222222222222,1.625,0.75,0.5,39,49,0.41025641025641024
progressive/rome_benchmark/grafo10005.39,15,3,spectral,0.5428571428571429,0.0,1.222222222222222,4.0,4.0,0.0,39,49,0.38461538461538464
progressive/rome_benchmark/grafo10005.39,20,4,degree,0.3142857142857143,0.24705882352941172,1.222222222222222,3.5,0.5,0.5555555555555556,39,49,0.5384615384615384
progressive/rome_benchmark/grafo10005.39,20,4,closeness,0.4952380952380953,0.21874999999999997,1.222222222222222,4.5,1.625,0.4777777777777778,39,49,0.5384615384615384
progressive/rome_benchmark/grafo10005.39,20,4,betweeness,0.7192982456140351,0.41975308641975306,1.222222222222222,5.0,1.875,0.5444444444444444,39,49,0.48717948717948717
progressive/rome_benchmark/grafo10005.39,20,4,rmc,0.6257309941520467,-0.5,1.222222222222222,0,0,0.0,39,49,0.48717948717948717
progressive/rome_benchmark/grafo10005.39,20,4,random,0.6666666666666667,0.20312499999999997,1.222222222222222,4.0,1.5833333333333333,0.4777777777777778,39,49,0.5384615384615384
progressive/rome_benchmark/grafo10005.39,20,4,spectral,0.7385620915032681,0.0,1.222222222222222,0.375,0.375,0.0,39,49,0.46153846153846156
progressive/rome_benchmark/grafo10005.39,25,5,degree,0.39692307692307693,0.2677345537757437,1.222222222222222,2.0833333333333335,0.625,0.7222222222222223,39,49,0.6666666666666666
progressive/rome_benchmark/grafo10005.39,25,5,closeness,0.6304347826086957,0.20358387257341956,1.222222222222222,1.625,0.6666666666666666,0.5277777777777778,39,49,0.6153846153846154
progressive/rome_benchmark/grafo10005.39,25,5,betweeness,0.7608695652173914,0.43390545016561277,1.222222222222222,4.0,1.0,0.7111111111111111,39,49,0.6153846153846154
progressive/rome_benchmark/grafo10005.39,25,5,rmc,0.7944664031620553,0.0,1.222222222222222,0.375,0.375,0.0,39,49,0.5897435897435898
progressive/rome_benchmark/grafo10005.39,25,5,random,0.36000000000000004,0.2677345537757437,1.222222222222222,2.0833333333333335,0.625,0.7222222222222223,39,49,0.6666666666666666
progressive/rome_benchmark/grafo10005.39,25,5,spectral,0.6679841897233202,-0.5,1.222222222222222,0,0,0.0,39,49,0.5897435897435898
progressive/rome_benchmark/grafo10005.39,30,6,degree,0.5467980295566501,-0.14669652855543105,1.222222222222222,1.5625,0.875,0.5555555555555555,39,49,0.7435897435897436
progressive/rome_benchmark/grafo10005.39,30,6,closeness,0.6403940886699506,1.0,1.222222222222222,1.3333333333333333,0.7222222222222222,0.5,39,49,0.7435897435897436
progressive/rome_benchmark/grafo10005.39,30,6,betweeness,0.7195767195767195,0.6187214611872146,1.222222222222222,4.5,1.0833333333333333,0.8222222222222223,39,49,0.717948717948718
progressive/rome_benchmark/grafo10005.39,30,6,rmc,0.851851851851852,0.601593625498008,1.222222222222222,1.4583333333333333,0.6944444444444445,0.41111111111111115,39,49,0.6923076923076923
progressive/rome_benchmark/grafo10005.39,30,6,random,0.4827586206896551,-0.14669652855543105,1.222222222222222,0.9166666666666666,0.425,0.5555555555555555,39,49,0.7435897435897436
progressive/rome_benchmark/grafo10005.39,30,6,spectral,0.8338461538461538,0.33333333333333337,1.222222222222222,5.0,5.0,0.26666666666666666,39,49,0.6666666666666666
progressive/rome_benchmark/grafo10005.39,35,7,degree,0.7195402298850575,1.0,1.222222222222222,0.6666666666666666,0.4166666666666667,0.8611111111111112,39,49,0.7692307692307693
progressive/rome_benchmark/grafo10005.39,35,7,closeness,0.6989247311827959,0.6072727272727273,1.222222222222222,1.1111111111111112,0.5833333333333334,0.8888888888888888,39,49,0.7948717948717948
progressive/rome_benchmark/grafo10005.39,35,7,betweeness,0.7011494252873564,0.6112485939257593,1.222222222222222,1.0833333333333333,0.625,0.8611111111111112,39,49,0.7692307692307693
progressive/rome_benchmark/grafo10005.39,35,7,rmc,0.9064039408866994,1.0,1.222222222222222,5.0,5.0,0.5444444444444444,39,49,0.7435897435897436
progressive/rome_benchmark/grafo10005.39,35,7,random,0.8451612903225807,1.0,1.222222222222222,1.9166666666666667,1.222222222222222,0.5444444444444444,39,49,0.7948717948717948
progressive/rome_benchmark/grafo10005.39,35,7,spectral,0.9261083743842363,1.0,1.222222222222222,5.0,5.0,0.5444444444444444,39,49,0.7435897435897436
progressive/rome_benchmark/grafo10005.39,40,8,degree,0.7840909090909091,0.9204712812960235,1.222222222222222,1.2916666666666667,0.6,1.0,39,49,0.8461538461538461
progressive/rome_benchmark/grafo10005.39,40,8,closeness,0.7840909090909091,0.9204712812960235,1.222222222222222,1.2916666666666667,0.6,1.0,39,49,0.8461538461538461
progressive/rome_benchmark/grafo10005.39,40,8,betweeness,0.7840909090909091,0.9204712812960235,1.222222222222222,1.2916666666666667,0.6,1.0,39,49,0.8461538461538461
progressive/rome_benchmark/grafo10005.39,40,8,rmc,0.8645276292335118,1.0,1.222222222222222,1.5,1.5,0.5555555555555555,39,49,0.8717948717948718
progressive/rome_benchmark/grafo10005.39,40,8,random,0.7860962566844921,0.6261358719169191,1.222222222222222,1.222222222222222,0.6666666666666666,1.0,39,49,0.8717948717948718
progressive/rome_benchmark/grafo10005.39,40,8,spectral,0.8716577540106952,1.0,1.222222222222222,4.5,4.5,0.48888888888888893,39,49,0.8717948717948718
progressive/rome_benchmark/grafo10005.39,45,9,degree,0.8408408408408409,1.0,1.222222222222222,0.78125,0.6,1.0,39,49,0.9487179487179487
progressive/rome_benchmark/grafo10005.39,45,9,closeness,0.8348348348348349,1.0,1.222222222222222,1.0416666666666667,1.0416666666666667,1.0,39,49,0.9487179487179487
progressive/rome_benchmark/grafo10005.39,45,9,betweeness,0.8348348348348349,1.0,1.222222222222222,1.0416666666666667,1.0416666666666667,1.0,39,49,0.9487179487179487
progressive/rome_benchmark/grafo10005.39,45,9,rmc,0.933933933933934,1.0,1.222222222222222,1.0555555555555556,1.0555555555555556,0.8333333333333334,39,49,0.9487179487179487
progressive/rome_benchmark/grafo10005.39,45,9,random,0.8888888888888888,0.9204712812960235,1.222222222222222,1.2916666666666667,0.6,1.0,39,49,0.9487179487179487
progressive/rome_benchmark/grafo10005.39,45,9,spectral,0.9159159159159159,1.0,1.222222222222222,2.0,1.1111111111111112,0.8888888888888888,39,49,0.9487179487179487
progressive/rome_benchmark/grafo10005.39,49,10,degree,1.0,1.0,1.222222222222222,1.222222222222222,1.222222222222222,1.0,39,49,1.0
progressive/rome_benchmark/grafo10005.39,49,10,closeness,1.0,1.0,1.222222222222222,1.222222222222222,1.222222222222222,1.0,39,49,1.0
progressive/rome_benchmark/grafo10005.39,49,10,betweeness,1.0,1.0,1.222222222222222,1.222222222222222,1.222222222222222,1.0,39,49,1.0
progressive/rome_benchmark/grafo10005.39,49,10,rmc,1.0,1.0,1.222222222222222,1.222222222222222,1.222222222222222,1.0,39,49,1.0
progressive/rome_benchmark/grafo10005.39,49,10,random,1.0,1.0,1.222222222222222,1.222222222222222,1.222222222222222,1.0,39,49,1.0
progressive/rome_benchmark/grafo10005.39,49,10,spectral,1.0,1.0,1.222222222222222,1.222222222222222,1.222222222222222,1.0,39,49,1.0
progressive/rome_benchmark/grafo3763.53,8,1,degree,0.3888888888888889,0.6,0.1773809523809524,6.0,1.5,0.20833333333333334,53,72,0.16981132075471697
progressive/rome_benchmark/grafo3763.53,8,1,closeness,0.6000000000000001,-0.5,0.1773809523809524,0,0,0.0,53,72,0.2830188679245283
progressive/rome_benchmark/grafo3763.53,8,1,betweeness,0.7222222222222222,0.0,0.1773809523809524,3.0,0.1875,0.0,53,72,0.16981132075471697
progressive/rome_benchmark/grafo3763.53,8,1,rmc,0.6444444444444444,0.0,0.1773809523809524,0.75,0.75,0.0,53,72,0.18867924528301888
progressive/rome_benchmark/grafo3763.53,8,1,random,0.18681318681318684,-0.5,0.1773809523809524,0,0,0.0,53,72,0.2641509433962264
progressive/rome_benchmark/grafo3763.53,8,1,spectral,0.6,0.0,0.1773809523809524,4.0,1.0,0.0,53,72,0.18867924528301888
progressive/rome_benchmark/grafo3763.53,15,2,degree,0.5824175824175825,0.4,0.1773809523809524,5.5,2.125,0.20833333333333334,53,72,0.2641509433962264
progressive/rome_benchmark/grafo3763.53,15,2,closeness,0.6017316017316018,0.0,0.1773809523809524,3.0,0.1875,0.0,53,72,0.41509433962264153
progressive/rome_benchmark/grafo3763.53,15,2,betweeness,0.8833333333333333,0.0,0.1773809523809524,1.0,1.0,0.0,53,72,0.3018867924528302
progressive/rome_benchmark/grafo3763.53,15,2,rmc,0.6339869281045752,0.0,0.1773809523809524,4.0,1.0,0.0,53,72,0.33962264150943394
progressive/rome_benchmark/grafo3763.53,15,2,random,0.6323529411764706,0.0,0.1773809523809524,1.125,0.3125,0.0,53,72,0.32075471698113206
progressive/rome_benchmark/grafo3763.53,15,2,spectral,0.6333333333333333,0.0,0.1773809523809524,1.375,0.21666666666666667,0.041666666666666664,53,72,0.3018867924528302
progressive/rome_benchmark/grafo3763.53,22,3,degree,0.6126482213438735,0.4,0.1773809523809524,4.666666666666667,0.6166666666666667,0.20833333333333334,53,72,0.4339622641509434
progressive/rome_benchmark/grafo3763.53,22,3,closeness,0.6933333333333331,0.0,0.1773809523809524,1.25,0.5833333333333334,0.0,53,72,0.4716981132075472
progressive/rome_benchmark/grafo3763.53,22,3,betweeness,0.6133333333333332,0.0,0.1773809523809524,1.25,0.5833333333333334,0.0,53,72,0.4716981132075472
progressive/rome_benchmark/grafo3763.53,22,3,rmc,0.5876923076923077,0.0,0.1773809523809524,3.5,0.375,0.0,53,72,0.49056603773584906
progressive/rome_benchmark/grafo3763.53,22,3,random,0.6449275362318841,0.4,0.1773809523809524,4.666666666666667,0.4222222222222222,0.20833333333333334,53,72,0.4528301886792453
progressive/rome_benchmark/grafo3763.53,22,3,spectral,0.6761904761904762,0.0,0.1773809523809524,1.5,0.6666666666666666,0.0,53,72,0.39622641509433965
progressive/rome_benchmark/grafo3763.53,29,4,degree,0.6045977011494253,0.4,0.1773809523809524,4.25,0.36607142857142855,0.20833333333333334,53,72,0.5660377358490566
progressive/rome_benchmark/grafo3763.53,29,4,closeness,0.6290322580645162,0.3333333333333333,0.1773809523809524,0.638888888888889,0.2222222222222222,0.1875,53,72,0.6037735849056604
progressive/rome_benchmark/grafo3763.53,29,4,betweeness,0.6290322580645162,0.3333333333333333,0.1773809523809524,0.638888888888889,0.2222222222222222,0.1875,53,72,0.6037735849056604
progressive/rome_benchmark/grafo3763.53,29,4,rmc,0.5956989247311828,0.0,0.1773809523809524,0.6666666666666666,0.14583333333333334,0.0,53,72,0.5849056603773585
progressive/rome_benchmark/grafo3763.53,29,4,random,0.6430107526881721,0.0,0.1773809523809524,1.6666666666666667,0.5,0.041666666666666664,53,72,0.5849056603773585
progressive/rome_benchmark/grafo3763.53,29,4,spectral,0.717391304347826,1.0,0.1773809523809524,0.5625,0.21714285714285714,0.1875,53,72,0.4528301886792453
progressive/rome_benchmark/grafo3763.53,36,5,degree,0.5865546218487395,1.0,0.1773809523809524,0.75,0.21726190476190474,0.3875,53,72,0.660377358490566
progressive/rome_benchmark/grafo3763.53,36,5,closeness,0.6898395721925134,0.33333333333333337,0.1773809523809524,0.5,0.2555555555555556,0.125,53,72,0.6415094339622641
progressive/rome_benchmark/grafo3763.53,36,5,betweeness,0.6898395721925134,0.33333333333333337,0.1773809523809524,0.5,0.2555555555555556,0.125,53,72,0.6415094339622641
progressive/rome_benchmark/grafo3763.53,36,5,rmc,0.6934046345811052,0.4,0.1773809523809524,1.75,1.0,0.20833333333333334,53,72,0.6415094339622641
progressive/rome_benchmark/grafo3763.53,36,5,random,0.6194331983805668,0.33333333333333337,0.1773809523809524,0.75,0.3333333333333333,0.15,53,72,0.7358490566037735
progressive/rome_benchmark/grafo3763.53,36,5,spectral,0.7783251231527092,1.0,0.1773809523809524,0.29285714285714287,0.29285714285714287,0.3,53,72,0.5471698113207547
progressive/rome_benchmark/grafo3763.53,44,6,degree,0.6487179487179487,0.4050242397531952,0.1773809523809524,0.875,0.3174603174603174,0.49583333333333335,53,72,0.7547169811320755
progressive/rome_benchmark/grafo3763.53,44,6,closeness,0.6926829268292682,0.0,0.1773809523809524,1.375,0.5833333333333334,0.0,53,72,0.7735849056603774
progressive/rome_benchmark/grafo3763.53,44,6,betweeness,0.6926829268292682,0.0,0.1773809523809524,1.375,0.5833333333333334,0.0,53,72,0.7735849056603774
progressive/rome_benchmark/grafo3763.53,44,6,rmc,0.7786774628879892,0.8003992015968064,0.1773809523809524,1.625,0.5333333333333333,0.39583333333333337,53,72,0.7358490566037735
progressive/rome_benchmark/grafo3763.53,44,6,random,0.6853658536585366,1.0,0.1773809523809524,0.5375,0.2571428571428572,0.4375,53,72,0.7735849056603774
progressive/rome_benchmark/grafo3763.53,44,6,spectral,0.7611408199643495,1.0,0.1773809523809524,0.3,0.3,0.2,53,72,0.6415094339622641
progressive/rome_benchmark/grafo3763.53,51,7,degree,0.7491289198606271,1.0,0.1773809523809524,0.615,0.24761904761904766,0.4,53,72,0.7924528301886793
progressive/rome_benchmark/grafo3763.53,51,7,closeness,0.8048780487804879,0.8028045574057844,0.1773809523809524,1.4375,0.8333333333333334,0.375,53,72,0.7924528301886793
progressive/rome_benchmark/grafo3763.53,51,7,betweeness,0.8048780487804879,0.8028045574057844,0.1773809523809524,1.4375,0.8333333333333334,0.375,53,72,0.7924528301886793
progressive/rome_benchmark/grafo3763.53,51,7,rmc,0.7595959595959595,0.8019017432646592,0.1773809523809524,0.515625,0.23214285714285715,0.4375,53,72,0.8490566037735849
progressive/rome_benchmark/grafo3763.53,51,7,random,0.8160676532769555,1.0,0.1773809523809524,0.9166666666666666,0.4625,0.375,53,72,0.8301886792452831
progressive/rome_benchmark/grafo3763.53,51,7,spectral,0.8002699055330635,1.0,0.1773809523809524,0.31666666666666665,0.11666666666666665,0.25,53,72,0.7358490566037735
progressive/rome_benchmark/grafo3763.53,58,8,degree,0.8435517970401691,1.0,0.1773809523809524,0.24196428571428572,0.1895238095238095,0.7958333333333334,53,72,0.8301886792452831
progressive/rome_benchmark/grafo3763.53,58,8,closeness,0.7927844588344127,1.0,0.1773809523809524,0.6666666666666666,0.40625,0.41666666666666663,53,72,0.8867924528301887
progressive/rome_benchmark/grafo3763.53,58,8,betweeness,0.7927844588344127,1.0,0.1773809523809524,0.6666666666666666,0.40625,0.41666666666666663,53,72,0.8867924528301887
progressive/rome_benchmark/grafo3763.53,58,8,rmc,0.7619047619047618,1.0,0.1773809523809524,0.23531746031746031,0.155,0.6875,53,72,0.9245283018867925
progressive/rome_benchmark/grafo3763.53,58,8,random,0.8205365402405181,1.0,0.1773809523809524,0.45625,0.23611111111111113,0.35,53,72,0.8867924528301887
progressive/rome_benchmark/grafo3763.53,58,8,spectral,0.8028792912513842,1.0,0.1773809523809524,0.18,0.18,0.5,53,72,0.8113207547169812
progressive/rome_benchmark/grafo3763.53,65,9,degree,0.874113475177305,1.0,0.1773809523809524,0.1158008658008658,0.09358974358974358,0.9375,53,72,0.9056603773584906
progressive/rome_benchmark/grafo3763.53,65,9,closeness,0.8840816326530613,1.0,0.1773809523809524,0.20634920634920634,0.20634920634920634,0.7916666666666666,53,72,0.9433962264150944
progressive/rome_benchmark/grafo3763.53,65,9,betweeness,0.8840816326530613,1.0,0.1773809523809524,0.20634920634920634,0.20634920634920634,0.7916666666666666,53,72,0.9433962264150944
progressive/rome_benchmark/grafo3763.53,65,9,rmc,0.8588235294117649,1.0,0.1773809523809524,0.23666666666666666,0.19904761904761906,0.7000000000000001,53,72,0.9622641509433962
progressive/rome_benchmark/grafo3763.53,65,9,random,0.8901960784313727,1.0,0.1773809523809524,0.27999999999999997,0.22777777777777777,0.75,53,72,0.9622641509433962
progressive/rome_benchmark/grafo3763.53,65,9,spectral,0.8840816326530613,1.0,0.1773809523809524,0.31666666666666665,0.31666666666666665,0.5,53,72,0.9433962264150944
progressive/rome_benchmark/grafo3763.53,72,10,degree,1.0,1.0,0.1773809523809524,0.1773809523809524,0.1773809523809524,1.0,53,72,1.0
progressive/rome_benchmark/grafo3763.53,72,10,closeness,1.0,1.0,0.1773809523809524,0.1773809523809524,0.1773809523809524,1.0,53,72,1.0
progressive/rome_benchmark/grafo3763.53,72,10,betweeness,1.0,1.0,0.1773809523809524,0.1773809523809524,0.1773809523809524,1.0,53,72,1.0
progressive/rome_benchmark/grafo3763.53,72,10,rmc,1.0,1.0,0.1773809523809524,0.1773809523809524,0.1773809523809524,1.0,53,72,1.0
progressive/rome_benchmark/grafo3763.53,72,10,random,1.0,1.0,0.1773809523809524,0.1773809523809524,0.1773809523809524,1.0,53,72,1.0
progressive/rome_benchmark/grafo3763.53,72,10,spectral,1.0,1.0,0.1773809523809524,0.1773809523809524,0.1773809523809524,1.0,53,72,1.0
progressive/rome_benchmark/grafo1678.23,3,1,degree,1.0,0.0,0.5833333333333334,3.0,3.0,0.0,23,27,0.17391304347826086
progressive/rome_benchmark/grafo1678.23,3,1,closeness,1.0,-0.5,0.5833333333333334,0,0,0.0,23,27,0.17391304347826086
progressive/rome_benchmark/grafo1678.23,3,1,betweeness,1.0,0.0,0.5833333333333334,3.0,3.0,0.0,23,27,0.17391304347826086
progressive/rome_benchmark/grafo1678.23,3,1,rmc,0.6666666666666669,0.0,0.5833333333333334,3.0,3.0,0.0,23,27,0.17391304347826086
progressive/rome_benchmark/grafo1678.23,3,1,random,1.0,0.0,0.5833333333333334,3.0,3.0,0.0,23,27,0.17391304347826086
progressive/rome_benchmark/grafo1678.23,3,1,spectral,0.6666666666666669,0.0,0.5833333333333334,3.0,3.0,0.0,23,27,0.17391304347826086
progressive/rome_benchmark/grafo1678.23,6,2,degree,0.6428571428571428,0.0,0.5833333333333334,3.0,3.0,0.0,23,27,0.34782608695652173
progressive/rome_benchmark/grafo1678.23,6,2,closeness,0.7333333333333333,-0.5,0.5833333333333334,0,0,0.0,23,27,0.2608695652173913
progressive/rome_benchmark/grafo1678.23,6,2,betweeness,0.7333333333333333,-0.5,0.5833333333333334,0,0,0.0,23,27,0.2608695652173913
progressive/rome_benchmark/grafo1678.23,6,2,rmc,0.8095238095238096,-0.5,0.5833333333333334,0,0,0.0,23,27,0.30434782608695654
progressive/rome_benchmark/grafo1678.23,6,2,random,0.4999999999999999,0.0,0.5833333333333334,3.0,0.75,0.0,23,27,0.34782608695652173
progressive/rome_benchmark/grafo1678.23,6,2,spectral,0.8095238095238096,-0.5,0.5833333333333334,0,0,0.0,23,27,0.30434782608695654
progressive/rome_benchmark/grafo1678.23,9,3,degree,0.6363636363636364,1.0,0.5833333333333334,3.5,1.25,0.5,23,27,0.4782608695652174
progressive/rome_benchmark/grafo1678.23,9,3,closeness,0.5757575757575757,-0.5,0.5833333333333334,0,0,0.0,23,27,0.5217391304347826
progressive/rome_benchmark/grafo1678.23,9,3,betweeness,0.5757575757575757,-0.5,0.5833333333333334,0,0,0.0,23,27,0.5217391304347826
progressive/rome_benchmark/grafo1678.23,9,3,rmc,0.7222222222222222,0.0,0.5833333333333334,0.75,0.3333333333333333,0.0,23,27,0.391304347826087
progressive/rome_benchmark/grafo1678.23,9,3,random,0.7948717948717947,0.0,0.5833333333333334,3.0,3.0,0.0,23,27,0.5652173913043478
progressive/rome_benchmark/grafo1678.23,9,3,spectral,0.7222222222222222,0.0,0.5833333333333334,0.75,0.3333333333333333,0.0,23,27,0.391304347826087
progressive/rome_benchmark/grafo1678.23,11,4,degree,0.3846153846153845,-0.33333333333333326,0.5833333333333334,3.5,0.7222222222222222,0.5,23,27,0.5652173913043478
progressive/rome_benchmark/grafo1678.23,11,4,closeness,0.6190476190476191,-0.5,0.5833333333333334,0,0,0.0,23,27,0.6521739130434783
progressive/rome_benchmark/grafo1678.23,11,4,betweeness,0.6190476190476191,-0.5,0.5833333333333334,0,0,0.0,23,27,0.6521739130434783
progressive/rome_benchmark/grafo1678.23,11,4,rmc,0.7777777777777777,0.0,0.5833333333333334,3.0,3.0,0.0,23,27,0.43478260869565216
progressive/rome_benchmark/grafo1678.23,11,4,random,0.42857142857142855,0.3333333333333333,0.5833333333333334,4.0,0.4444444444444444,0.5,23,27,0.6086956521739131
progressive/rome_benchmark/grafo1678.23,11,4,spectral,0.7777777777777777,0.0,0.5833333333333334,3.0,3.0,0.0,23,27,0.43478260869565216
progressive/rome_benchmark/grafo1678.23,14,5,degree,0.4666666666666667,-0.33333333333333326,0.5833333333333334,4.0,0.4444444444444444,0.5,23,27,0.6521739130434783
progressive/rome_benchmark/grafo1678.23,14,5,closeness,0.5294117647058822,0.0,0.5833333333333334,3.0,3.0,0.0,23,27,0.7391304347826086
progressive/rome_benchmark/grafo1678.23,14,5,betweeness,0.5294117647058822,0.0,0.5833333333333334,3.0,3.0,0.0,23,27,0.7391304347826086
progressive/rome_benchmark/grafo1678.23,14,5,rmc,0.5824175824175825,0.0,0.5833333333333334,3.0,3.0,0.0,23,27,0.6086956521739131
progressive/rome_benchmark/grafo1678.23,14,5,random,0.48529411764705876,-0.33333333333333326,0.5833333333333334,3.0,0.75,0.5,23,27,0.7391304347826086
progressive/rome_benchmark/grafo1678.23,14,5,spectral,0.8484848484848484,0.0,0.5833333333333334,3.0,3.0,0.0,23,27,0.5217391304347826
progressive/rome_benchmark/grafo1678.23,17,6,degree,0.65,1.0,0.5833333333333334,1.0,1.0,0.5,23,27,0.6956521739130435
progressive/rome_benchmark/grafo1678.23,17,6,closeness,0.4502923976608187,0.0,0.5833333333333334,3.0,3.0,0.0,23,27,0.8260869565217391
progressive/rome_benchmark/grafo1678.23,17,6,betweeness,0.4502923976608187,0.0,0.5833333333333334,3.0,3.0,0.0,23,27,0.8260869565217391
progressive/rome_benchmark/grafo1678.23,17,6,rmc,0.8095238095238096,-0.33333333333333326,0.5833333333333334,1.125,0.6666666666666666,0.5,23,27,0.6521739130434783
progressive/rome_benchmark/grafo1678.23,17,6,random,0.6608187134502924,-0.33333333333333326,0.5833333333333334,3.0,0.75,0.5,23,27,0.8260869565217391
progressive/rome_benchmark/grafo1678.23,17,6,spectral,0.6833333333333333,-0.33333333333333326,0.5833333333333334,3.0,0.6666666666666666,0.5,23,27,0.6956521739130435
progressive/rome_benchmark/grafo1678.23,19,7,degree,0.7666666666666667,0.7247311827956989,0.5833333333333334,0.5833333333333334,0.5833333333333334,1.0,23,27,0.6956521739130435
progressive/rome_benchmark/grafo1678.23,19,7,closeness,0.6257309941520467,1.0,0.5833333333333334,1.125,1.125,0.375,23,27,0.8260869565217391
progressive/rome_benchmark/grafo1678.23,19,7,betweeness,0.6257309941520467,1.0,0.5833333333333334,1.125,1.125,0.375,23,27,0.8260869565217391
progressive/rome_benchmark/grafo1678.23,19,7,rmc,0.6470588235294119,-0.33333333333333326,0.5833333333333334,1.125,0.6666666666666666,0.5,23,27,0.782608695652174
progressive/rome_benchmark/grafo1678.23,19,7,random,0.6842105263157895,-0.33333333333333326,0.5833333333333334,3.0,0.75,0.5,23,27,0.8695652173913043
progressive/rome_benchmark/grafo1678.23,19,7,spectral,0.6470588235294119,-0.33333333333333326,0.5833333333333334,1.125,0.6666666666666666,0.5,23,27,0.782608695652174
progressive/rome_benchmark/grafo1678.23,22,8,degree,0.7894736842105262,0.7247311827956989,0.5833333333333334,0.4166666666666667,0.4166666666666667,1.0,23,27,0.8260869565217391
progressive/rome_benchmark/grafo1678.23,22,8,closeness,0.7368421052631579,1.0,0.5833333333333334,1.0,1.0,0.5,23,27,0.8695652173913043
progressive/rome_benchmark/grafo1678.23,22,8,betweeness,0.7368421052631579,1.0,0.5833333333333334,1.0,1.0,0.5,23,27,0.8695652173913043
progressive/rome_benchmark/grafo1678.23,22,8,rmc,0.9477124183006538,0.6833642547928263,0.5833333333333334,1.4166666666666667,0.7222222222222222,1.0,23,27,0.782608695652174
progressive/rome_benchmark/grafo1678.23,22,8,random,0.7142857142857143,1.0,0.5833333333333334,1.0,1.0,0.5,23,27,0.9130434782608695
progressive/rome_benchmark/grafo1678.23,22,8,spectral,0.9477124183006538,0.6833642547928263,0.5833333333333334,1.4166666666666667,0.7222222222222222,1.0,23,27,0.782608695652174
progressive/rome_benchmark/grafo1678.23,25,9,degree,0.8952380952380954,0.7247311827956989,0.5833333333333334,0.5833333333333334,0.5833333333333334,1.0,23,27,0.9130434782608695
progressive/rome_benchmark/grafo1678.23,25,9,closeness,0.7786561264822134,1.0,0.5833333333333334,1.0,1.0,0.5,23,27,1.0
progressive/rome_benchmark/grafo1678.23,25,9,betweeness,0.7786561264822134,1.0,0.5833333333333334,1.0,1.0,0.5,23,27,1.0
progressive/rome_benchmark/grafo1678.23,25,9,rmc,0.9238095238095239,1.0,0.5833333333333334,0.5833333333333334,0.5833333333333334,1.0,23,27,0.9130434782608695
progressive/rome_benchmark/grafo1678.23,25,9,random,0.7944664031620553,-0.33333333333333326,0.5833333333333334,0.75,0.3333333333333333,0.5,23,27,1.0
progressive/rome_benchmark/grafo1678.23,25,9,spectral,0.9238095238095239,1.0,0.5833333333333334,0.5833333333333334,0.5833333333333334,1.0,23,27,0.9130434782608695
progressive/rome_benchmark/grafo1678.23,27,10,degree,1.0,1.0,0.5833333333333334,0.5833333333333334,0.5833333333333334,1.0,23,27,1.0
progressive/rome_benchmark/grafo1678.23,27,10,closeness,1.0,1.0,0.5833333333333334,0.5833333333333334,0.5833333333333334,1.0,23,27,1.0
progressive/rome_benchmark/grafo1678.23,27,10,betweeness,1.0,1.0,0.5833333333333334,0.5833333333333334,0.5833333333333334,1.0,23,27,1.0
progressive/rome_benchmark/grafo1678.23,27,10,rmc,1.0,1.0,0.5833333333333334,0.5833333333333334,0.5833333333333334,1.0,23,27,1.0
progressive/rome_benchmark/grafo1678.23,27,10,random,1.0,1.0,0.5833333333333334,0.5833333333333334,0.5833333333333334,1.0,23,27,1.0
progressive/rome_benchmark/grafo1678.23,27,10,spectral,1.0,1.0,0.5833333333333334,0.5833333333333334,0.5833333333333334,1.0,23,27,1.0
progressive/rome_benchmark/grafo1365.66,9,1,degree,0.23636363636363636,0.0,0.14625,3.5,0.1111111111111111,0.02222222222222222,66,86,0.16666666666666666
progressive/rome_benchmark/grafo1365.66,9,1,closeness,0.3333333333333333,0.0,0.14625,3.0,0.75,0.0,66,86,0.18181818181818182
progressive/rome_benchmark/grafo1365.66,9,1,betweeness,0.1111111111111111,0.3333333333333334,0.14625,5.0,1.25,0.1,66,86,0.15151515151515152
progressive/rome_benchmark/grafo1365.66,9,1,rmc,0.303030303030303,0.0,0.14625,3.0,3.0,0.0,66,86,0.18181818181818182
progressive/rome_benchmark/grafo1365.66,9,1,random,0.6363636363636364,1.0,0.14625,4.0,1.375,0.1,66,86,0.16666666666666666
progressive/rome_benchmark/grafo1365.66,9,1,spectral,0.34545454545454546,0.0,0.14625,3.0,3.0,0.0,66,86,0.16666666666666666
progressive/rome_benchmark/grafo1365.66,18,2,degree,0.411764705882353,-0.33333333333333326,0.14625,4.333333333333333,1.0,0.12,66,86,0.2727272727272727
progressive/rome_benchmark/grafo1365.66,18,2,closeness,0.3523809523809524,0.0,0.14625,4.0,1.5,0.02222222222222222,66,86,0.3181818181818182
progressive/rome_benchmark/grafo1365.66,18,2,betweeness,0.15789473684210525,1.0,0.14625,1.625,1.625,0.1,66,86,0.2878787878787879
progressive/rome_benchmark/grafo1365.66,18,2,rmc,0.2947368421052632,1.0,0.14625,6.0,1.5,0.13333333333333333,66,86,0.30303030303030304
progressive/rome_benchmark/grafo1365.66,18,2,random,0.37894736842105264,0.33333333333333337,0.14625,5.0,1.25,0.12,66,86,0.30303030303030304
progressive/rome_benchmark/grafo1365.66,18,2,spectral,0.33333333333333337,0.0,0.14625,3.0,3.0,0.0,66,86,0.2727272727272727
progressive/rome_benchmark/grafo1365.66,26,3,degree,0.48307692307692307,0.0588235294117648,0.14625,1.9166666666666667,0.7361111111111112,0.27,66,86,0.3939393939393939
progressive/rome_benchmark/grafo1365.66,26,3,closeness,0.4482758620689655,0.0,0.14625,3.5,3.5,0.02222222222222222,66,86,0.45454545454545453
progressive/rome_benchmark/grafo1365.66,26,3,betweeness,0.463768115942029,1.0,0.14625,1.8125,0.6875,0.18,66,86,0.36363636363636365
progressive/rome_benchmark/grafo1365.66,26,3,rmc,0.2364672364672365,1.0,0.14625,1.375,1.375,0.16,66,86,0.4090909090909091
progressive/rome_benchmark/grafo1365.66,26,3,random,0.2763532763532764,1.0,0.14625,1.5833333333333333,0.5694444444444444,0.16,66,86,0.4090909090909091
progressive/rome_benchmark/grafo1365.66,26,3,spectral,0.4338461538461538,1.0,0.14625,4.5,1.5,0.13333333333333333,66,86,0.3939393939393939
progressive/rome_benchmark/grafo1365.66,35,4,degree,0.6551724137931033,7.894919286223336e-17,0.14625,1.9375,0.6875,0.22000000000000003,66,86,0.4393939393939394
progressive/rome_benchmark/grafo1365.66,35,4,closeness,0.5460317460317461,1.0,0.14625,1.5,0.8333333333333334,0.06666666666666667,66,86,0.5454545454545454
progressive/rome_benchmark/grafo1365.66,35,4,betweeness,0.49019607843137264,1.0,0.14625,1.6875,1.0,0.18,66,86,0.5151515151515151
progressive/rome_benchmark/grafo1365.66,35,4,rmc,0.4825396825396826,1.0,0.14625,1.625,0.47916666666666663,0.16,66,86,0.5454545454545454
progressive/rome_benchmark/grafo1365.66,35,4,random,0.4218487394957983,1.0,0.14625,0.7777777777777778,0.7777777777777778,0.16,66,86,0.5303030303030303
progressive/rome_benchmark/grafo1365.66,35,4,spectral,0.4224598930481284,1.0,0.14625,1.625,0.47916666666666663,0.16,66,86,0.5151515151515151
progressive/rome_benchmark/grafo1365.66,43,5,degree,0.6571428571428571,0.9118457300275482,0.14625,0.55,0.2777777777777778,0.39222222222222225,66,86,0.5303030303030303
progressive/rome_benchmark/grafo1365.66,43,5,closeness,0.5317073170731708,1.0,0.14625,1.625,1.625,0.1,66,86,0.6212121212121212
progressive/rome_benchmark/grafo1365.66,43,5,betweeness,0.6384615384615385,1.0,0.14625,0.9166666666666666,0.9166666666666666,0.16,66,86,0.6060606060606061
progressive/rome_benchmark/grafo1365.66,43,5,rmc,0.6,1.0,0.14625,1.9166666666666667,1.1111111111111112,0.1781818181818182,66,86,0.6212121212121212
progressive/rome_benchmark/grafo1365.66,43,5,random,0.6170731707317073,0.0,0.14625,1.125,0.6666666666666666,0.0,66,86,0.6212121212121212
progressive/rome_benchmark/grafo1365.66,43,5,spectral,0.6538461538461539,1.0,0.14625,1.625,0.47916666666666663,0.16,66,86,0.6060606060606061
progressive/rome_benchmark/grafo1365.66,52,6,degree,0.6832779623477298,0.9005942733657483,0.14625,0.2979591836734694,0.15128968253968253,0.47000000000000003,66,86,0.6515151515151515
progressive/rome_benchmark/grafo1365.66,52,6,closeness,0.6022201665124884,1.0,0.14625,0.6666666666666666,0.6666666666666666,0.16,66,86,0.7121212121212122
progressive/rome_benchmark/grafo1365.66,52,6,betweeness,0.6521739130434783,0.9635258358662614,0.14625,0.3958333333333333,0.18229166666666666,0.26,66,86,0.696969696969697
progressive/rome_benchmark/grafo1365.66,52,6,rmc,0.6946859903381644,1.0,0.14625,0.78125,0.3298611111111111,0.185,66,86,0.696969696969697
progressive/rome_benchmark/grafo1365.66,52,6,random,0.6984273820536542,0.0,0.14625,1.0,0.71875,0.065,66,86,0.7121212121212122
progressive/rome_benchmark/grafo1365.66,52,6,spectral,0.7167019027484144,1.0,0.14625,0.3541666666666667,0.3541666666666667,0.28500000000000003,66,86,0.6666666666666666
progressive/rome_benchmark/grafo1365.66,61,7,degree,0.7224489795918367,0.8580246913580247,0.14625,0.24047619047619048,0.11400462962962961,0.43,66,86,0.7575757575757576
progressive/rome_benchmark/grafo1365.66,61,7,closeness,0.7119155354449472,0.9754601226993866,0.14625,0.2733333333333333,0.16145833333333334,0.3,66,86,0.7878787878787878
progressive/rome_benchmark/grafo1365.66,61,7,betweeness,0.7119155354449472,0.9754601226993866,0.14625,0.2733333333333333,0.16145833333333334,0.3,66,86,0.7878787878787878
progressive/rome_benchmark/grafo1365.66,61,7,rmc,0.7840136054421768,1.0,0.14625,0.3666666666666667,0.2458333333333333,0.335,66,86,0.7424242424242424
progressive/rome_benchmark/grafo1365.66,61,7,random,0.77526395173454,1.0,0.14625,0.5833333333333334,0.375,0.2,66,86,0.7878787878787878
progressive/rome_benchmark/grafo1365.66,61,7,spectral,0.8492753623188406,1.0,0.14625,0.296031746031746,0.21830357142857143,0.8466666666666667,66,86,0.696969696969697
progressive/rome_benchmark/grafo1365.66,69,8,degree,0.8098693759071118,0.9132720105124835,0.14625,0.2733333333333333,0.18928571428571428,0.6466666666666667,66,86,0.803030303030303
progressive/rome_benchmark/grafo1365.66,69,8,closeness,0.7831168831168832,0.9770114942528735,0.14625,0.375,0.2734375,0.3333333333333333,66,86,0.8484848484848485
progressive/rome_benchmark/grafo1365.66,69,8,betweeness,0.7831168831168832,0.9770114942528735,0.14625,0.375,0.2734375,0.3333333333333333,66,86,0.8484848484848485
progressive/rome_benchmark/grafo1365.66,69,8,rmc,0.8664731494920176,1.0,0.14625,0.19523809523809524,0.17472222222222222,0.9266666666666665,66,86,0.803030303030303
progressive/rome_benchmark/grafo1365.66,69,8,random,0.7831649831649833,0.9819427650141073,0.14625,0.17678571428571427,0.14444444444444446,0.6933333333333334,66,86,0.8333333333333334
progressive/rome_benchmark/grafo1365.66,69,8,spectral,0.8664731494920176,1.0,0.14625,0.19523809523809524,0.17472222222222222,0.9266666666666665,66,86,0.803030303030303
progressive/rome_benchmark/grafo1365.66,78,9,degree,0.9146697837521917,0.9670124857741345,0.14625,0.23214285714285712,0.168125,0.6866666666666668,66,86,0.8939393939393939
progressive/rome_benchmark/grafo1365.66,78,9,closeness,0.8924605493863237,0.9404148046293114,0.14625,0.16666666666666669,0.14270833333333333,1.0,66,86,0.8939393939393939
progressive/rome_benchmark/grafo1365.66,78,9,betweeness,0.8924605493863237,0.9404148046293114,0.14625,0.16666666666666669,0.14270833333333333,1.0,66,86,0.8939393939393939
progressive/rome_benchmark/grafo1365.66,78,9,rmc,0.9770114942528734,1.0,0.14625,0.16825396825396824,0.16825396825396824,1.0,66,86,0.8787878787878788
progressive/rome_benchmark/grafo1365.66,78,9,random,0.9409836065573769,1.0,0.14625,0.36666666666666664,0.2847222222222222,0.4922222222222222,66,86,0.9242424242424242
progressive/rome_benchmark/grafo1365.66,78,9,spectral,0.9770114942528734,1.0,0.14625,0.16825396825396824,0.16825396825396824,1.0,66,86,0.8787878787878788
progressive/rome_benchmark/grafo1365.66,86,10,degree,1.0,1.0,0.14625,0.14625,0.14625,1.0,66,86,1.0
progressive/rome_benchmark/grafo1365.66,86,10,closeness,1.0,1.0,0.14625,0.14625,0.14625,1.0,66,86,1.0
progressive/rome_benchmark/grafo1365.66,86,10,betweeness,1.0,1.0,0.14625,0.14625,0.14625,1.0,66,86,1.0
progressive/rome_benchmark/grafo1365.66,86,10,rmc,1.0,1.0,0.14625,0.14625,0.14625,1.0,66,86,1.0
progressive/rome_benchmark/grafo1365.66,86,10,random,1.0,1.0,0.14625,0.14625,0.14625,1.0,66,86,1.0
progressive/rome_benchmark/grafo1365.66,86,10,spectral,1.0,1.0,0.14625,0.14625,0.14625,1.0,66,86,1.0
progressive/rome_benchmark/grafo2643.19,3,1,degree,0.3333333333333334,1.0,0.5833333333333334,3.0,0.3333333333333333,0.16666666666666666,19,22,0.21052631578947367
progressive/rome_benchmark/grafo2643.19,3,1,closeness,0.3333333333333334,-0.5,0.5833333333333334,0,0,0.0,19,22,0.21052631578947367
progressive/rome_benchmark/grafo2643.19,3,1,betweeness,0.3333333333333334,-0.5,0.5833333333333334,0,0,0.0,19,22,0.21052631578947367
progressive/rome_benchmark/grafo2643.19,3,1,rmc,0.3333333333333334,-0.5,0.5833333333333334,0,0,0.0,19,22,0.21052631578947367
progressive/rome_benchmark/grafo2643.19,3,1,random,0.3333333333333334,-0.5,0.5833333333333334,0,0,0.0,19,22,0.21052631578947367
progressive/rome_benchmark/grafo2643.19,3,1,spectral,0.39999999999999997,-0.5,0.5833333333333334,0,0,0.0,19,22,0.2631578947368421
progressive/rome_benchmark/grafo2643.19,5,2,degree,0.06666666666666665,1.0,0.5833333333333334,3.0,0.3333333333333333,0.16666666666666666,19,22,0.3157894736842105
progressive/rome_benchmark/grafo2643.19,5,2,closeness,0.6,-0.5,0.5833333333333334,0,0,0.0,19,22,0.3157894736842105
progressive/rome_benchmark/grafo2643.19,5,2,betweeness,0.4285714285714286,-0.5,0.5833333333333334,0,0,0.0,19,22,0.3684210526315789
progressive/rome_benchmark/grafo2643.19,5,2,rmc,0.4285714285714286,-0.5,0.5833333333333334,0,0,0.0,19,22,0.3684210526315789
progressive/rome_benchmark/grafo2643.19,5,2,random,0.21428571428571427,-0.5,0.5833333333333334,0,0,0.0,19,22,0.42105263157894735
progressive/rome_benchmark/grafo2643.19,5,2,spectral,0.0,-0.5,0.5833333333333334,0,0,0.0,19,22,0.42105263157894735
progressive/rome_benchmark/grafo2643.19,7,3,degree,0.14285714285714285,1.0,0.5833333333333334,0.75,0.3333333333333333,0.16666666666666666,19,22,0.42105263157894735
progressive/rome_benchmark/grafo2643.19,7,3,closeness,0.42857142857142855,-0.5,0.5833333333333334,0,0,0.0,19,22,0.42105263157894735
progressive/rome_benchmark/grafo2643.19,7,3,betweeness,0.2777777777777778,1.0,0.5833333333333334,3.0,0.3333333333333333,0.16666666666666666,19,22,0.47368421052631576
progressive/rome_benchmark/grafo2643.19,7,3,rmc,0.2857142857142857,-1.0,0.5833333333333334,3.0,0.3333333333333333,0.16666666666666666,19,22,0.42105263157894735
progressive/rome_benchmark/grafo2643.19,7,3,random,0.5,1.0,0.5833333333333334,4.0,0.4444444444444444,0.25,19,22,0.47368421052631576
progressive/rome_benchmark/grafo2643.19,7,3,spectral,0.7857142857142856,-0.5,0.5833333333333334,0,0,0.0,19,22,0.42105263157894735
progressive/rome_benchmark/grafo2643.19,9,4,degree,0.4444444444444444,1.0,0.5833333333333334,0.75,0.3333333333333333,0.16666666666666666,19,22,0.47368421052631576
progressive/rome_benchmark/grafo2643.19,9,4,closeness,0.6888888888888888,-0.33333333333333326,0.5833333333333334,1.0,0.375,0.25,19,22,0.5263157894736842
progressive/rome_benchmark/grafo2643.19,9,4,betweeness,0.4444444444444444,1.0,0.5833333333333334,0.75,0.3333333333333333,0.16666666666666666,19,22,0.47368421052631576
progressive/rome_benchmark/grafo2643.19,9,4,rmc,0.4444444444444444,1.0,0.5833333333333334,0.75,0.3333333333333333,0.16666666666666666,19,22,0.47368421052631576
progressive/rome_benchmark/grafo2643.19,9,4,random,0.16363636363636364,1.0,0.5833333333333334,3.0,0.3333333333333333,0.16666666666666666,19,22,0.5789473684210527
progressive/rome_benchmark/grafo2643.19,9,4,spectral,0.6444444444444444,1.0,0.5833333333333334,1.0,1.0,0.3333333333333333,19,22,0.5263157894736842
progressive/rome_benchmark/grafo2643.19,11,5,degree,0.2727272727272727,1.0,0.5833333333333334,0.75,0.3333333333333333,0.16666666666666666,19,22,0.631578947368421
progressive/rome_benchmark/grafo2643.19,11,5,closeness,0.3846153846153845,-0.33333333333333326,0.5833333333333334,1.0,0.375,0.25,19,22,0.6842105263157895
progressive/rome_benchmark/grafo2643.19,11,5,betweeness,0.34545454545454546,1.0,0.5833333333333334,0.75,0.75,0.16666666666666666,19,22,0.5789473684210527
progressive/rome_benchmark/grafo2643.19,11,5,rmc,0.5111111111111111,1.0,0.5833333333333334,1.0,0.4444444444444444,0.25,19,22,0.5263157894736842
progressive/rome_benchmark/grafo2643.19,11,5,random,0.4358974358974358,-0.5,0.5833333333333334,0,0,0.0,19,22,0.6842105263157895
progressive/rome_benchmark/grafo2643.19,11,5,spectral,0.6363636363636362,0.33333333333333337,0.5833333333333334,1.0,0.4375,0.5833333333333334,19,22,0.631578947368421
progressive/rome_benchmark/grafo2643.19,14,6,degree,0.564102564102564,-0.1851851851851851,0.5833333333333334,0.625,0.375,0.4166666666666667,19,22,0.6842105263157895
progressive/rome_benchmark/grafo2643.19,14,6,closeness,0.5824175824175825,-0.33333333333333326,0.5833333333333334,2.0,0.9375,0.25,19,22,0.7368421052631579
progressive/rome_benchmark/grafo2643.19,14,6,betweeness,0.564102564102564,-0.1851851851851851,0.5833333333333334,0.625,0.375,0.4166666666666667,19,22,0.6842105263157895
progressive/rome_benchmark/grafo2643.19,14,6,rmc,0.7435897435897434,0.6190476190476191,0.5833333333333334,1.5,0.34722222222222215,0.5,19,22,0.6842105263157895
progressive/rome_benchmark/grafo2643.19,14,6,random,0.42857142857142855,1.0,0.5833333333333334,1.25,0.35416666666666663,0.25,19,22,0.7368421052631579
progressive/rome_benchmark/grafo2643.19,14,6,spectral,0.561904761904762,0.030303030303030356,0.5833333333333334,1.0,1.0,0.6666666666666666,19,22,0.7894736842105263
progressive/rome_benchmark/grafo2643.19,16,7,degree,0.6483516483516484,1.0,0.5833333333333334,0.625,0.375,0.5833333333333334,19,22,0.7368421052631579
progressive/rome_benchmark/grafo2643.19,16,7,closeness,0.6952380952380953,-0.1851851851851851,0.5833333333333334,0.625,0.375,0.4166666666666667,19,22,0.7894736842105263
progressive/rome_benchmark/grafo2643.19,16,7,betweeness,0.6952380952380953,-0.1851851851851851,0.5833333333333334,0.625,0.375,0.4166666666666667,19,22,0.7894736842105263
progressive/rome_benchmark/grafo2643.19,16,7,rmc,0.7802197802197802,1.0,0.5833333333333334,0.625,0.375,0.5833333333333334,19,22,0.7368421052631579
progressive/rome_benchmark/grafo2643.19,16,7,random,0.7333333333333334,1.0,0.5833333333333334,1.6666666666666667,0.3611111111111111,0.9166666666666666,19,22,0.8421052631578947
progressive/rome_benchmark/grafo2643.19,16,7,spectral,0.49999999999999994,-0.21212121212121213,0.5833333333333334,1.0,1.0,0.6666666666666666,19,22,0.8947368421052632
progressive/rome_benchmark/grafo2643.19,18,8,degree,0.75,1.0,0.5833333333333334,0.625,0.375,0.5833333333333334,19,22,0.8421052631578947
progressive/rome_benchmark/grafo2643.19,18,8,closeness,0.6911764705882353,-0.1851851851851851,0.5833333333333334,0.625,0.375,0.4166666666666667,19,22,0.8947368421052632
progressive/rome_benchmark/grafo2643.19,18,8,betweeness,0.6911764705882353,-0.1851851851851851,0.5833333333333334,0.625,0.375,0.4166666666666667,19,22,0.8947368421052632
progressive/rome_benchmark/grafo2643.19,18,8,rmc,0.8857142857142857,1.0,0.5833333333333334,0.625,0.625,0.6666666666666666,19,22,0.7894736842105263
progressive/rome_benchmark/grafo2643.19,18,8,random,0.6911764705882353,-0.1851851851851851,0.5833333333333334,0.625,0.375,0.4166666666666667,19,22,0.8947368421052632
progressive/rome_benchmark/grafo2643.19,18,8,spectral,0.6993464052287582,0.030303030303030356,0.5833333333333334,1.0,1.0,0.6666666666666666,19,22,0.9473684210526315
progressive/rome_benchmark/grafo2643.19,20,9,degree,0.8676470588235293,0.6847290640394089,0.5833333333333334,0.5833333333333334,0.5833333333333334,1.0,19,22,0.8947368421052632
progressive/rome_benchmark/grafo2643.19,20,9,closeness,0.8954248366013072,1.0,0.5833333333333334,0.625,0.375,0.5833333333333334,19,22,0.9473684210526315
progressive/rome_benchmark/grafo2643.19,20,9,betweeness,0.8954248366013072,1.0,0.5833333333333334,0.625,0.375,0.5833333333333334,19,22,0.9473684210526315
progressive/rome_benchmark/grafo2643.19,20,9,rmc,0.7516339869281047,1.0,0.5833333333333334,0.625,0.625,0.6666666666666666,19,22,0.9473684210526315
progressive/rome_benchmark/grafo2643.19,20,9,random,0.8362573099415204,1.0,0.5833333333333334,2.0,0.34259259259259256,0.8333333333333334,19,22,1.0
progressive/rome_benchmark/grafo2643.19,20,9,spectral,0.7894736842105262,0.5492957746478874,0.5833333333333334,2.0,0.8125,1.0,19,22,1.0
progressive/rome_benchmark/grafo2643.19,22,10,degree,1.0,1.0,0.5833333333333334,0.5833333333333334,0.5833333333333334,1.0,19,22,1.0
progressive/rome_benchmark/grafo2643.19,22,10,closeness,1.0,1.0,0.5833333333333334,0.5833333333333334,0.5833333333333334,1.0,19,22,1.0
progressive/rome_benchmark/grafo2643.19,22,10,betweeness,1.0,1.0,0.5833333333333334,0.5833333333333334,0.5833333333333334,1.0,19,22,1.0
progressive/rome_benchmark/grafo2643.19,22,10,rmc,1.0,1.0,0.5833333333333334,0.5833333333333334,0.5833333333333334,1.0,19,22,1.0
progressive/rome_benchmark/grafo2643.19,22,10,random,1.0,1.0,0.5833333333333334,0.5833333333333334,0.5833333333333334,1.0,19,22,1.0
progressive/rome_benchmark/grafo2643.19,22,10,spectral,1.0,1.0,0.5833333333333334,0.5833333333333334,0.5833333333333334,1.0,19,22,1.0
progressive/rome_benchmark/grafo11000.99,15,1,degree,0.39705882352941174,0.0,0.03984126984126984,5.0,0.23611111111111108,0.0,99,145,0.1717171717171717
progressive/rome_benchmark/grafo11000.99,15,1,closeness,0.5294117647058822,-0.3333333333333333,0.03984126984126984,1.0,0.08571428571428572,0.12,99,145,0.1717171717171717
progressive/rome_benchmark/grafo11000.99,15,1,betweeness,0.18333333333333335,0.0,0.03984126984126984,5.0,0.23611111111111108,0.0,99,145,0.16161616161616163
progressive/rome_benchmark/grafo11000.99,15,1,rmc,0.3725490196078432,0.0,0.03984126984126984,3.0,0.35,0.0,99,145,0.18181818181818182
progressive/rome_benchmark/grafo11000.99,15,1,random,0.47368421052631576,0.0,0.03984126984126984,4.0,0.08163265306122448,0.05357142857142857,99,145,0.1919191919191919
progressive/rome_benchmark/grafo11000.99,15,1,spectral,0.0,0.0,0.03984126984126984,6.0,0.24,0.13333333333333333,99,145,0.16161616161616163
progressive/rome_benchmark/grafo11000.99,29,2,degree,0.3596059113300492,0.0,0.03984126984126984,1.6666666666666667,0.1597222222222222,0.07333333333333333,99,145,0.29292929292929293
progressive/rome_benchmark/grafo11000.99,29,2,closeness,0.4850574712643679,0.0,0.03984126984126984,4.0,0.625,0.0,99,145,0.30303030303030304
progressive/rome_benchmark/grafo11000.99,29,2,betweeness,0.31494252873563217,0.0,0.03984126984126984,1.6666666666666667,0.1597222222222222,0.07333333333333333,99,145,0.30303030303030304
progressive/rome_benchmark/grafo11000.99,29,2,rmc,0.49242424242424243,0.0,0.03984126984126984,3.0,0.5,0.0,99,145,0.3333333333333333
progressive/rome_benchmark/grafo11000.99,29,2,random,0.23218390804597702,0.0,0.03984126984126984,1.6666666666666667,0.07539682539682539,0.07333333333333333,99,145,0.30303030303030304
progressive/rome_benchmark/grafo11000.99,29,2,spectral,0.4827586206896551,0.3333333333333333,0.03984126984126984,1.5,0.375,0.13333333333333333,99,145,0.29292929292929293
progressive/rome_benchmark/grafo11000.99,44,3,degree,0.5647226173541964,0.6666666666666666,0.03984126984126984,1.0999999999999999,0.09238095238095238,0.1619047619047619,99,145,0.3838383838383838
progressive/rome_benchmark/grafo11000.99,44,3,closeness,0.5523809523809524,0.0,0.03984126984126984,1.5,1.5,0.0,99,145,0.36363636363636365
progressive/rome_benchmark/grafo11000.99,44,3,betweeness,0.4064230343300111,0.0,0.03984126984126984,1.5,0.5,0.0,99,145,0.43434343434343436
progressive/rome_benchmark/grafo11000.99,44,3,rmc,0.6384778012684988,0.0,0.03984126984126984,0.5625,0.14583333333333334,0.03333333333333333,99,145,0.4444444444444444
progressive/rome_benchmark/grafo11000.99,44,3,random,0.5717948717948718,-0.019455252918287938,0.03984126984126984,0.375,0.05095238095238095,0.29999999999999993,99,145,0.40404040404040403
progressive/rome_benchmark/grafo11000.99,44,3,spectral,0.4717948717948718,0.5362318840579711,0.03984126984126984,0.9166666666666666,0.19642857142857142,0.2533333333333333,99,145,0.40404040404040403
progressive/rome_benchmark/grafo11000.99,58,4,degree,0.6321353065539111,0.3333333333333333,0.03984126984126984,0.54,0.275,0.26190476190476186,99,145,0.4444444444444444
progressive/rome_benchmark/grafo11000.99,58,4,closeness,0.633672525439408,0.0,0.03984126984126984,0.15773809523809526,0.09375,0.06190476190476191,99,145,0.47474747474747475
progressive/rome_benchmark/grafo11000.99,58,4,betweeness,0.5336879432624113,1.0,0.03984126984126984,0.39166666666666666,0.22395833333333334,0.06666666666666667,99,145,0.48484848484848486
progressive/rome_benchmark/grafo11000.99,58,4,rmc,0.6053872053872055,0.0,0.03984126984126984,0.20833333333333334,0.1111111111111111,0.06190476190476191,99,145,0.5555555555555556
progressive/rome_benchmark/grafo11000.99,58,4,random,0.5616835994194485,0.33333333333333337,0.03984126984126984,1.0,0.1375,0.13333333333333333,99,145,0.5353535353535354
progressive/rome_benchmark/grafo11000.99,58,4,spectral,0.5967346938775511,0.6300578034682082,0.03984126984126984,0.19047619047619047,0.07837301587301586,0.2785714285714286,99,145,0.5050505050505051
progressive/rome_benchmark/grafo11000.99,73,5,degree,0.6754208754208755,0.018867924528301903,0.03984126984126984,0.6875,0.38888888888888884,0.16666666666666666,99,145,0.5555555555555556
progressive/rome_benchmark/grafo11000.99,73,5,closeness,0.6655367231638418,1.0,0.03984126984126984,0.095,0.06944444444444443,0.16666666666666666,99,145,0.6060606060606061
progressive/rome_benchmark/grafo11000.99,73,5,betweeness,0.6282828282828283,0.007262823422605537,0.03984126984126984,0.16898148148148148,0.06027777777777778,0.22857142857142856,99,145,0.5555555555555556
progressive/rome_benchmark/grafo11000.99,73,5,rmc,0.6125000000000002,0.0,0.03984126984126984,0.4833333333333333,0.10833333333333332,0.03333333333333333,99,145,0.6565656565656566
progressive/rome_benchmark/grafo11000.99,73,5,random,0.6057347670250895,0.948941151750739,0.03984126984126984,0.2571428571428572,0.0638095238095238,0.42000000000000004,99,145,0.6363636363636364
progressive/rome_benchmark/grafo11000.99,73,5,spectral,0.8033670033670034,0.6877439500390321,0.03984126984126984,0.13194444444444445,0.07307692307692307,0.3233333333333333,99,145,0.5555555555555556
progressive/rome_benchmark/grafo11000.99,87,6,degree,0.7440476190476191,0.018867924528301903,0.03984126984126984,0.15119047619047615,0.062433862433862425,0.2,99,145,0.6464646464646465
progressive/rome_benchmark/grafo11000.99,87,6,closeness,0.7030181086519115,-0.1584875301689461,0.03984126984126984,0.08484848484848484,0.05383597883597883,0.2333333333333333,99,145,0.7171717171717171
progressive/rome_benchmark/grafo11000.99,87,6,betweeness,0.7311507936507937,-1.0,0.03984126984126984,0.10714285714285715,0.045954171142141065,0.2,99,145,0.6464646464646465
progressive/rome_benchmark/grafo11000.99,87,6,rmc,0.6301754385964914,1.0,0.03984126984126984,0.275,0.06875,0.13333333333333333,99,145,0.7676767676767676
progressive/rome_benchmark/grafo11000.99,87,6,random,0.7821946169772258,0.9446475552670243,0.03984126984126984,0.12249999999999998,0.0720427059712774,0.62,99,145,0.7070707070707071
progressive/rome_benchmark/grafo11000.99,87,6,spectral,0.7609126984126984,0.46314681970349114,0.03984126984126984,0.05839002267573695,0.0383249791144528,0.7033333333333334,99,145,0.6464646464646465
progressive/rome_benchmark/grafo11000.99,102,7,degree,0.8169014084507041,-0.33333333333333326,0.03984126984126984,0.08107142857142857,0.04551020408163266,0.6033333333333333,99,145,0.7272727272727273
progressive/rome_benchmark/grafo11000.99,102,7,closeness,0.7549117549117549,-0.22762148337595908,0.03984126984126984,0.06703296703296703,0.0323469387755102,0.3966666666666666,99,145,0.7878787878787878
progressive/rome_benchmark/grafo11000.99,102,7,betweeness,0.7866666666666668,0.16279069767441864,0.03984126984126984,0.05672268907563025,0.034357027835288705,0.6,99,145,0.7575757575757576
progressive/rome_benchmark/grafo11000.99,102,7,rmc,0.7350195724179464,0.0,0.03984126984126984,0.203125,0.1125,0.0,99,145,0.8282828282828283
progressive/rome_benchmark/grafo11000.99,102,7,random,0.7962025316455695,1.0,0.03984126984126984,0.0925925925925926,0.06481481481481481,0.15,99,145,0.8080808080808081
progressive/rome_benchmark/grafo11000.99,102,7,spectral,0.8913480885311873,0.9666955767562879,0.03984126984126984,0.0789072039072039,0.057539682539682536,0.7533333333333333,99,145,0.7171717171717171
progressive/rome_benchmark/grafo11000.99,116,8,degree,0.8617332035053554,0.36037467592205397,0.03984126984126984,0.05915637860082304,0.037209729570840684,0.7733333333333332,99,145,0.797979797979798
progressive/rome_benchmark/grafo11000.99,116,8,closeness,0.8422260470453242,0.32484492327783226,0.03984126984126984,0.053921568627450976,0.04741019214703426,0.4333333333333333,99,145,0.8484848484848485
progressive/rome_benchmark/grafo11000.99,116,8,betweeness,0.8453781512605042,0.26526370485840484,0.03984126984126984,0.05498511904761905,0.03921012849584277,0.6033333333333333,99,145,0.8585858585858586
progressive/rome_benchmark/grafo11000.99,116,8,rmc,0.8249738766980147,0.3333333333333334,0.03984126984126984,0.1125,0.1125,0.15,99,145,0.8888888888888888
progressive/rome_benchmark/grafo11000.99,116,8,random,0.8450946643717729,0.3884881912035073,0.03984126984126984,0.051525297619047616,0.03848214285714286,0.58,99,145,0.8484848484848485
progressive/rome_benchmark/grafo11000.99,116,8,spectral,0.8253164556962025,1.0,0.03984126984126984,0.08565759637188207,0.0497672753311851,0.7333333333333333,99,145,0.8080808080808081
progressive/rome_benchmark/grafo11000.99,131,9,degree,0.9177732379979572,0.38395879323031645,0.03984126984126984,0.050340136054421766,0.04100973722822462,0.79,99,145,0.898989898989899
progressive/rome_benchmark/grafo11000.99,131,9,closeness,0.9055633473585787,1.0,0.03984126984126984,0.036706349206349215,0.0343358395989975,0.65,99,145,0.9393939393939394
progressive/rome_benchmark/grafo11000.99,131,9,betweeness,0.9139784946236558,1.0,0.03984126984126984,0.0453125,0.03902116402116402,0.7,99,145,0.9393939393939394
progressive/rome_benchmark/grafo11000.99,131,9,rmc,0.9106545628284758,1.0,0.03984126984126984,0.04038265306122449,0.02880272108843537,0.62,99,145,0.9292929292929293
progressive/rome_benchmark/grafo11000.99,131,9,random,0.922393641888733,0.6540426842136218,0.03984126984126984,0.042989417989417994,0.040239487607908665,0.9199999999999999,99,145,0.9393939393939394
progressive/rome_benchmark/grafo11000.99,131,9,spectral,0.9039836567926456,1.0,0.03984126984126984,0.04094971321862079,0.04094971321862079,0.8800000000000001,99,145,0.898989898989899
progressive/rome_benchmark/grafo11000.99,145,10,degree,1.0,1.0,0.03984126984126984,0.03984126984126984,0.03984126984126984,1.0,99,145,1.0
progressive/rome_benchmark/grafo11000.99,145,10,closeness,1.0,1.0,0.03984126984126984,0.03984126984126984,0.03984126984126984,1.0,99,145,1.0
progressive/rome_benchmark/grafo11000.99,145,10,betweeness,1.0,1.0,0.03984126984126984,0.03984126984126984,0.03984126984126984,1.0,99,145,1.0
progressive/rome_benchmark/grafo11000.99,145,10,rmc,1.0,1.0,0.03984126984126984,0.03984126984126984,0.03984126984126984,1.0,99,145,1.0
progressive/rome_benchmark/grafo11000.99,145,10,random,1.0,1.0,0.03984126984126984,0.03984126984126984,0.03984126984126984,1.0,99,145,1.0
progressive/rome_benchmark/grafo11000.99,145,10,spectral,1.0,1.0,0.03984126984126984,0.03984126984126984,0.03984126984126984,1.0,99,145,1.0
progressive/rome_benchmark/grafo10886.97,13,1,degree,0.3142857142857143,-0.3333333333333333,0.08143939393939394,7.0,0.7777777777777778,0.05357142857142857,97,130,0.15463917525773196
progressive/rome_benchmark/grafo10886.97,13,1,closeness,0.6952380952380953,0.0,0.08143939393939394,1.0,0.375,0.0,97,130,0.21649484536082475
progressive/rome_benchmark/grafo10886.97,13,1,betweeness,0.6761904761904762,1.0,0.08143939393939394,4.5,1.625,0.09375,97,130,0.15463917525773196
progressive/rome_benchmark/grafo10886.97,13,1,rmc,0.30882352941176466,0.0,0.08143939393939394,3.0,0.3333333333333333,0.0,97,130,0.17525773195876287
progressive/rome_benchmark/grafo10886.97,13,1,random,-0.05882352941176472,-0.5,0.08143939393939394,0,0,0.0,97,130,0.18556701030927836
progressive/rome_benchmark/grafo10886.97,13,1,spectral,0.6000000000000001,1.0,0.08143939393939394,2.5,0.38888888888888884,0.125,97,130,0.15463917525773196
progressive/rome_benchmark/grafo10886.97,26,2,degree,0.47126436781609193,0.03448275862068968,0.08143939393939394,5.333333333333333,0.3425925925925926,0.09523809523809523,97,130,0.30927835051546393
progressive/rome_benchmark/grafo10886.97,26,2,closeness,0.5040322580645162,0.0,0.08143939393939394,0.625,0.375,0.0,97,130,0.32989690721649484
progressive/rome_benchmark/grafo10886.97,26,2,betweeness,0.5024630541871921,-0.33333333333333326,0.08143939393939394,1.25,0.2611111111111111,0.0625,97,130,0.29896907216494845
progressive/rome_benchmark/grafo10886.97,26,2,rmc,0.44367816091954027,1.0,0.08143939393939394,3.6666666666666665,0.7777777777777778,0.0625,97,130,0.30927835051546393
progressive/rome_benchmark/grafo10886.97,26,2,random,0.3068181818181818,0.0,0.08143939393939394,1.125,0.5,0.0,97,130,0.3402061855670103
progressive/rome_benchmark/grafo10886.97,26,2,spectral,0.513846153846154,1.0,0.08143939393939394,3.6666666666666665,0.851851851851852,0.2,97,130,0.26804123711340205
progressive/rome_benchmark/grafo10886.97,39,3,degree,0.4658536585365854,0.5757575757575758,0.08143939393939394,1.25,0.2619047619047619,0.11607142857142858,97,130,0.422680412371134
progressive/rome_benchmark/grafo10886.97,39,3,closeness,0.4799154334038055,-0.3186813186813186,0.08143939393939394,1.25,0.18981481481481485,0.125,97,130,0.4536082474226804
progressive/rome_benchmark/grafo10886.97,39,3,betweeness,0.46723044397463,-0.3186813186813186,0.08143939393939394,1.25,0.18981481481481485,0.125,97,130,0.4536082474226804
progressive/rome_benchmark/grafo10886.97,39,3,rmc,0.526829268292683,0.3333333333333333,0.08143939393939394,4.5,0.8333333333333334,0.08333333333333333,97,130,0.422680412371134
progressive/rome_benchmark/grafo10886.97,39,3,random,0.3818181818181818,0.3333333333333333,0.08143939393939394,6.0,0.6666666666666666,0.08333333333333333,97,130,0.4639175257731959
progressive/rome_benchmark/grafo10886.97,39,3,spectral,0.6396396396396395,1.0,0.08143939393939394,0.6666666666666666,0.46875,0.1875,97,130,0.38144329896907214
progressive/rome_benchmark/grafo10886.97,52,4,degree,0.5820408163265306,-0.5172413793103449,0.08143939393939394,1.1666666666666667,0.12222222222222223,0.11607142857142856,97,130,0.5154639175257731
progressive/rome_benchmark/grafo10886.97,52,4,closeness,0.4296081277213353,1.0,0.08143939393939394,2.0,0.21875,0.05,97,130,0.5463917525773195
progressive/rome_benchmark/grafo10886.97,52,4,betweeness,0.4296081277213353,1.0,0.08143939393939394,2.0,0.21875,0.05,97,130,0.5463917525773195
progressive/rome_benchmark/grafo10886.97,52,4,rmc,0.5181422351233672,0.3333333333333333,0.08143939393939394,1.875,0.4375,0.08333333333333333,97,130,0.5463917525773195
progressive/rome_benchmark/grafo10886.97,52,4,random,0.3642960812772134,0.06666666666666672,0.08143939393939394,0.6666666666666666,0.20138888888888887,0.2,97,130,0.5463917525773195
progressive/rome_benchmark/grafo10886.97,52,4,spectral,0.6293877551020408,1.0,0.08143939393939394,0.2638888888888889,0.21428571428571427,0.1875,97,130,0.5154639175257731
progressive/rome_benchmark/grafo10886.97,65,5,degree,0.5474894131881426,1.0,0.08143939393939394,0.7619047619047619,0.18253968253968253,0.1375,97,130,0.5979381443298969
progressive/rome_benchmark/grafo10886.97,65,5,closeness,0.5251189846641989,-0.24999999999999992,0.08143939393939394,0.8611111111111112,0.20833333333333334,0.15625,97,130,0.6391752577319587
progressive/rome_benchmark/grafo10886.97,65,5,betweeness,0.5251189846641989,-0.24999999999999992,0.08143939393939394,0.8611111111111112,0.20833333333333334,0.15625,97,130,0.6391752577319587
progressive/rome_benchmark/grafo10886.97,65,5,rmc,0.6349726775956284,0.335180055401662,0.08143939393939394,0.4425,0.20535714285714285,0.17708333333333331,97,130,0.6288659793814433
progressive/rome_benchmark/grafo10886.97,65,5,random,0.531002331002331,1.0,0.08143939393939394,1.0,0.375,0.09375,97,130,0.6804123711340206
progressive/rome_benchmark/grafo10886.97,65,5,spectral,0.7919799498746868,1.0,0.08143939393939394,0.1285714285714286,0.109375,0.375,97,130,0.5876288659793815
progressive/rome_benchmark/grafo10886.97,78,6,degree,0.6173677069199458,1.0,0.08143939393939394,1.2,0.23888888888888885,0.15,97,130,0.6907216494845361
progressive/rome_benchmark/grafo10886.97,78,6,closeness,0.6066725197541702,1.0,0.08143939393939394,0.23703703703703705,0.19841269841269843,0.275,97,130,0.7010309278350515
progressive/rome_benchmark/grafo10886.97,78,6,betweeness,0.6066725197541702,1.0,0.08143939393939394,0.23703703703703705,0.19841269841269843,0.275,97,130,0.7010309278350515
progressive/rome_benchmark/grafo10886.97,78,6,rmc,0.6892010535557506,0.3517017828200973,0.08143939393939394,0.2523809523809524,0.1222222222222222,0.2875,97,130,0.7010309278350515
progressive/rome_benchmark/grafo10886.97,78,6,random,0.5906306306306307,1.0,0.08143939393939394,0.5047619047619047,0.14732142857142858,0.3208333333333333,97,130,0.7731958762886598
progressive/rome_benchmark/grafo10886.97,78,6,spectral,0.820979020979021,1.0,0.08143939393939394,0.09611111111111112,0.07175925925925926,0.5,97,130,0.6804123711340206
progressive/rome_benchmark/grafo10886.97,91,7,degree,0.6727138097001111,1.0,0.08143939393939394,0.4375,0.24305555555555555,0.15,97,130,0.7628865979381443
progressive/rome_benchmark/grafo10886.97,91,7,closeness,0.7006151742993848,1.0,0.08143939393939394,0.15208333333333332,0.11666666666666667,0.36875,97,130,0.7938144329896907
progressive/rome_benchmark/grafo10886.97,91,7,betweeness,0.7006151742993848,1.0,0.08143939393939394,0.15208333333333332,0.11666666666666667,0.36875,97,130,0.7938144329896907
progressive/rome_benchmark/grafo10886.97,91,7,rmc,0.8018018018018019,1.0,0.08143939393939394,0.12142857142857143,0.06582633053221289,0.26875000000000004,97,130,0.7731958762886598
progressive/rome_benchmark/grafo10886.97,91,7,random,0.7169750081142486,1.0,0.08143939393939394,0.12962962962962962,0.0837037037037037,0.2833333333333333,97,130,0.8144329896907216
progressive/rome_benchmark/grafo10886.97,91,7,spectral,0.8341355053683821,0.324904771723442,0.08143939393939394,0.1419753086419753,0.08585858585858584,0.59375,97,130,0.7628865979381443
progressive/rome_benchmark/grafo10886.97,104,8,degree,0.7627220716651611,1.0,0.08143939393939394,0.2333333333333333,0.17777777777777778,0.41875,97,130,0.845360824742268
progressive/rome_benchmark/grafo10886.97,104,8,closeness,0.7970490816019272,1.0,0.08143939393939394,0.08003472222222223,0.07291666666666667,0.775,97,130,0.845360824742268
progressive/rome_benchmark/grafo10886.97,104,8,betweeness,0.7970490816019272,1.0,0.08143939393939394,0.08003472222222223,0.07291666666666667,0.775,97,130,0.845360824742268
progressive/rome_benchmark/grafo10886.97,104,8,rmc,0.8812812224507787,1.0,0.08143939393939394,0.09873737373737373,0.07341269841269842,0.725,97,130,0.8556701030927835
progressive/rome_benchmark/grafo10886.97,104,8,random,0.7719887955182072,1.0,0.08143939393939394,0.1253086419753086,0.08564814814814814,0.46875,97,130,0.8762886597938144
progressive/rome_benchmark/grafo10886.97,104,8,spectral,0.8765794886864531,1.0,0.08143939393939394,0.08585858585858584,0.08585858585858584,0.61875,97,130,0.8556701030927835
progressive/rome_benchmark/grafo10886.97,117,9,degree,0.9028213166144201,1.0,0.08143939393939394,0.08968253968253967,0.07034632034632035,0.71875,97,130,0.9072164948453608
progressive/rome_benchmark/grafo10886.97,117,9,closeness,0.8856429463171036,1.0,0.08143939393939394,0.08008658008658008,0.08008658008658008,0.825,97,130,0.9278350515463918
progressive/rome_benchmark/grafo10886.97,117,9,betweeness,0.8856429463171036,1.0,0.08143939393939394,0.08008658008658008,0.08008658008658008,0.825,97,130,0.9278350515463918
progressive/rome_benchmark/grafo10886.97,117,9,rmc,0.914041514041514,1.0,0.08143939393939394,0.08044871794871795,0.06805555555555556,0.875,97,130,0.9381443298969072
progressive/rome_benchmark/grafo10886.97,117,9,random,0.8982322025800286,1.0,0.08143939393939394,0.0932900432900433,0.08432539682539685,0.5645833333333334,97,130,0.9484536082474226
progressive/rome_benchmark/grafo10886.97,117,9,spectral,0.9250936329588015,1.0,0.08143939393939394,0.06886446886446886,0.0629251700680272,0.84375,97,130,0.9278350515463918
progressive/rome_benchmark/grafo10886.97,130,10,degree,1.0,1.0,0.08143939393939394,0.08143939393939394,0.08143939393939394,1.0,97,130,1.0
progressive/rome_benchmark/grafo10886.97,130,10,closeness,1.0,1.0,0.08143939393939394,0.08143939393939394,0.08143939393939394,1.0,97,130,1.0
progressive/rome_benchmark/grafo10886.97,130,10,betweeness,1.0,1.0,0.08143939393939394,0.08143939393939394,0.08143939393939394,1.0,97,130,1.0
progressive/rome_benchmark/grafo10886.97,130,10,rmc,1.0,1.0,0.08143939393939394,0.08143939393939394,0.08143939393939394,1.0,97,130,1.0
progressive/rome_benchmark/grafo10886.97,130,10,random,1.0,1.0,0.08143939393939394,0.08143939393939394,0.08143939393939394,1.0,97,130,1.0
progressive/rome_benchmark/grafo10886.97,130,10,spectral,1.0,1.0,0.08143939393939394,0.08143939393939394,0.08143939393939394,1.0,97,130,1.0
progressive/rome_benchmark/grafo6629.37,5,1,degree,0.8666666666666666,0.0,0.625,3.0,0.75,0.0,37,45,0.16216216216216217
progressive/rome_benchmark/grafo6629.37,5,1,closeness,0.7333333333333333,1.0,0.625,3.0,0.75,0.1875,37,45,0.16216216216216217
progressive/rome_benchmark/grafo6629.37,5,1,betweeness,0.04761904761904762,1.0,0.625,3.0,0.75,0.1875,37,45,0.1891891891891892
progressive/rome_benchmark/grafo6629.37,5,1,rmc,0.4666666666666666,0.0,0.625,4.0,1.0,0.0,37,45,0.16216216216216217
progressive/rome_benchmark/grafo6629.37,5,1,random,0.8666666666666666,1.0,0.625,4.0,1.0,0.25,37,45,0.16216216216216217
progressive/rome_benchmark/grafo6629.37,5,1,spectral,0.3333333333333333,0.0,0.625,3.0,0.3333333333333333,0.0,37,45,0.16216216216216217
progressive/rome_benchmark/grafo6629.37,9,2,degree,0.6000000000000001,1.0,0.625,3.0,0.5,0.1875,37,45,0.2972972972972973
progressive/rome_benchmark/grafo6629.37,9,2,closeness,0.8222222222222221,0.6666666666666666,0.625,3.5,0.5833333333333334,0.25,37,45,0.2702702702702703
progressive/rome_benchmark/grafo6629.37,9,2,betweeness,0.6000000000000001,1.0,0.625,3.0,0.5,0.1875,37,45,0.2972972972972973
progressive/rome_benchmark/grafo6629.37,9,2,rmc,0.6,0.0,0.625,4.0,1.0,0.0,37,45,0.2702702702702703
progressive/rome_benchmark/grafo6629.37,9,2,random,0.6,0.0,0.625,4.0,1.0,0.0,37,45,0.2702702702702703
progressive/rome_benchmark/grafo6629.37,9,2,spectral,0.3333333333333333,-0.5,0.625,0,0,0.0,37,45,0.2702702702702703
progressive/rome_benchmark/grafo6629.37,14,3,degree,0.6043956043956044,0.6705276705276705,0.625,1.4166666666666667,0.4166666666666667,0.375,37,45,0.3783783783783784
progressive/rome_benchmark/grafo6629.37,14,3,closeness,0.7904761904761906,0.681592039800995,0.625,1.4166666666666667,0.23611111111111113,0.41666666666666663,37,45,0.40540540540540543
progressive/rome_benchmark/grafo6629.37,14,3,betweeness,0.6043956043956044,0.6705276705276705,0.625,1.4166666666666667,0.4166666666666667,0.375,37,45,0.3783783783783784
progressive/rome_benchmark/grafo6629.37,14,3,rmc,0.7666666666666667,1.0,0.625,3.5,0.5833333333333334,0.1875,37,45,0.43243243243243246
progressive/rome_benchmark/grafo6629.37,14,3,random,0.6470588235294118,0.6666666666666666,0.625,4.0,0.6666666666666666,0.25,37,45,0.4594594594594595
progressive/rome_benchmark/grafo6629.37,14,3,spectral,0.5,1.0,0.625,3.0,0.75,0.1875,37,45,0.43243243243243246
progressive/rome_benchmark/grafo6629.37,18,4,degree,0.6209150326797386,0.6705276705276705,0.625,1.4166666666666667,0.4166666666666667,0.375,37,45,0.4864864864864865
progressive/rome_benchmark/grafo6629.37,18,4,closeness,0.6209150326797386,0.6705276705276705,0.625,2.875,0.40625,0.375,37,45,0.4864864864864865
progressive/rome_benchmark/grafo6629.37,18,4,betweeness,0.6209150326797386,0.6705276705276705,0.625,1.4166666666666667,0.4166666666666667,0.375,37,45,0.4864864864864865
progressive/rome_benchmark/grafo6629.37,18,4,rmc,0.8431372549019609,1.0,0.625,2.1666666666666665,0.8333333333333334,0.375,37,45,0.4864864864864865
progressive/rome_benchmark/grafo6629.37,18,4,random,0.8529411764705882,1.0,0.625,2.5,0.375,0.6875,37,45,0.4594594594594595
progressive/rome_benchmark/grafo6629.37,18,4,spectral,0.4509803921568628,1.0,0.625,1.125,0.5,0.3125,37,45,0.4864864864864865
progressive/rome_benchmark/grafo6629.37,23,5,degree,0.7052631578947369,0.6919374247894103,0.625,1.0625,0.5416666666666666,0.5625,37,45,0.5405405405405406
progressive/rome_benchmark/grafo6629.37,23,5,closeness,0.6631578947368422,1.0,0.625,0.7777777777777778,0.4166666666666667,0.375,37,45,0.5405405405405406
progressive/rome_benchmark/grafo6629.37,23,5,betweeness,0.6285714285714286,1.0,0.625,1.375,0.5833333333333334,0.375,37,45,0.5675675675675675
progressive/rome_benchmark/grafo6629.37,23,5,rmc,0.7142857142857142,1.0,0.625,2.5,0.5833333333333334,0.4375,37,45,0.5945945945945946
progressive/rome_benchmark/grafo6629.37,23,5,random,0.6857142857142857,1.0,0.625,1.4166666666666667,0.4166666666666667,0.375,37,45,0.5675675675675675
progressive/rome_benchmark/grafo6629.37,23,5,spectral,0.645021645021645,1.0,0.625,1.125,0.5,0.25,37,45,0.5945945945945946
progressive/rome_benchmark/grafo6629.37,27,6,degree,0.6521739130434783,1.0,0.625,2.125,0.8125,0.625,37,45,0.6216216216216216
progressive/rome_benchmark/grafo6629.37,27,6,closeness,0.6363636363636365,1.0,0.625,1.0625,0.5416666666666666,0.5625,37,45,0.6216216216216216
progressive/rome_benchmark/grafo6629.37,27,6,betweeness,0.6600790513833992,1.0,0.625,1.125,0.5833333333333334,0.625,37,45,0.6216216216216216
progressive/rome_benchmark/grafo6629.37,27,6,rmc,0.8533333333333332,1.0,0.625,2.125,0.875,0.625,37,45,0.6756756756756757
progressive/rome_benchmark/grafo6629.37,27,6,random,0.8133333333333331,0.7333333333333333,0.625,2.5,0.9166666666666666,0.5,37,45,0.6756756756756757
progressive/rome_benchmark/grafo6629.37,27,6,spectral,0.7391304347826086,0.6833642547928263,0.625,0.8333333333333334,0.325,0.5,37,45,0.6486486486486487
progressive/rome_benchmark/grafo6629.37,32,7,degree,0.8092307692307692,1.0,0.625,1.0,0.5333333333333333,0.875,37,45,0.7027027027027027
progressive/rome_benchmark/grafo6629.37,32,7,closeness,0.7720797720797723,1.0,0.625,2.25,0.875,0.6875,37,45,0.7297297297297297
progressive/rome_benchmark/grafo6629.37,32,7,betweeness,0.720797720797721,1.0,0.625,2.25,0.875,0.6875,37,45,0.7297297297297297
progressive/rome_benchmark/grafo6629.37,32,7,rmc,0.810752688172043,1.0,0.625,2.1666666666666665,0.8333333333333334,0.625,37,45,0.8378378378378378
progressive/rome_benchmark/grafo6629.37,32,7,random,0.8005698005698006,0.757230915125652,0.625,0.6666666666666666,0.4166666666666667,0.9375,37,45,0.7297297297297297
progressive/rome_benchmark/grafo6629.37,32,7,spectral,0.8404558404558405,0.7031884057971014,0.625,1.375,0.4375,0.6875,37,45,0.7297297297297297
progressive/rome_benchmark/grafo6629.37,36,8,degree,0.7517241379310345,1.0,0.625,0.875,0.47222222222222227,0.875,37,45,0.8108108108108109
progressive/rome_benchmark/grafo6629.37,36,8,closeness,0.7983870967741937,1.0,0.625,2.25,0.875,0.6875,37,45,0.8648648648648649
progressive/rome_benchmark/grafo6629.37,36,8,betweeness,0.7983870967741937,1.0,0.625,2.25,0.875,0.6875,37,45,0.8648648648648649
progressive/rome_benchmark/grafo6629.37,36,8,rmc,0.8870967741935486,0.747534516765286,0.625,2.5,0.9166666666666666,0.6875,37,45,0.8648648648648649
progressive/rome_benchmark/grafo6629.37,36,8,random,0.7903225806451614,0.7031884057971014,0.625,1.5,0.46875,0.6875,37,45,0.8648648648648649
progressive/rome_benchmark/grafo6629.37,36,8,spectral,0.8942528735632185,0.7031884057971014,0.625,0.7083333333333334,0.40625,0.6875,37,45,0.8108108108108109
progressive/rome_benchmark/grafo6629.37,41,9,degree,0.8395721925133691,1.0,0.625,0.38,0.25,0.9375,37,45,0.918918918918919
progressive/rome_benchmark/grafo6629.37,41,9,closeness,0.8319327731092436,1.0,0.625,0.8,0.8,0.875,37,45,0.9459459459459459
progressive/rome_benchmark/grafo6629.37,41,9,betweeness,0.8319327731092436,1.0,0.625,0.8,0.8,0.875,37,45,0.9459459459459459
progressive/rome_benchmark/grafo6629.37,41,9,rmc,0.9251336898395723,1.0,0.625,1.05,0.5666666666666667,0.9375,37,45,0.918918918918919
progressive/rome_benchmark/grafo6629.37,41,9,random,0.8890756302521008,1.0,0.625,1.125,0.5833333333333334,0.9375,37,45,0.9459459459459459
progressive/rome_benchmark/grafo6629.37,41,9,spectral,0.9215686274509806,1.0,0.625,0.6,0.6,1.0,37,45,0.918918918918919
progressive/rome_benchmark/grafo6629.37,45,10,degree,1.0,1.0,0.625,0.625,0.625,1.0,37,45,1.0
progressive/rome_benchmark/grafo6629.37,45,10,closeness,1.0,1.0,0.625,0.625,0.625,1.0,37,45,1.0
progressive/rome_benchmark/grafo6629.37,45,10,betweeness,1.0,1.0,0.625,0.625,0.625,1.0,37,45,1.0
progressive/rome_benchmark/grafo6629.37,45,10,rmc,1.0,1.0,0.625,0.625,0.625,1.0,37,45,1.0
progressive/rome_benchmark/grafo6629.37,45,10,random,1.0,1.0,0.625,0.625,0.625,1.0,37,45,1.0
progressive/rome_benchmark/grafo6629.37,45,10,spectral,1.0,1.0,0.625,0.625,0.625,1.0,37,45,1.0
progressive/rome_benchmark/grafo4044.52,8,1,degree,0.8222222222222221,1.0,0.1489795918367347,4.0,1.0,0.08,52,71,0.19230769230769232
progressive/rome_benchmark/grafo4044.52,8,1,closeness,0.6363636363636364,-0.5,0.1489795918367347,0,0,0.0,52,71,0.21153846153846154
progressive/rome_benchmark/grafo4044.52,8,1,betweeness,0.7777777777777778,0.0,0.1489795918367347,3.0,0.75,0.04,52,71,0.17307692307692307
progressive/rome_benchmark/grafo4044.52,8,1,rmc,0.6666666666666666,0.0,0.1489795918367347,3.0,0.1875,0.02857142857142857,52,71,0.23076923076923078
progressive/rome_benchmark/grafo4044.52,8,1,random,0.6666666666666666,0.0,0.1489795918367347,0.75,0.3333333333333333,0.04,52,71,0.17307692307692307
progressive/rome_benchmark/grafo4044.52,8,1,spectral,0.9444444444444445,1.0,0.1489795918367347,4.0,1.0,0.05714285714285714,52,71,0.17307692307692307
progressive/rome_benchmark/grafo4044.52,15,2,degree,0.6617647058823529,0.5238095238095238,0.1489795918367347,4.5,0.45833333333333337,0.2,52,71,0.3269230769230769
progressive/rome_benchmark/grafo4044.52,15,2,closeness,0.5684210526315789,-0.5,0.1489795918367347,0,0,0.0,52,71,0.38461538461538464
progressive/rome_benchmark/grafo4044.52,15,2,betweeness,0.7499999999999999,1.0,0.1489795918367347,3.5,0.5833333333333334,0.08,52,71,0.3269230769230769
progressive/rome_benchmark/grafo4044.52,15,2,rmc,0.6029411764705882,0.33333333333333337,0.1489795918367347,5.0,1.25,0.08571428571428572,52,71,0.3269230769230769
progressive/rome_benchmark/grafo4044.52,15,2,random,0.7794117647058824,1.0,0.1489795918367347,3.3333333333333335,0.4166666666666667,0.12000000000000002,52,71,0.3269230769230769
progressive/rome_benchmark/grafo4044.52,15,2,spectral,0.75,1.0,0.1489795918367347,5.0,1.25,0.08571428571428572,52,71,0.3076923076923077
progressive/rome_benchmark/grafo4044.52,22,3,degree,0.6758893280632412,0.11111111111111113,0.1489795918367347,4.0,0.34444444444444444,0.37,52,71,0.4423076923076923
progressive/rome_benchmark/grafo4044.52,22,3,closeness,0.52,-1.0,0.1489795918367347,4.0,1.0,0.08,52,71,0.5
progressive/rome_benchmark/grafo4044.52,22,3,betweeness,0.52,-1.0,0.1489795918367347,4.0,1.0,0.08,52,71,0.5
progressive/rome_benchmark/grafo4044.52,22,3,rmc,0.572463768115942,1.0,0.1489795918367347,3.6666666666666665,0.4583333333333333,0.12571428571428572,52,71,0.46153846153846156
progressive/rome_benchmark/grafo4044.52,22,3,random,0.6594202898550725,0.5238095238095238,0.1489795918367347,4.333333333333333,0.3777777777777778,0.225,52,71,0.46153846153846156
progressive/rome_benchmark/grafo4044.52,22,3,spectral,0.6796536796536796,1.0,0.1489795918367347,1.625,0.4375,0.12571428571428572,52,71,0.4230769230769231
progressive/rome_benchmark/grafo4044.52,29,4,degree,0.6455026455026455,0.11111111111111113,0.1489795918367347,4.0,0.2986111111111111,0.395,52,71,0.5384615384615384
progressive/rome_benchmark/grafo4044.52,29,4,closeness,0.5241935483870969,0.5384615384615384,0.1489795918367347,3.6666666666666665,0.33333333333333337,0.3,52,71,0.6153846153846154
progressive/rome_benchmark/grafo4044.52,29,4,betweeness,0.5241935483870969,0.5384615384615384,0.1489795918367347,3.6666666666666665,0.33333333333333337,0.3,52,71,0.6153846153846154
progressive/rome_benchmark/grafo4044.52,29,4,rmc,0.6615384615384615,1.0,0.1489795918367347,1.75,0.3777777777777778,0.20571428571428568,52,71,0.5
progressive/rome_benchmark/grafo4044.52,29,4,random,0.6688172043010753,1.0,0.1489795918367347,1.625,0.45833333333333337,0.2,52,71,0.5961538461538461
progressive/rome_benchmark/grafo4044.52,29,4,spectral,0.6866096866096868,1.0,0.1489795918367347,0.43452380952380953,0.17857142857142858,0.24,52,71,0.5192307692307693
progressive/rome_benchmark/grafo4044.52,36,5,degree,0.6411290322580646,0.696969696969697,0.1489795918367347,1.5833333333333333,0.34444444444444444,0.24500000000000002,52,71,0.6153846153846154
progressive/rome_benchmark/grafo4044.52,36,5,closeness,0.6285714285714287,0.39325842696629215,0.1489795918367347,1.3125,0.31666666666666665,0.32999999999999996,52,71,0.6923076923076923
progressive/rome_benchmark/grafo4044.52,36,5,betweeness,0.6285714285714287,0.39325842696629215,0.1489795918367347,1.3125,0.31666666666666665,0.32999999999999996,52,71,0.6923076923076923
progressive/rome_benchmark/grafo4044.52,36,5,rmc,0.7419354838709677,1.0,0.1489795918367347,0.9629629629629631,0.17800453514739228,0.27999999999999997,52,71,0.5961538461538461
progressive/rome_benchmark/grafo4044.52,36,5,random,0.679144385026738,1.0,0.1489795918367347,4.5,0.45833333333333337,0.145,52,71,0.6538461538461539
progressive/rome_benchmark/grafo4044.52,36,5,spectral,0.8226600985221674,1.0,0.1489795918367347,0.6428571428571429,0.2773809523809524,0.35,52,71,0.5576923076923077
progressive/rome_benchmark/grafo4044.52,43,6,degree,0.6726726726726726,0.7119341563786008,0.1489795918367347,0.34249999999999997,0.1207010582010582,0.34,52,71,0.7115384615384616
progressive/rome_benchmark/grafo4044.52,43,6,closeness,0.6051282051282052,-0.052631578947368376,0.1489795918367347,0.5555555555555556,0.34722222222222227,0.32,52,71,0.7692307692307693
progressive/rome_benchmark/grafo4044.52,43,6,betweeness,0.6051282051282052,-0.052631578947368376,0.1489795918367347,0.5555555555555556,0.34722222222222227,0.32,52,71,0.7692307692307693
progressive/rome_benchmark/grafo4044.52,43,6,rmc,0.7627627627627628,1.0,0.1489795918367347,0.5178571428571429,0.2156084656084656,0.32,52,71,0.7115384615384616
progressive/rome_benchmark/grafo4044.52,43,6,random,0.7268847795163585,0.34188034188034194,0.1489795918367347,0.505,0.16488095238095238,0.5900000000000001,52,71,0.7307692307692307
progressive/rome_benchmark/grafo4044.52,43,6,spectral,0.807486631016043,1.0,0.1489795918367347,0.3511904761904762,0.3511904761904762,0.27999999999999997,52,71,0.6538461538461539
progressive/rome_benchmark/grafo4044.52,50,7,degree,0.7000000000000001,0.7580910586944597,0.1489795918367347,0.2985714285714286,0.2043650793650794,0.6,52,71,0.7692307692307693
progressive/rome_benchmark/grafo4044.52,50,7,closeness,0.6997885835095137,0.5652173913043478,0.1489795918367347,0.4375,0.30833333333333335,0.47000000000000003,52,71,0.8461538461538461
progressive/rome_benchmark/grafo4044.52,50,7,betweeness,0.6997885835095137,0.5652173913043478,0.1489795918367347,0.4375,0.30833333333333335,0.47000000000000003,52,71,0.8461538461538461
progressive/rome_benchmark/grafo4044.52,50,7,rmc,0.769656699889258,1.0,0.1489795918367347,0.5178571428571429,0.2156084656084656,0.32,52,71,0.8269230769230769
progressive/rome_benchmark/grafo4044.52,50,7,random,0.6766334440753046,1.0,0.1489795918367347,0.28888888888888886,0.1423280423280423,0.44000000000000006,52,71,0.8269230769230769
progressive/rome_benchmark/grafo4044.52,50,7,spectral,0.8333333333333334,1.0,0.1489795918367347,0.27976190476190477,0.2100340136054422,0.4,52,71,0.7692307692307693
progressive/rome_benchmark/grafo4044.52,57,8,degree,0.7991543340380549,0.7794338301490448,0.1489795918367347,0.2571428571428572,0.18231292517006806,0.8,52,71,0.8461538461538461
progressive/rome_benchmark/grafo4044.52,57,8,closeness,0.7927844588344127,1.0,0.1489795918367347,0.21714285714285714,0.16507936507936508,0.5900000000000001,52,71,0.9038461538461539
progressive/rome_benchmark/grafo4044.52,57,8,betweeness,0.7927844588344127,1.0,0.1489795918367347,0.21714285714285714,0.16507936507936508,0.5900000000000001,52,71,0.9038461538461539
progressive/rome_benchmark/grafo4044.52,57,8,rmc,0.791304347826087,1.0,0.1489795918367347,0.22040816326530613,0.15535714285714286,0.5,52,71,0.8846153846153846
progressive/rome_benchmark/grafo4044.52,57,8,random,0.8031914893617021,1.0,0.1489795918367347,0.22916666666666666,0.22916666666666666,0.4,52,71,0.9230769230769231
progressive/rome_benchmark/grafo4044.52,57,8,spectral,0.7816425120772947,1.0,0.1489795918367347,0.25892857142857145,0.19217687074829934,0.52,52,71,0.8846153846153846
progressive/rome_benchmark/grafo4044.52,64,9,degree,0.9019426456984275,0.7257356085046838,0.1489795918367347,0.1711309523809524,0.13977072310405644,0.9,52,71,0.9038461538461539
progressive/rome_benchmark/grafo4044.52,64,9,closeness,0.8497959183673469,1.0,0.1489795918367347,0.20158730158730157,0.20158730158730157,0.75,52,71,0.9615384615384616
progressive/rome_benchmark/grafo4044.52,64,9,betweeness,0.8497959183673469,1.0,0.1489795918367347,0.20158730158730157,0.20158730158730157,0.75,52,71,0.9615384615384616
progressive/rome_benchmark/grafo4044.52,64,9,rmc,0.8724489795918365,1.0,0.1489795918367347,0.22040816326530613,0.15535714285714286,0.7,52,71,0.9423076923076923
progressive/rome_benchmark/grafo4044.52,64,9,random,0.8987755102040816,1.0,0.1489795918367347,0.20833333333333331,0.16964285714285712,0.76,52,71,0.9615384615384616
progressive/rome_benchmark/grafo4044.52,64,9,spectral,0.8724489795918365,1.0,0.1489795918367347,0.22040816326530613,0.15535714285714286,0.7,52,71,0.9423076923076923
progressive/rome_benchmark/grafo4044.52,71,10,degree,1.0,1.0,0.1489795918367347,0.1489795918367347,0.1489795918367347,1.0,52,71,1.0
progressive/rome_benchmark/grafo4044.52,71,10,closeness,1.0,1.0,0.1489795918367347,0.1489795918367347,0.1489795918367347,1.0,52,71,1.0
progressive/rome_benchmark/grafo4044.52,71,10,betweeness,1.0,1.0,0.1489795918367347,0.1489795918367347,0.1489795918367347,1.0,52,71,1.0
progressive/rome_benchmark/grafo4044.52,71,10,rmc,1.0,1.0,0.1489795918367347,0.1489795918367347,0.1489795918367347,1.0,52,71,1.0
progressive/rome_benchmark/grafo4044.52,71,10,random,1.0,1.0,0.1489795918367347,0.1489795918367347,0.1489795918367347,1.0,52,71,1.0
progressive/rome_benchmark/grafo4044.52,71,10,spectral,1.0,1.0,0.1489795918367347,0.1489795918367347,0.1489795918367347,1.0,52,71,1.0
progressive/rome_benchmark/grafo10450.36,5,1,degree,0.6,0.4,0.611111111111111,5.0,1.25,0.1388888888888889,36,46,0.16666666666666666
progressive/rome_benchmark/grafo10450.36,5,1,closeness,0.4285714285714286,-0.5,0.611111111111111,0,0,0.0,36,46,0.19444444444444445
progressive/rome_benchmark/grafo10450.36,5,1,betweeness,0.4666666666666666,0.0,0.611111111111111,3.0,0.3333333333333333,0.03333333333333333,36,46,0.16666666666666666
progressive/rome_benchmark/grafo10450.36,5,1,rmc,0.6190476190476191,1.0,0.611111111111111,1.0,0.4,0.13333333333333333,36,46,0.19444444444444445
progressive/rome_benchmark/grafo10450.36,5,1,random,0.5238095238095238,-0.5,0.611111111111111,0,0,0.0,36,46,0.19444444444444445
progressive/rome_benchmark/grafo10450.36,5,1,spectral,0.6190476190476191,1.0,0.611111111111111,1.0,0.4,0.13333333333333333,36,46,0.19444444444444445
progressive/rome_benchmark/grafo10450.36,10,2,degree,0.303030303030303,-0.23199999999999993,0.611111111111111,4.5,0.3,0.26666666666666666,36,46,0.3333333333333333
progressive/rome_benchmark/grafo10450.36,10,2,closeness,0.41818181818181815,-0.33333333333333326,0.611111111111111,3.0,0.75,0.08333333333333333,36,46,0.3055555555555556
progressive/rome_benchmark/grafo10450.36,10,2,betweeness,0.41818181818181815,-0.33333333333333326,0.611111111111111,3.0,0.75,0.08333333333333333,36,46,0.3055555555555556
progressive/rome_benchmark/grafo10450.36,10,2,rmc,0.4848484848484848,1.0,0.611111111111111,1.0,1.0,0.16666666666666666,36,46,0.3333333333333333
progressive/rome_benchmark/grafo10450.36,10,2,random,0.15384615384615383,0.0,0.611111111111111,3.0,0.3333333333333333,0.0,36,46,0.3611111111111111
progressive/rome_benchmark/grafo10450.36,10,2,spectral,0.6363636363636364,1.0,0.611111111111111,1.0,1.0,0.19444444444444445,36,46,0.3055555555555556
progressive/rome_benchmark/grafo10450.36,14,3,degree,0.5166666666666667,0.1037861915367483,0.611111111111111,5.5,0.5625,0.3333333333333333,36,46,0.4444444444444444
progressive/rome_benchmark/grafo10450.36,14,3,closeness,0.4666666666666667,0.06666666666666665,0.611111111111111,6.0,0.6666666666666666,0.16666666666666666,36,46,0.4166666666666667
progressive/rome_benchmark/grafo10450.36,14,3,betweeness,0.4666666666666667,0.06666666666666665,0.611111111111111,6.0,0.6666666666666666,0.16666666666666666,36,46,0.4166666666666667
progressive/rome_benchmark/grafo10450.36,14,3,rmc,0.4411764705882352,1.0,0.611111111111111,2.0,0.3333333333333333,0.19999999999999998,36,46,0.4722222222222222
progressive/rome_benchmark/grafo10450.36,14,3,random,0.6483516483516484,0.7037037037037037,0.611111111111111,4.0,0.41666666666666663,0.2916666666666667,36,46,0.3888888888888889
progressive/rome_benchmark/grafo10450.36,14,3,spectral,0.5238095238095238,0.7808219178082192,0.611111111111111,2.5,0.75,0.3333333333333333,36,46,0.4166666666666667
progressive/rome_benchmark/grafo10450.36,19,4,degree,0.4509803921568628,-0.1579811243331965,0.611111111111111,5.0,0.2380952380952381,0.5,36,46,0.5
progressive/rome_benchmark/grafo10450.36,19,4,closeness,0.52046783625731,0.4744525547445255,0.611111111111111,5.0,0.5416666666666666,0.2916666666666667,36,46,0.5277777777777778
progressive/rome_benchmark/grafo10450.36,19,4,betweeness,0.52046783625731,0.4744525547445255,0.611111111111111,5.0,0.5416666666666666,0.2916666666666667,36,46,0.5277777777777778
progressive/rome_benchmark/grafo10450.36,19,4,rmc,0.45454545454545453,0.7808219178082192,0.611111111111111,2.6666666666666665,0.3333333333333333,0.3666666666666667,36,46,0.6111111111111112
progressive/rome_benchmark/grafo10450.36,19,4,random,0.35064935064935066,0.22879177377892027,0.611111111111111,3.3333333333333335,0.24629629629629626,0.3333333333333333,36,46,0.6111111111111112
progressive/rome_benchmark/grafo10450.36,19,4,spectral,0.5523809523809524,0.920704845814978,0.611111111111111,0.9166666666666666,0.4444444444444444,0.2916666666666667,36,46,0.5833333333333334
progressive/rome_benchmark/grafo10450.36,23,5,degree,0.5142857142857143,0.1592121460812474,0.611111111111111,4.125,0.3125,0.5,36,46,0.5833333333333334
progressive/rome_benchmark/grafo10450.36,23,5,closeness,0.5523809523809524,0.4744525547445255,0.611111111111111,4.333333333333333,0.3888888888888889,0.2916666666666667,36,46,0.5833333333333334
progressive/rome_benchmark/grafo10450.36,23,5,betweeness,0.5523809523809524,0.4744525547445255,0.611111111111111,4.333333333333333,0.3888888888888889,0.2916666666666667,36,46,0.5833333333333334
progressive/rome_benchmark/grafo10450.36,23,5,rmc,0.6126482213438735,0.920704845814978,0.611111111111111,0.625,0.625,0.2916666666666667,36,46,0.6388888888888888
progressive/rome_benchmark/grafo10450.36,23,5,random,0.5889328063241107,0.875,0.611111111111111,0.9166666666666666,0.17222222222222225,0.39166666666666666,36,46,0.6388888888888888
progressive/rome_benchmark/grafo10450.36,23,5,spectral,0.6284584980237155,0.9210526315789473,0.611111111111111,0.5416666666666666,0.3444444444444445,0.375,36,46,0.6388888888888888
progressive/rome_benchmark/grafo10450.36,28,6,degree,0.6521739130434783,0.2619487179487179,0.611111111111111,1.96875,0.2654761904761905,0.5833333333333334,36,46,0.6388888888888888
progressive/rome_benchmark/grafo10450.36,28,6,closeness,0.6666666666666665,0.4666666666666667,0.611111111111111,1.875,0.5,0.16666666666666666,36,46,0.6944444444444444
progressive/rome_benchmark/grafo10450.36,28,6,betweeness,0.6666666666666665,0.4666666666666667,0.611111111111111,1.875,0.5,0.16666666666666666,36,46,0.6944444444444444
progressive/rome_benchmark/grafo10450.36,28,6,rmc,0.6184615384615385,0.37179117392558414,0.611111111111111,1.4166666666666667,0.611111111111111,0.4583333333333333,36,46,0.7222222222222222
progressive/rome_benchmark/grafo10450.36,28,6,random,0.5270655270655271,0.20137457044673532,0.611111111111111,3.0,0.3,0.3,36,46,0.75
progressive/rome_benchmark/grafo10450.36,28,6,spectral,0.7466666666666665,0.49653979238754326,0.611111111111111,1.15625,0.38125,0.5416666666666666,36,46,0.6944444444444444
progressive/rome_benchmark/grafo10450.36,33,7,degree,0.7866666666666665,0.597908035047205,0.611111111111111,2.8,0.6555555555555556,0.7916666666666666,36,46,0.6944444444444444
progressive/rome_benchmark/grafo10450.36,33,7,closeness,0.7287356321839081,0.49767441860465117,0.611111111111111,1.4166666666666667,0.4166666666666667,0.3333333333333333,36,46,0.8333333333333334
progressive/rome_benchmark/grafo10450.36,33,7,betweeness,0.7287356321839081,0.49767441860465117,0.611111111111111,1.4166666666666667,0.4166666666666667,0.3333333333333333,36,46,0.8333333333333334
progressive/rome_benchmark/grafo10450.36,33,7,rmc,0.6847290640394088,0.3852904304220644,0.611111111111111,3.5,0.7083333333333334,0.6666666666666666,36,46,0.8055555555555556
progressive/rome_benchmark/grafo10450.36,33,7,random,0.7217741935483872,1.0,0.611111111111111,1.875,0.3208333333333333,0.5499999999999999,36,46,0.8888888888888888
progressive/rome_benchmark/grafo10450.36,33,7,spectral,0.7248677248677248,0.37121370378107377,0.611111111111111,1.475,0.2755555555555556,0.75,36,46,0.7777777777777778
progressive/rome_benchmark/grafo10450.36,37,8,degree,0.857142857142857,0.9524097600322645,0.611111111111111,0.65,0.364,0.75,36,46,0.7777777777777778
progressive/rome_benchmark/grafo10450.36,37,8,closeness,0.806451612903226,0.5033055475711411,0.611111111111111,1.3125,0.4270833333333333,0.5833333333333334,36,46,0.8888888888888888
progressive/rome_benchmark/grafo10450.36,37,8,betweeness,0.806451612903226,0.5033055475711411,0.611111111111111,1.3125,0.4270833333333333,0.5833333333333334,36,46,0.8888888888888888
progressive/rome_benchmark/grafo10450.36,37,8,rmc,0.7258064516129034,0.6561185548343964,0.611111111111111,0.9733333333333333,0.364,0.75,36,46,0.8888888888888888
progressive/rome_benchmark/grafo10450.36,37,8,random,0.7782258064516131,0.4588744588744589,0.611111111111111,0.75,0.25416666666666665,0.6,36,46,0.8888888888888888
progressive/rome_benchmark/grafo10450.36,37,8,spectral,0.7806451612903227,0.4886504333470904,0.611111111111111,3.8,0.40666666666666673,0.7666666666666666,36,46,0.8611111111111112
progressive/rome_benchmark/grafo10450.36,42,9,degree,0.9072580645161292,1.0,0.611111111111111,0.38,0.38,0.7916666666666666,36,46,0.8888888888888888
progressive/rome_benchmark/grafo10450.36,42,9,closeness,0.8689075630252101,0.7540388584442388,0.611111111111111,1.2,0.41666666666666663,0.6833333333333332,36,46,0.9722222222222222
progressive/rome_benchmark/grafo10450.36,42,9,betweeness,0.8689075630252101,0.7540388584442388,0.611111111111111,1.2,0.41666666666666663,0.6833333333333332,36,46,0.9722222222222222
progressive/rome_benchmark/grafo10450.36,42,9,rmc,0.9242424242424243,0.9813889367568499,0.611111111111111,1.0,0.6018518518518517,0.9583333333333334,36,46,0.9166666666666666
progressive/rome_benchmark/grafo10450.36,42,9,random,0.8859180035650626,0.968,0.611111111111111,0.5555555555555556,0.31999999999999995,0.8666666666666667,36,46,0.9444444444444444
progressive/rome_benchmark/grafo10450.36,42,9,spectral,0.9242424242424243,0.9813889367568499,0.611111111111111,1.0,0.6018518518518517,0.9583333333333334,36,46,0.9166666666666666
progressive/rome_benchmark/grafo10450.36,46,10,degree,1.0,1.0,0.611111111111111,0.611111111111111,0.611111111111111,1.0,36,46,1.0
progressive/rome_benchmark/grafo10450.36,46,10,closeness,1.0,1.0,0.611111111111111,0.611111111111111,0.611111111111111,1.0,36,46,1.0
progressive/rome_benchmark/grafo10450.36,46,10,betweeness,1.0,1.0,0.611111111111111,0.611111111111111,0.611111111111111,1.0,36,46,1.0
progressive/rome_benchmark/grafo10450.36,46,10,rmc,1.0,1.0,0.611111111111111,0.611111111111111,0.611111111111111,1.0,36,46,1.0
progressive/rome_benchmark/grafo10450.36,46,10,random,1.0,1.0,0.611111111111111,0.611111111111111,0.611111111111111,1.0,36,46,1.0
progressive/rome_benchmark/grafo10450.36,46,10,spectral,1.0,1.0,0.611111111111111,0.611111111111111,0.611111111111111,1.0,36,46,1.0
progressive/rome_benchmark/grafo6169.47,7,1,degree,0.3571428571428571,-0.3333333333333332,0.46875,4.0,0.4444444444444444,0.1875,47,70,0.1702127659574468
progressive/rome_benchmark/grafo6169.47,7,1,closeness,0.3571428571428571,0.0,0.46875,3.0,0.75,0.0,47,70,0.1702127659574468
progressive/rome_benchmark/grafo6169.47,7,1,betweeness,0.3571428571428571,-0.3333333333333332,0.46875,4.0,0.4444444444444444,0.1875,47,70,0.1702127659574468
progressive/rome_benchmark/grafo6169.47,7,1,rmc,0.6,-0.5,0.46875,0,0,0.0,47,70,0.2127659574468085
progressive/rome_benchmark/grafo6169.47,7,1,random,0.1111111111111111,-0.33333333333333326,0.46875,3.0,0.3333333333333333,0.25,47,70,0.19148936170212766
progressive/rome_benchmark/grafo6169.47,7,1,spectral,0.2222222222222222,1.0,0.46875,4.0,4.0,0.25,47,70,0.19148936170212766
progressive/rome_benchmark/grafo6169.47,14,2,degree,0.40952380952380957,-0.3333333333333332,0.46875,1.5,0.41666666666666663,0.2125,47,70,0.3191489361702128
progressive/rome_benchmark/grafo6169.47,14,2,closeness,0.3676470588235294,-0.5,0.46875,0,0,0.0,47,70,0.3617021276595745
progressive/rome_benchmark/grafo6169.47,14,2,betweeness,0.40952380952380957,-0.3333333333333332,0.46875,1.5,0.41666666666666663,0.2125,47,70,0.3191489361702128
progressive/rome_benchmark/grafo6169.47,14,2,rmc,0.48333333333333334,-0.33333333333333326,0.46875,3.0,0.3333333333333333,0.25,47,70,0.3404255319148936
progressive/rome_benchmark/grafo6169.47,14,2,random,0.5384615384615384,-1.0,0.46875,3.6666666666666665,0.4583333333333333,0.17777777777777776,47,70,0.2978723404255319
progressive/rome_benchmark/grafo6169.47,14,2,spectral,0.12380952380952381,1.0,0.46875,3.6666666666666665,0.2333333333333333,0.25,47,70,0.3191489361702128
progressive/rome_benchmark/grafo6169.47,21,3,degree,0.5321637426900584,-0.3333333333333332,0.46875,1.5,0.23148148148148143,0.2152777777777778,47,70,0.40425531914893614
progressive/rome_benchmark/grafo6169.47,21,3,closeness,0.5684210526315789,-0.3333333333333332,0.46875,1.0,0.4444444444444444,0.1875,47,70,0.425531914893617
progressive/rome_benchmark/grafo6169.47,21,3,betweeness,0.5523809523809524,-0.3333333333333332,0.46875,1.3333333333333333,0.21296296296296294,0.2152777777777778,47,70,0.44680851063829785
progressive/rome_benchmark/grafo6169.47,21,3,rmc,0.41991341991341985,-0.33333333333333326,0.46875,0.75,0.3333333333333333,0.25,47,70,0.46808510638297873
progressive/rome_benchmark/grafo6169.47,21,3,random,0.5714285714285714,-0.25925925925925913,0.46875,0.6944444444444445,0.10229276895943562,0.29464285714285715,47,70,0.44680851063829785
progressive/rome_benchmark/grafo6169.47,21,3,spectral,0.46666666666666673,0.9332096474953617,0.46875,3.75,0.2857142857142857,0.525,47,70,0.44680851063829785
progressive/rome_benchmark/grafo6169.47,28,4,degree,0.6996047430830039,0.1264367816091955,0.46875,1.0,0.3888888888888889,0.36022727272727273,47,70,0.48936170212765956
progressive/rome_benchmark/grafo6169.47,28,4,closeness,0.5726495726495727,-0.11111111111111101,0.46875,0.4583333333333333,0.12585034013605442,0.29464285714285715,47,70,0.574468085106383
progressive/rome_benchmark/grafo6169.47,28,4,betweeness,0.6837944664031621,-0.3333333333333332,0.46875,0.7777777777777778,0.3222222222222222,0.2152777777777778,47,70,0.48936170212765956
progressive/rome_benchmark/grafo6169.47,28,4,rmc,0.50997150997151,-0.33333333333333326,0.46875,0.7083333333333334,0.22916666666666666,0.275,47,70,0.574468085106383
progressive/rome_benchmark/grafo6169.47,28,4,random,0.5933333333333333,0.33333333333333337,0.46875,1.0,0.25833333333333336,0.17272727272727273,47,70,0.5319148936170213
progressive/rome_benchmark/grafo6169.47,28,4,spectral,0.5954415954415955,0.9826506024096385,0.46875,0.9333333333333332,0.12197802197802199,0.5277777777777778,47,70,0.574468085106383
progressive/rome_benchmark/grafo6169.47,35,5,degree,0.7635467980295566,0.9517722781252832,0.46875,0.8866666666666667,0.28775510204081634,0.7928571428571428,47,70,0.6170212765957447
progressive/rome_benchmark/grafo6169.47,35,5,closeness,0.5827956989247313,-0.14285714285714274,0.46875,0.5,0.18253968253968253,0.29464285714285715,47,70,0.6595744680851063
progressive/rome_benchmark/grafo6169.47,35,5,betweeness,0.6995073891625614,-0.11111111111111101,0.46875,0.37,0.13523809523809524,0.29464285714285715,47,70,0.6170212765957447
progressive/rome_benchmark/grafo6169.47,35,5,rmc,0.48387096774193555,-0.33333333333333326,0.46875,0.8333333333333334,0.15625,0.2777777777777778,47,70,0.6808510638297872
progressive/rome_benchmark/grafo6169.47,35,5,random,0.6367816091954024,-0.06666666666666658,0.46875,0.421875,0.08360389610389611,0.35714285714285715,47,70,0.6382978723404256
progressive/rome_benchmark/grafo6169.47,35,5,spectral,0.6965517241379311,0.9585460170146946,0.46875,1.55,0.44000000000000006,0.6727272727272727,47,70,0.6382978723404256
progressive/rome_benchmark/grafo6169.47,42,6,degree,0.806451612903226,0.9759465748043392,0.46875,0.8866666666666667,0.28775510204081634,0.7928571428571428,47,70,0.6808510638297872
progressive/rome_benchmark/grafo6169.47,42,6,closeness,0.6739495798319327,-0.14285714285714274,0.46875,0.325,0.18968253968253967,0.29464285714285715,47,70,0.7446808510638298
progressive/rome_benchmark/grafo6169.47,42,6,betweeness,0.6739495798319327,-0.14285714285714274,0.46875,0.325,0.18968253968253967,0.29464285714285715,47,70,0.7446808510638298
progressive/rome_benchmark/grafo6169.47,42,6,rmc,0.5864527629233512,-0.33333333333333326,0.46875,0.4166666666666667,0.2222222222222222,0.25,47,70,0.723404255319149
progressive/rome_benchmark/grafo6169.47,42,6,random,0.7983870967741937,1.0,0.46875,0.2125,0.12276785714285714,0.35714285714285715,47,70,0.6808510638297872
progressive/rome_benchmark/grafo6169.47,42,6,spectral,0.7754010695187167,0.9569557889277842,0.46875,0.5178571428571429,0.15629251700680272,0.9017857142857143,47,70,0.723404255319149
progressive/rome_benchmark/grafo6169.47,49,7,degree,0.7507507507507507,0.9832167832167832,0.46875,0.38571428571428573,0.1493877551020408,0.7946428571428572,47,70,0.7872340425531915
progressive/rome_benchmark/grafo6169.47,49,7,closeness,0.6951219512195121,0.9184689590788859,0.46875,0.2731481481481482,0.16600529100529104,0.6160714285714286,47,70,0.8723404255319149
progressive/rome_benchmark/grafo6169.47,49,7,betweeness,0.6951219512195121,0.9184689590788859,0.46875,0.2731481481481482,0.16600529100529104,0.6160714285714286,47,70,0.8723404255319149
progressive/rome_benchmark/grafo6169.47,49,7,rmc,0.7597597597597597,-0.33333333333333326,0.46875,0.25,0.0988095238095238,0.2777777777777778,47,70,0.7872340425531915
progressive/rome_benchmark/grafo6169.47,49,7,random,0.7238095238095239,1.0,0.46875,0.375,0.26666666666666666,0.25,47,70,0.7659574468085106
progressive/rome_benchmark/grafo6169.47,49,7,spectral,0.8228228228228228,0.9818488266562946,0.46875,0.42857142857142855,0.17295918367346938,0.9017857142857143,47,70,0.7872340425531915
progressive/rome_benchmark/grafo6169.47,56,8,degree,0.7794871794871795,-0.15887850467289713,0.46875,0.25,0.163265306122449,0.48214285714285715,47,70,0.851063829787234
progressive/rome_benchmark/grafo6169.47,56,8,closeness,0.8095238095238095,-0.21212121212121204,0.46875,0.12962962962962965,0.08581349206349208,0.35714285714285715,47,70,0.8936170212765957
progressive/rome_benchmark/grafo6169.47,56,8,betweeness,0.8095238095238095,-0.21212121212121204,0.46875,0.12962962962962965,0.08581349206349208,0.35714285714285715,47,70,0.8936170212765957
progressive/rome_benchmark/grafo6169.47,56,8,rmc,0.8853658536585365,1.0,0.46875,0.372,0.21428571428571427,0.6428571428571428,47,70,0.8723404255319149
progressive/rome_benchmark/grafo6169.47,56,8,random,0.8341463414634146,0.9366022783556216,0.46875,0.611111111111111,0.29523809523809524,0.7321428571428572,47,70,0.8723404255319149
progressive/rome_benchmark/grafo6169.47,56,8,spectral,0.8414634146341463,0.9740289855072464,0.46875,0.35,0.2847222222222222,0.9375,47,70,0.8723404255319149
progressive/rome_benchmark/grafo6169.47,63,9,degree,0.9003322259136212,1.0,0.46875,0.5666666666666667,0.5666666666666667,0.8303571428571428,47,70,0.9148936170212766
progressive/rome_benchmark/grafo6169.47,63,9,closeness,0.8949494949494948,0.8289913159652641,0.46875,0.14880952380952378,0.10615079365079365,0.39285714285714285,47,70,0.9574468085106383
progressive/rome_benchmark/grafo6169.47,63,9,betweeness,0.8949494949494948,0.8289913159652641,0.46875,0.14880952380952378,0.10615079365079365,0.39285714285714285,47,70,0.9574468085106383
progressive/rome_benchmark/grafo6169.47,63,9,rmc,0.8900634249471457,1.0,0.46875,0.29583333333333334,0.21651785714285715,0.6071428571428572,47,70,0.9361702127659575
progressive/rome_benchmark/grafo6169.47,63,9,random,0.9140534262485482,1.0,0.46875,0.11309523809523808,0.11309523809523808,0.6428571428571428,47,70,0.8936170212765957
progressive/rome_benchmark/grafo6169.47,63,9,spectral,0.8525252525252525,1.0,0.46875,0.2916666666666667,0.24404761904761904,0.9375,47,70,0.9574468085106383
progressive/rome_benchmark/grafo6169.47,70,10,degree,1.0,1.0,0.46875,0.46875,0.46875,1.0,47,70,1.0
progressive/rome_benchmark/grafo6169.47,70,10,closeness,1.0,1.0,0.46875,0.46875,0.46875,1.0,47,70,1.0
progressive/rome_benchmark/grafo6169.47,70,10,betweeness,1.0,1.0,0.46875,0.46875,0.46875,1.0,47,70,1.0
progressive/rome_benchmark/grafo6169.47,70,10,rmc,1.0,1.0,0.46875,0.46875,0.46875,1.0,47,70,1.0
progressive/rome_benchmark/grafo6169.47,70,10,random,1.0,1.0,0.46875,0.46875,0.46875,1.0,47,70,1.0
progressive/rome_benchmark/grafo6169.47,70,10,spectral,1.0,1.0,0.46875,0.46875,0.46875,1.0,47,70,1.0
progressive/rome_benchmark/grafo141.28,4,1,degree,0.19999999999999998,1.0,0.4444444444444444,4.0,0.08163265306122448,0.2833333333333333,28,34,0.17857142857142858
progressive/rome_benchmark/grafo141.28,4,1,closeness,0.7333333333333333,0.3333333333333333,0.4444444444444444,1.0,0.08571428571428572,0.14285714285714285,28,34,0.21428571428571427
progressive/rome_benchmark/grafo141.28,4,1,betweeness,0.19999999999999998,1.0,0.4444444444444444,4.0,0.08163265306122448,0.2833333333333333,28,34,0.17857142857142858
progressive/rome_benchmark/grafo141.28,4,1,rmc,0.19999999999999998,0.0,0.4444444444444444,3.0,0.75,0.06666666666666667,28,34,0.17857142857142858
progressive/rome_benchmark/grafo141.28,4,1,random,0.19999999999999998,1.0,0.4444444444444444,3.0,0.75,0.16666666666666666,28,34,0.17857142857142858
progressive/rome_benchmark/grafo141.28,4,1,spectral,0.19999999999999998,0.0,0.4444444444444444,3.0,0.75,0.06666666666666667,28,34,0.17857142857142858
progressive/rome_benchmark/grafo141.28,7,2,degree,-0.07142857142857142,0.3333333333333334,0.4444444444444444,4.0,0.08163265306122448,0.2833333333333333,28,34,0.2857142857142857
progressive/rome_benchmark/grafo141.28,7,2,closeness,0.5555555555555555,0.3333333333333333,0.4444444444444444,1.0,0.08571428571428572,0.14285714285714285,28,34,0.35714285714285715
progressive/rome_benchmark/grafo141.28,7,2,betweeness,-0.07142857142857142,0.3333333333333334,0.4444444444444444,4.0,0.08163265306122448,0.2833333333333333,28,34,0.2857142857142857
progressive/rome_benchmark/grafo141.28,7,2,rmc,0.5714285714285714,0.3333333333333334,0.4444444444444444,3.0,0.75,0.3333333333333333,28,34,0.2857142857142857
progressive/rome_benchmark/grafo141.28,7,2,random,0.15555555555555553,-0.33333333333333326,0.4444444444444444,1.0,0.08571428571428572,0.14285714285714285,28,34,0.35714285714285715
progressive/rome_benchmark/grafo141.28,7,2,spectral,0.5714285714285714,0.3333333333333334,0.4444444444444444,3.0,0.75,0.3333333333333333,28,34,0.2857142857142857
progressive/rome_benchmark/grafo141.28,11,3,degree,0.4102564102564102,0.3333333333333334,0.4444444444444444,3.5,0.5833333333333334,0.6166666666666667,28,34,0.4642857142857143
progressive/rome_benchmark/grafo141.28,11,3,closeness,0.4871794871794871,0.2592592592592593,0.4444444444444444,2.375,0.24285714285714283,0.39285714285714285,28,34,0.4642857142857143
progressive/rome_benchmark/grafo141.28,11,3,betweeness,0.5128205128205127,0.3333333333333334,0.4444444444444444,3.5,0.5833333333333334,0.6166666666666667,28,34,0.4642857142857143
progressive/rome_benchmark/grafo141.28,11,3,rmc,0.3589743589743589,1.0,0.4444444444444444,0.75,0.75,0.3333333333333333,28,34,0.4642857142857143
progressive/rome_benchmark/grafo141.28,11,3,random,0.30769230769230765,1.0,0.4444444444444444,0.75,0.061224489795918366,0.20370370370370372,28,34,0.4642857142857143
progressive/rome_benchmark/grafo141.28,11,3,spectral,0.5151515151515151,1.0,0.4444444444444444,0.75,0.75,0.3333333333333333,28,34,0.42857142857142855
progressive/rome_benchmark/grafo141.28,14,4,degree,0.5166666666666667,0.3333333333333334,0.4444444444444444,3.3333333333333335,0.7222222222222222,0.6166666666666667,28,34,0.5714285714285714
progressive/rome_benchmark/grafo141.28,14,4,closeness,0.3523809523809524,0.3650793650793651,0.4444444444444444,1.0416666666666667,0.21825396825396826,0.7261904761904763,28,34,0.5357142857142857
progressive/rome_benchmark/grafo141.28,14,4,betweeness,0.3523809523809524,0.3650793650793651,0.4444444444444444,1.0416666666666667,0.21825396825396826,0.7261904761904763,28,34,0.5357142857142857
progressive/rome_benchmark/grafo141.28,14,4,rmc,0.5047619047619049,1.0,0.4444444444444444,1.125,1.125,0.3333333333333333,28,34,0.5357142857142857
progressive/rome_benchmark/grafo141.28,14,4,random,0.5604395604395604,1.0,0.4444444444444444,3.0,0.5,0.2333333333333333,28,34,0.5
progressive/rome_benchmark/grafo141.28,14,4,spectral,0.45054945054945056,1.0,0.4444444444444444,1.125,1.125,0.3333333333333333,28,34,0.5
progressive/rome_benchmark/grafo141.28,17,5,degree,0.47712418300653603,0.24444444444444452,0.4444444444444444,2.6875,0.2886904761904762,0.7261904761904763,28,34,0.6428571428571429
progressive/rome_benchmark/grafo141.28,17,5,closeness,0.6470588235294118,0.4285714285714286,0.4444444444444444,0.90625,0.16709183673469388,0.7261904761904763,28,34,0.6071428571428571
progressive/rome_benchmark/grafo141.28,17,5,betweeness,0.6470588235294118,0.4285714285714286,0.4444444444444444,0.90625,0.16709183673469388,0.7261904761904763,28,34,0.6071428571428571
progressive/rome_benchmark/grafo141.28,17,5,rmc,0.6029411764705882,-0.0666666666666666,0.4444444444444444,1.25,0.6666666666666666,0.6666666666666666,28,34,0.6071428571428571
progressive/rome_benchmark/grafo141.28,17,5,random,0.6023391812865496,0.7777777777777778,0.4444444444444444,2.5833333333333335,0.3619047619047619,0.39285714285714285,28,34,0.6785714285714286
progressive/rome_benchmark/grafo141.28,17,5,spectral,0.6833333333333333,0.4385964912280702,0.4444444444444444,1.4166666666666667,0.7222222222222222,0.6166666666666667,28,34,0.5714285714285714
progressive/rome_benchmark/grafo141.28,21,6,degree,0.6736842105263158,0.4285714285714286,0.4444444444444444,1.15625,0.2886904761904762,0.7261904761904763,28,34,0.7142857142857143
progressive/rome_benchmark/grafo141.28,21,6,closeness,0.7157894736842105,0.8260869565217391,0.4444444444444444,0.5208333333333334,0.13058035714285715,0.6428571428571429,28,34,0.7142857142857143
progressive/rome_benchmark/grafo141.28,21,6,betweeness,0.7157894736842105,0.8260869565217391,0.4444444444444444,0.5208333333333334,0.13058035714285715,0.6428571428571429,28,34,0.7142857142857143
progressive/rome_benchmark/grafo141.28,21,6,rmc,0.847953216374269,1.0,0.4444444444444444,0.5833333333333334,0.5833333333333334,0.6166666666666667,28,34,0.6785714285714286
progressive/rome_benchmark/grafo141.28,21,6,random,0.631578947368421,0.3333333333333333,0.4444444444444444,1.0,0.42857142857142855,0.2857142857142857,28,34,0.7142857142857143
progressive/rome_benchmark/grafo141.28,21,6,spectral,0.847953216374269,1.0,0.4444444444444444,0.5833333333333334,0.5833333333333334,0.6166666666666667,28,34,0.6785714285714286
progressive/rome_benchmark/grafo141.28,24,7,degree,0.7238095238095239,0.6660143509458578,0.4444444444444444,0.6916666666666668,0.2738095238095238,0.6904761904761904,28,34,0.75
progressive/rome_benchmark/grafo141.28,24,7,closeness,0.7056277056277056,0.6660143509458578,0.4444444444444444,0.62,0.20918367346938774,0.6904761904761904,28,34,0.7857142857142857
progressive/rome_benchmark/grafo141.28,24,7,betweeness,0.7056277056277056,0.6660143509458578,0.4444444444444444,0.62,0.20918367346938774,0.6904761904761904,28,34,0.7857142857142857
progressive/rome_benchmark/grafo141.28,24,7,rmc,0.7489177489177489,0.8336798336798337,0.4444444444444444,0.4444444444444444,0.24761904761904763,0.9047619047619048,28,34,0.7857142857142857
progressive/rome_benchmark/grafo141.28,24,7,random,0.7865612648221344,0.5311355311355311,0.4444444444444444,0.4444444444444444,0.1984126984126984,0.8571428571428571,28,34,0.8214285714285714
progressive/rome_benchmark/grafo141.28,24,7,spectral,0.8380952380952382,1.0,0.4444444444444444,0.47222222222222227,0.21825396825396826,0.7261904761904763,28,34,0.75
progressive/rome_benchmark/grafo141.28,28,8,degree,0.8115942028985507,1.0,0.4444444444444444,0.9166666666666666,0.32142857142857145,0.7857142857142857,28,34,0.8571428571428571
progressive/rome_benchmark/grafo141.28,28,8,closeness,0.8066666666666665,1.0,0.4444444444444444,0.525,0.19047619047619047,0.6904761904761904,28,34,0.8928571428571429
progressive/rome_benchmark/grafo141.28,28,8,betweeness,0.8066666666666665,1.0,0.4444444444444444,0.525,0.19047619047619047,0.6904761904761904,28,34,0.8928571428571429
progressive/rome_benchmark/grafo141.28,28,8,rmc,0.8478260869565217,0.7602996254681648,0.4444444444444444,0.4444444444444444,0.32142857142857145,0.9523809523809524,28,34,0.8571428571428571
progressive/rome_benchmark/grafo141.28,28,8,random,0.8666666666666665,0.40074906367041196,0.4444444444444444,0.5833333333333334,0.4285714285714286,0.9523809523809524,28,34,0.8928571428571429
progressive/rome_benchmark/grafo141.28,28,8,spectral,0.8478260869565217,0.7602996254681648,0.4444444444444444,0.4444444444444444,0.32142857142857145,0.9523809523809524,28,34,0.8571428571428571
progressive/rome_benchmark/grafo141.28,31,9,degree,0.8999999999999998,1.0,0.4444444444444444,0.625,0.625,0.6666666666666666,28,34,0.8928571428571429
progressive/rome_benchmark/grafo141.28,31,9,closeness,0.8769230769230769,1.0,0.4444444444444444,0.9166666666666666,0.32142857142857145,0.7857142857142857,28,34,0.9285714285714286
progressive/rome_benchmark/grafo141.28,31,9,betweeness,0.8769230769230769,1.0,0.4444444444444444,0.9166666666666666,0.32142857142857145,0.7857142857142857,28,34,0.9285714285714286
progressive/rome_benchmark/grafo141.28,31,9,rmc,0.8461538461538463,0.7237977805178791,0.4444444444444444,0.625,0.625,0.6666666666666666,28,34,0.9285714285714286
progressive/rome_benchmark/grafo141.28,31,9,random,0.7891737891737892,0.7326968973747017,0.4444444444444444,0.4444444444444444,0.4444444444444444,1.0,28,34,0.9642857142857143
progressive/rome_benchmark/grafo141.28,31,9,spectral,0.8461538461538463,0.7237977805178791,0.4444444444444444,0.625,0.625,0.6666666666666666,28,34,0.9285714285714286
progressive/rome_benchmark/grafo141.28,34,10,degree,1.0,1.0,0.4444444444444444,0.4444444444444444,0.4444444444444444,1.0,28,34,1.0
progressive/rome_benchmark/grafo141.28,34,10,closeness,1.0,1.0,0.4444444444444444,0.4444444444444444,0.4444444444444444,1.0,28,34,1.0
progressive/rome_benchmark/grafo141.28,34,10,betweeness,1.0,1.0,0.4444444444444444,0.4444444444444444,0.4444444444444444,1.0,28,34,1.0
progressive/rome_benchmark/grafo141.28,34,10,rmc,1.0,1.0,0.4444444444444444,0.4444444444444444,0.4444444444444444,1.0,28,34,1.0
progressive/rome_benchmark/grafo141.28,34,10,random,1.0,1.0,0.4444444444444444,0.4444444444444444,0.4444444444444444,1.0,28,34,1.0
progressive/rome_benchmark/grafo141.28,34,10,spectral,1.0,1.0,0.4444444444444444,0.4444444444444444,0.4444444444444444,1.0,28,34,1.0
progressive/rome_benchmark/grafo10657.39,5,1,degree,-0.06666666666666665,-0.5,0.375,0,0,0.0,39,50,0.15384615384615385
progressive/rome_benchmark/grafo10657.39,5,1,closeness,0.3333333333333333,0.0,0.375,3.0,0.3333333333333333,0.05,39,50,0.15384615384615385
progressive/rome_benchmark/grafo10657.39,5,1,betweeness,0.23809523809523814,0.0,0.375,3.0,0.3333333333333333,0.05,39,50,0.1794871794871795
progressive/rome_benchmark/grafo10657.39,5,1,rmc,-0.4666666666666666,-0.5,0.375,0,0,0.0,39,50,0.15384615384615385
progressive/rome_benchmark/grafo10657.39,5,1,random,0.6190476190476191,0.0,0.375,3.0,3.0,0.0,39,50,0.1794871794871795
progressive/rome_benchmark/grafo10657.39,5,1,spectral,0.4666666666666666,0.0,0.375,4.0,4.0,0.0,39,50,0.15384615384615385
progressive/rome_benchmark/grafo10657.39,10,2,degree,0.45454545454545453,0.0,0.375,3.0,0.225,0.05,39,50,0.28205128205128205
progressive/rome_benchmark/grafo10657.39,10,2,closeness,0.4222222222222222,-0.5,0.375,0,0,0.0,39,50,0.2564102564102564
progressive/rome_benchmark/grafo10657.39,10,2,betweeness,0.23636363636363636,0.0,0.375,3.5,0.8333333333333334,0.05,39,50,0.28205128205128205
progressive/rome_benchmark/grafo10657.39,10,2,rmc,0.3090909090909091,0.0,0.375,3.5,0.16666666666666666,0.0,39,50,0.28205128205128205
progressive/rome_benchmark/grafo10657.39,10,2,random,0.2727272727272727,0.0,0.375,3.0,0.09375,0.05,39,50,0.28205128205128205
progressive/rome_benchmark/grafo10657.39,10,2,spectral,0.5636363636363636,0.0,0.375,4.0,4.0,0.0,39,50,0.28205128205128205
progressive/rome_benchmark/grafo10657.39,15,3,degree,0.6703296703296704,0.0,0.375,3.0,1.125,0.05,39,50,0.358974358974359
progressive/rome_benchmark/grafo10657.39,15,3,closeness,0.3523809523809524,0.0,0.375,3.0,0.75,0.0,39,50,0.38461538461538464
progressive/rome_benchmark/grafo10657.39,15,3,betweeness,0.6190476190476191,0.0,0.375,3.0,1.125,0.05,39,50,0.38461538461538464
progressive/rome_benchmark/grafo10657.39,15,3,rmc,0.5333333333333333,0.0,0.375,3.0,0.5,0.05,39,50,0.41025641025641024
progressive/rome_benchmark/grafo10657.39,15,3,random,0.7166666666666667,-0.5,0.375,0,0,0.0,39,50,0.41025641025641024
progressive/rome_benchmark/grafo10657.39,15,3,spectral,0.6,0.0,0.375,1.375,0.8333333333333334,0.0,39,50,0.41025641025641024
progressive/rome_benchmark/grafo10657.39,20,4,degree,0.5321637426900584,0.0,0.375,3.0,0.75,0.05,39,50,0.48717948717948717
progressive/rome_benchmark/grafo10657.39,20,4,closeness,0.5555555555555555,0.0,0.375,3.0,1.125,0.0,39,50,0.48717948717948717
progressive/rome_benchmark/grafo10657.39,20,4,betweeness,0.7058823529411764,0.0,0.375,3.0,0.75,0.0,39,50,0.4358974358974359
progressive/rome_benchmark/grafo10657.39,20,4,rmc,0.5789473684210527,0.0,0.375,3.0,0.7777777777777778,0.0,39,50,0.5128205128205128
progressive/rome_benchmark/grafo10657.39,20,4,random,0.4805194805194805,1.0,0.375,3.3333333333333335,0.5416666666666666,0.175,39,50,0.5641025641025641
progressive/rome_benchmark/grafo10657.39,20,4,spectral,0.5578947368421052,0.0,0.375,3.5,0.8333333333333334,0.05,39,50,0.5128205128205128
progressive/rome_benchmark/grafo10657.39,25,5,degree,0.6594202898550725,0.0,0.375,3.0,0.5,0.05,39,50,0.6153846153846154
progressive/rome_benchmark/grafo10657.39,25,5,closeness,0.6190476190476191,0.0,0.375,3.0,0.75,0.0,39,50,0.5641025641025641
progressive/rome_benchmark/grafo10657.39,25,5,betweeness,0.5797101449275361,-0.5,0.375,0,0,0.0,39,50,0.6153846153846154
progressive/rome_benchmark/grafo10657.39,25,5,rmc,0.8476190476190477,-0.5,0.375,0,0,0.0,39,50,0.5384615384615384
progressive/rome_benchmark/grafo10657.39,25,5,random,0.5876923076923077,0.33333333333333337,0.375,0.3333333333333333,0.3333333333333333,0.25,39,50,0.6666666666666666
progressive/rome_benchmark/grafo10657.39,25,5,spectral,0.6442687747035574,0.3333333333333334,0.375,0.625,0.20833333333333334,0.3,39,50,0.5897435897435898
progressive/rome_benchmark/grafo10657.39,30,6,degree,0.6825396825396826,0.0,0.375,3.0,0.3333333333333333,0.0,39,50,0.717948717948718
progressive/rome_benchmark/grafo10657.39,30,6,closeness,0.6246153846153847,0.0,0.375,0.75,0.75,0.0,39,50,0.6666666666666666
progressive/rome_benchmark/grafo10657.39,30,6,betweeness,0.6524216524216525,-0.5,0.375,0,0,0.0,39,50,0.6923076923076923
progressive/rome_benchmark/grafo10657.39,30,6,rmc,0.7733333333333332,0.0,0.375,0.75,0.75,0.0,39,50,0.6410256410256411
progressive/rome_benchmark/grafo10657.39,30,6,random,0.6492307692307693,0.0,0.375,0.75,0.75,0.0,39,50,0.6666666666666666
progressive/rome_benchmark/grafo10657.39,30,6,spectral,0.6369230769230769,1.0,0.375,0.5,0.25,0.375,39,50,0.6666666666666666
progressive/rome_benchmark/grafo10657.39,35,7,degree,0.6989247311827959,1.0,0.375,0.4375,0.20833333333333334,0.25,39,50,0.7948717948717948
progressive/rome_benchmark/grafo10657.39,35,7,closeness,0.67816091954023,1.0,0.375,0.3333333333333333,0.3333333333333333,0.25,39,50,0.7692307692307693
progressive/rome_benchmark/grafo10657.39,35,7,betweeness,0.6774193548387097,1.0,0.375,0.3333333333333333,0.3333333333333333,0.25,39,50,0.7948717948717948
progressive/rome_benchmark/grafo10657.39,35,7,rmc,0.8226600985221674,1.0,0.375,0.17222222222222225,0.17222222222222225,0.25,39,50,0.7435897435897436
progressive/rome_benchmark/grafo10657.39,35,7,random,0.7241379310344828,1.0,0.375,0.6666666666666666,0.6666666666666666,0.25,39,50,0.7692307692307693
progressive/rome_benchmark/grafo10657.39,35,7,spectral,0.8306878306878307,1.0,0.375,0.24,0.19444444444444445,0.5,39,50,0.717948717948718
progressive/rome_benchmark/grafo10657.39,40,8,degree,0.7878787878787878,0.6966292134831461,0.375,0.27999999999999997,0.17142857142857143,0.75,39,50,0.8461538461538461
progressive/rome_benchmark/grafo10657.39,40,8,closeness,0.7825311942959003,1.0,0.375,0.3333333333333333,0.3333333333333333,0.25,39,50,0.8717948717948718
progressive/rome_benchmark/grafo10657.39,40,8,betweeness,0.7478991596638656,1.0,0.375,0.3333333333333333,0.3333333333333333,0.25,39,50,0.8974358974358975
progressive/rome_benchmark/grafo10657.39,40,8,rmc,0.8143939393939394,1.0,0.375,0.3125,0.3125,0.5,39,50,0.8461538461538461
progressive/rome_benchmark/grafo10657.39,40,8,random,0.6827094474153299,0.33333333333333337,0.375,0.5,0.3125,0.5,39,50,0.8717948717948718
progressive/rome_benchmark/grafo10657.39,40,8,spectral,0.8588709677419356,1.0,0.375,0.31875,0.25,0.75,39,50,0.8205128205128205
progressive/rome_benchmark/grafo10657.39,45,9,degree,0.8984126984126984,0.6966292134831461,0.375,0.2833333333333333,0.2285714285714286,0.75,39,50,0.9230769230769231
progressive/rome_benchmark/grafo10657.39,45,9,closeness,0.8528528528528528,1.0,0.375,0.3333333333333333,0.3333333333333333,0.25,39,50,0.9487179487179487
progressive/rome_benchmark/grafo10657.39,45,9,betweeness,0.8618618618618619,1.0,0.375,0.6666666666666666,0.6666666666666666,0.25,39,50,0.9487179487179487
progressive/rome_benchmark/grafo10657.39,45,9,rmc,0.8666666666666668,0.40083217753120665,0.375,0.28125,0.2,1.0,39,50,0.9230769230769231
progressive/rome_benchmark/grafo10657.39,45,9,random,0.9111111111111112,1.0,0.375,0.1742857142857143,0.1742857142857143,0.75,39,50,0.9230769230769231
progressive/rome_benchmark/grafo10657.39,45,9,spectral,0.9142857142857144,1.0,0.375,0.21333333333333332,0.21333333333333332,0.7291666666666666,39,50,0.9230769230769231
progressive/rome_benchmark/grafo10657.39,50,10,degree,1.0,1.0,0.375,0.375,0.375,1.0,39,50,1.0
progressive/rome_benchmark/grafo10657.39,50,10,closeness,1.0,1.0,0.375,0.375,0.375,1.0,39,50,1.0
progressive/rome_benchmark/grafo10657.39,50,10,betweeness,1.0,1.0,0.375,0.375,0.375,1.0,39,50,1.0
progressive/rome_benchmark/grafo10657.39,50,10,rmc,1.0,1.0,0.375,0.375,0.375,1.0,39,50,1.0
progressive/rome_benchmark/grafo10657.39,50,10,random,1.0,1.0,0.375,0.375,0.375,1.0,39,50,1.0
progressive/rome_benchmark/grafo10657.39,50,10,spectral,1.0,1.0,0.375,0.375,0.375,1.0,39,50,1.0
progressive/rome_benchmark/grafo5742.39,6,1,degree,0.33333333333333337,-0.3333333333333332,0.2708333333333333,5.0,0.2,0.17083333333333334,39,56,0.1794871794871795
progressive/rome_benchmark/grafo5742.39,6,1,closeness,0.21428571428571427,0.0,0.2708333333333333,3.0,0.75,0.03571428571428571,39,56,0.20512820512820512
progressive/rome_benchmark/grafo5742.39,6,1,betweeness,0.5238095238095238,0.0,0.2708333333333333,3.0,0.3125,0.03571428571428571,39,56,0.1794871794871795
progressive/rome_benchmark/grafo5742.39,6,1,rmc,0.9047619047619049,1.0,0.2708333333333333,3.0,0.75,0.09375,39,56,0.1794871794871795
progressive/rome_benchmark/grafo5742.39,6,1,random,0.4444444444444444,1.0,0.2708333333333333,3.0,0.75,0.09375,39,56,0.23076923076923078
progressive/rome_benchmark/grafo5742.39,6,1,spectral,0.9047619047619049,1.0,0.2708333333333333,3.0,0.75,0.09375,39,56,0.1794871794871795
progressive/rome_benchmark/grafo5742.39,12,2,degree,0.2424242424242424,1.0,0.2708333333333333,4.0,0.21428571428571427,0.20654761904761904,39,56,0.3076923076923077
progressive/rome_benchmark/grafo5742.39,12,2,closeness,0.3333333333333333,0.0,0.2708333333333333,1.4166666666666667,0.28888888888888886,0.03571428571428571,39,56,0.3076923076923077
progressive/rome_benchmark/grafo5742.39,12,2,betweeness,0.2727272727272727,0.0,0.2708333333333333,1.125,0.3125,0.03571428571428571,39,56,0.3076923076923077
progressive/rome_benchmark/grafo5742.39,12,2,rmc,0.7948717948717947,1.0,0.2708333333333333,5.0,1.25,0.15625,39,56,0.3333333333333333
progressive/rome_benchmark/grafo5742.39,12,2,random,0.3846153846153845,0.0,0.2708333333333333,3.0,0.75,0.03571428571428571,39,56,0.3333333333333333
progressive/rome_benchmark/grafo5742.39,12,2,spectral,0.4848484848484848,1.0,0.2708333333333333,5.0,1.25,0.15625,39,56,0.3076923076923077
progressive/rome_benchmark/grafo5742.39,17,3,degree,0.38333333333333336,0.33333333333333337,0.2708333333333333,1.4166666666666667,0.04722222222222223,0.20654761904761904,39,56,0.41025641025641024
progressive/rome_benchmark/grafo5742.39,17,3,closeness,0.5686274509803922,0.0,0.2708333333333333,0.7222222222222222,0.28888888888888886,0.03571428571428571,39,56,0.46153846153846156
progressive/rome_benchmark/grafo5742.39,17,3,betweeness,0.5735294117647058,0.0,0.2708333333333333,1.25,0.26666666666666666,0.060714285714285714,39,56,0.4358974358974359
progressive/rome_benchmark/grafo5742.39,17,3,rmc,0.6029411764705882,0.7419354838709677,0.2708333333333333,4.0,0.6666666666666666,0.34375,39,56,0.4358974358974359
progressive/rome_benchmark/grafo5742.39,17,3,random,0.338235294117647,0.0,0.2708333333333333,3.6666666666666665,0.1419753086419753,0.2857142857142857,39,56,0.4358974358974359
progressive/rome_benchmark/grafo5742.39,17,3,spectral,0.6,1.0,0.2708333333333333,3.5,0.35,0.2232142857142857,39,56,0.41025641025641024
progressive/rome_benchmark/grafo5742.39,23,4,degree,0.542483660130719,1.0,0.2708333333333333,3.0,0.12272727272727274,0.47946428571428573,39,56,0.46153846153846156
progressive/rome_benchmark/grafo5742.39,23,4,closeness,0.5757575757575758,1.0,0.2708333333333333,1.0,1.0,0.125,39,56,0.5641025641025641
progressive/rome_benchmark/grafo5742.39,23,4,betweeness,0.6536796536796536,1.0,0.2708333333333333,0.5,0.3125,0.09375,39,56,0.5641025641025641
progressive/rome_benchmark/grafo5742.39,23,4,rmc,0.6380952380952382,0.9333333333333333,0.2708333333333333,5.5,0.9166666666666666,0.3875,39,56,0.5384615384615384
progressive/rome_benchmark/grafo5742.39,23,4,random,0.5064935064935064,0.2857142857142857,0.2708333333333333,2.8333333333333335,1.0,0.3607142857142857,39,56,0.5641025641025641
progressive/rome_benchmark/grafo5742.39,23,4,spectral,0.5324675324675324,0.8095238095238095,0.2708333333333333,3.8333333333333335,0.38333333333333336,0.2544642857142857,39,56,0.5641025641025641
progressive/rome_benchmark/grafo5742.39,28,5,degree,0.5619047619047619,0.905942867640305,0.2708333333333333,2.7857142857142856,0.27579365079365076,0.5107142857142857,39,56,0.5384615384615384
progressive/rome_benchmark/grafo5742.39,28,5,closeness,0.7066666666666666,1.0,0.2708333333333333,2.0,2.0,0.19791666666666666,39,56,0.6410256410256411
progressive/rome_benchmark/grafo5742.39,28,5,betweeness,0.7199999999999999,1.0,0.2708333333333333,1.75,1.75,0.1607142857142857,39,56,0.6410256410256411
progressive/rome_benchmark/grafo5742.39,28,5,rmc,0.5217391304347826,0.9449035812672176,0.2708333333333333,5.0,0.2708333333333333,0.4544642857142857,39,56,0.6153846153846154
progressive/rome_benchmark/grafo5742.39,28,5,random,0.6133333333333332,0.11730545876887342,0.2708333333333333,1.4375,0.21428571428571427,0.49375,39,56,0.6410256410256411
progressive/rome_benchmark/grafo5742.39,28,5,spectral,0.5133333333333333,0.9261992619926199,0.2708333333333333,4.5,0.42000000000000004,0.4375,39,56,0.6410256410256411
progressive/rome_benchmark/grafo5742.39,34,6,degree,0.6600790513833992,0.9925419515226849,0.2708333333333333,1.125,1.125,0.6107142857142858,39,56,0.5897435897435898
progressive/rome_benchmark/grafo5742.39,34,6,closeness,0.632183908045977,0.9970134395221503,0.2708333333333333,0.5416666666666666,0.390625,0.4419642857142857,39,56,0.7692307692307693
progressive/rome_benchmark/grafo5742.39,34,6,betweeness,0.6367816091954024,0.9649122807017544,0.2708333333333333,0.4861111111111111,0.34375,0.3169642857142857,39,56,0.7692307692307693
progressive/rome_benchmark/grafo5742.39,34,6,rmc,0.5238095238095238,0.9061302681992337,0.2708333333333333,3.875,0.25,0.4544642857142857,39,56,0.717948717948718
progressive/rome_benchmark/grafo5742.39,34,6,random,0.7379310344827587,0.807829181494662,0.2708333333333333,3.0,0.5555555555555556,0.4208333333333333,39,56,0.7692307692307693
progressive/rome_benchmark/grafo5742.39,34,6,spectral,0.6553846153846153,0.929237785916661,0.2708333333333333,0.7999999999999999,0.525,0.6607142857142857,39,56,0.6666666666666666
progressive/rome_benchmark/grafo5742.39,40,7,degree,0.8338461538461538,0.9468765371372356,0.2708333333333333,0.41666666666666663,0.2708333333333333,0.5482142857142858,39,56,0.6666666666666666
progressive/rome_benchmark/grafo5742.39,40,7,closeness,0.7505376344086023,1.0,0.2708333333333333,0.31,0.25,0.4732142857142857,39,56,0.7948717948717948
progressive/rome_benchmark/grafo5742.39,40,7,betweeness,0.7661290322580647,1.0,0.2708333333333333,0.15476190476190474,0.1,0.4107142857142857,39,56,0.8205128205128205
progressive/rome_benchmark/grafo5742.39,40,7,rmc,0.7407407407407407,0.9987873071481507,0.2708333333333333,0.8333333333333334,0.8333333333333334,0.6375,39,56,0.717948717948718
progressive/rome_benchmark/grafo5742.39,40,7,random,0.7007575757575757,0.9094919595844599,0.2708333333333333,0.5,0.2722222222222222,0.65625,39,56,0.8461538461538461
progressive/rome_benchmark/grafo5742.39,40,7,spectral,0.7566137566137565,1.0,0.2708333333333333,1.25,1.25,0.6732142857142858,39,56,0.717948717948718
progressive/rome_benchmark/grafo5742.39,45,8,degree,0.8185483870967744,0.8076404494382022,0.2708333333333333,0.25666666666666665,0.13148148148148148,0.7625,39,56,0.8205128205128205
progressive/rome_benchmark/grafo5742.39,45,8,closeness,0.8039215686274511,0.7814634146341463,0.2708333333333333,0.10158730158730159,0.06153846153846154,0.525,39,56,0.8717948717948718
progressive/rome_benchmark/grafo5742.39,45,8,betweeness,0.8184873949579833,1.0,0.2708333333333333,0.11458333333333333,0.06770833333333333,0.525,39,56,0.8974358974358975
progressive/rome_benchmark/grafo5742.39,45,8,rmc,0.8623655913978495,1.0,0.2708333333333333,0.9444444444444445,0.9444444444444445,0.6375,39,56,0.7948717948717948
progressive/rome_benchmark/grafo5742.39,45,8,random,0.8095238095238096,0.965524579697808,0.2708333333333333,0.48611111111111116,0.25462962962962965,0.6208333333333333,39,56,0.9230769230769231
progressive/rome_benchmark/grafo5742.39,45,8,spectral,0.8623655913978495,1.0,0.2708333333333333,0.9444444444444445,0.9444444444444445,0.6375,39,56,0.7948717948717948
progressive/rome_benchmark/grafo5742.39,51,9,degree,0.8761904761904762,0.7420765027322405,0.2708333333333333,0.35416666666666663,0.19047619047619047,0.8125,39,56,0.9230769230769231
progressive/rome_benchmark/grafo5742.39,51,9,closeness,0.8748221906116644,1.0,0.2708333333333333,0.15228174603174602,0.1279761904761905,0.625,39,56,0.9743589743589743
progressive/rome_benchmark/grafo5742.39,51,9,betweeness,0.891891891891892,1.0,0.2708333333333333,0.1171875,0.08958333333333333,0.8125,39,56,0.9743589743589743
progressive/rome_benchmark/grafo5742.39,51,9,rmc,0.9428571428571428,1.0,0.2708333333333333,0.24739583333333334,0.24739583333333334,0.8999999999999999,39,56,0.8974358974358975
progressive/rome_benchmark/grafo5742.39,51,9,random,0.9146514935988621,1.0,0.2708333333333333,0.2517857142857143,0.21614583333333334,0.91875,39,56,0.9743589743589743
progressive/rome_benchmark/grafo5742.39,51,9,spectral,0.9428571428571428,1.0,0.2708333333333333,0.24739583333333334,0.24739583333333334,0.8999999999999999,39,56,0.8974358974358975
progressive/rome_benchmark/grafo5742.39,56,10,degree,1.0,1.0,0.2708333333333333,0.2708333333333333,0.2708333333333333,1.0,39,56,1.0
progressive/rome_benchmark/grafo5742.39,56,10,closeness,1.0,1.0,0.2708333333333333,0.2708333333333333,0.2708333333333333,1.0,39,56,1.0
progressive/rome_benchmark/grafo5742.39,56,10,betweeness,1.0,1.0,0.2708333333333333,0.2708333333333333,0.2708333333333333,1.0,39,56,1.0
progressive/rome_benchmark/grafo5742.39,56,10,rmc,1.0,1.0,0.2708333333333333,0.2708333333333333,0.2708333333333333,1.0,39,56,1.0
progressive/rome_benchmark/grafo5742.39,56,10,random,1.0,1.0,0.2708333333333333,0.2708333333333333,0.2708333333333333,1.0,39,56,1.0
progressive/rome_benchmark/grafo5742.39,56,10,spectral,1.0,1.0,0.2708333333333333,0.2708333333333333,0.2708333333333333,1.0,39,56,1.0
progressive/rome_benchmark/grafo3978.47,6,1,degree,0.33333333333333337,-0.33333333333333326,1.0,5.0,0.5555555555555556,0.8,47,54,0.14893617021276595
progressive/rome_benchmark/grafo3978.47,6,1,closeness,0.7142857142857142,-0.5,1.0,0,0,0.0,47,54,0.1702127659574468
progressive/rome_benchmark/grafo3978.47,6,1,betweeness,0.6190476190476191,0.0,1.0,3.0,0.46875,0.0,47,54,0.14893617021276595
progressive/rome_benchmark/grafo3978.47,6,1,rmc,0.5714285714285714,-0.5,1.0,0,0,0.0,47,54,0.1702127659574468
progressive/rome_benchmark/grafo3978.47,6,1,random,-0.07142857142857142,-0.5,1.0,0,0,0.0,47,54,0.1702127659574468
progressive/rome_benchmark/grafo3978.47,6,1,spectral,0.7142857142857142,-0.5,1.0,0,0,0.0,47,54,0.1702127659574468
progressive/rome_benchmark/grafo3978.47,11,2,degree,0.606060606060606,1.0,1.0,5.0,5.0,0.8,47,54,0.2553191489361702
progressive/rome_benchmark/grafo3978.47,11,2,closeness,0.7523809523809525,0.0,1.0,3.0,3.0,0.0,47,54,0.3191489361702128
progressive/rome_benchmark/grafo3978.47,11,2,betweeness,0.6969696969696969,0.0,1.0,3.0,1.25,0.0,47,54,0.2553191489361702
progressive/rome_benchmark/grafo3978.47,11,2,rmc,0.25641025641025633,-0.5,1.0,0,0,0.0,47,54,0.2765957446808511
progressive/rome_benchmark/grafo3978.47,11,2,random,0.4848484848484848,0.0,1.0,4.0,0.25,0.0,47,54,0.2553191489361702
progressive/rome_benchmark/grafo3978.47,11,2,spectral,0.4871794871794871,-0.5,1.0,0,0,0.0,47,54,0.2765957446808511
progressive/rome_benchmark/grafo3978.47,17,3,degree,0.5672514619883041,1.0,1.0,4.5,4.5,0.8,47,54,0.40425531914893614
progressive/rome_benchmark/grafo3978.47,17,3,closeness,0.761904761904762,0.0,1.0,3.0,1.125,0.0,47,54,0.44680851063829785
progressive/rome_benchmark/grafo3978.47,17,3,betweeness,0.8245614035087718,0.0,1.0,4.0,4.0,0.0,47,54,0.40425531914893614
progressive/rome_benchmark/grafo3978.47,17,3,rmc,0.673202614379085,0.0,1.0,4.0,4.0,0.0,47,54,0.3829787234042553
progressive/rome_benchmark/grafo3978.47,17,3,random,0.6470588235294118,1.0,1.0,4.0,4.0,0.8,47,54,0.3617021276595745
progressive/rome_benchmark/grafo3978.47,17,3,spectral,0.5906432748538012,0.0,1.0,3.0,0.225,0.0,47,54,0.40425531914893614
progressive/rome_benchmark/grafo3978.47,22,4,degree,0.6363636363636365,1.0,1.0,4.666666666666667,4.666666666666667,0.8,47,54,0.48936170212765956
progressive/rome_benchmark/grafo3978.47,22,4,closeness,0.7266666666666666,0.0,1.0,3.5,1.375,0.0,47,54,0.5319148936170213
progressive/rome_benchmark/grafo3978.47,22,4,betweeness,0.7470355731225297,0.0,1.0,3.5,1.375,0.0,47,54,0.48936170212765956
progressive/rome_benchmark/grafo3978.47,22,4,rmc,0.6666666666666667,0.0,1.0,4.0,4.0,0.0,47,54,0.5106382978723404
progressive/rome_benchmark/grafo3978.47,22,4,random,0.6014492753623188,0.0,1.0,3.5,1.375,0.0,47,54,0.5106382978723404
progressive/rome_benchmark/grafo3978.47,22,4,spectral,0.6449275362318841,0.0,1.0,3.5,0.59375,0.0,47,54,0.5106382978723404
progressive/rome_benchmark/grafo3978.47,27,5,degree,0.656084656084656,1.0,1.0,4.25,1.9375,0.8,47,54,0.5957446808510638
progressive/rome_benchmark/grafo3978.47,27,5,closeness,0.7093596059113298,0.0,1.0,4.0,4.0,0.0,47,54,0.6170212765957447
progressive/rome_benchmark/grafo3978.47,27,5,betweeness,0.7093596059113298,0.0,1.0,4.0,4.0,0.0,47,54,0.6170212765957447
progressive/rome_benchmark/grafo3978.47,27,5,rmc,0.7290640394088669,0.0,1.0,0.75,0.1875,0.0,47,54,0.6170212765957447
progressive/rome_benchmark/grafo3978.47,27,5,random,0.6600985221674877,0.0,1.0,1.25,0.5625,0.0,47,54,0.6170212765957447
progressive/rome_benchmark/grafo3978.47,27,5,spectral,0.8461538461538463,0.0,1.0,4.0,4.0,0.0,47,54,0.574468085106383
progressive/rome_benchmark/grafo3978.47,33,6,degree,0.7655172413793103,1.0,1.0,4.5,4.5,0.8,47,54,0.6382978723404256
progressive/rome_benchmark/grafo3978.47,33,6,closeness,0.6814516129032259,1.0,1.0,1.5833333333333333,1.5833333333333333,0.8,47,54,0.6808510638297872
progressive/rome_benchmark/grafo3978.47,33,6,betweeness,0.6814516129032259,1.0,1.0,1.5833333333333333,1.5833333333333333,0.8,47,54,0.6808510638297872
progressive/rome_benchmark/grafo3978.47,33,6,rmc,0.8039215686274511,-0.5,1.0,0,0,0.0,47,54,0.723404255319149
progressive/rome_benchmark/grafo3978.47,33,6,random,0.6856060606060606,1.0,1.0,3.5,1.5625,0.8,47,54,0.7021276595744681
progressive/rome_benchmark/grafo3978.47,33,6,spectral,0.7424242424242423,-1.0,1.0,3.0,0.3333333333333333,0.4,47,54,0.7021276595744681
progressive/rome_benchmark/grafo3978.47,38,7,degree,0.7860962566844921,1.0,1.0,0.4166666666666667,0.4166666666666667,0.75,47,54,0.723404255319149
progressive/rome_benchmark/grafo3978.47,38,7,closeness,0.7983193277310924,1.0,1.0,1.625,1.625,0.8,47,54,0.7446808510638298
progressive/rome_benchmark/grafo3978.47,38,7,betweeness,0.7983193277310924,1.0,1.0,1.625,1.625,0.8,47,54,0.7446808510638298
progressive/rome_benchmark/grafo3978.47,38,7,rmc,0.7837837837837839,-0.5,1.0,0,0,0.0,47,54,0.8085106382978723
progressive/rome_benchmark/grafo3978.47,38,7,random,0.7777777777777778,1.0,1.0,1.0,1.0,1.0,47,54,0.7659574468085106
progressive/rome_benchmark/grafo3978.47,38,7,spectral,0.8095238095238096,1.0,1.0,0.375,0.20833333333333334,0.75,47,54,0.7659574468085106
progressive/rome_benchmark/grafo3978.47,44,8,degree,0.8776671408250356,1.0,1.0,1.0,1.0,1.0,47,54,0.8085106382978723
progressive/rome_benchmark/grafo3978.47,44,8,closeness,0.8512820512820514,1.0,1.0,1.0,1.0,1.0,47,54,0.851063829787234
progressive/rome_benchmark/grafo3978.47,44,8,betweeness,0.8512820512820514,1.0,1.0,1.0,1.0,1.0,47,54,0.851063829787234
progressive/rome_benchmark/grafo3978.47,44,8,rmc,0.832752613240418,0.0,1.0,3.0,3.0,0.0,47,54,0.8936170212765957
progressive/rome_benchmark/grafo3978.47,44,8,random,0.8256410256410257,1.0,1.0,1.25,1.25,1.0,47,54,0.851063829787234
progressive/rome_benchmark/grafo3978.47,44,8,spectral,0.9374110953058322,1.0,1.0,0.5833333333333334,0.275,1.0,47,54,0.8085106382978723
progressive/rome_benchmark/grafo3978.47,49,9,degree,0.9006342494714586,1.0,1.0,1.0,1.0,1.0,47,54,0.9361702127659575
progressive/rome_benchmark/grafo3978.47,49,9,closeness,0.9047619047619048,1.0,1.0,1.0,1.0,1.0,47,54,0.9148936170212766
progressive/rome_benchmark/grafo3978.47,49,9,betweeness,0.9047619047619048,1.0,1.0,1.0,1.0,1.0,47,54,0.9148936170212766
progressive/rome_benchmark/grafo3978.47,49,9,rmc,0.8909090909090909,0.0,1.0,3.0,3.0,0.0,47,54,0.9574468085106383
progressive/rome_benchmark/grafo3978.47,49,9,random,0.9778516057585825,1.0,1.0,1.0,1.0,1.0,47,54,0.9148936170212766
progressive/rome_benchmark/grafo3978.47,49,9,spectral,0.9767711962833914,1.0,1.0,1.0,1.0,1.0,47,54,0.8936170212765957
progressive/rome_benchmark/grafo3978.47,54,10,degree,1.0,1.0,1.0,1.0,1.0,1.0,47,54,1.0
progressive/rome_benchmark/grafo3978.47,54,10,closeness,1.0,1.0,1.0,1.0,1.0,1.0,47,54,1.0
progressive/rome_benchmark/grafo3978.47,54,10,betweeness,1.0,1.0,1.0,1.0,1.0,1.0,47,54,1.0
progressive/rome_benchmark/grafo3978.47,54,10,rmc,1.0,1.0,1.0,1.0,1.0,1.0,47,54,1.0
progressive/rome_benchmark/grafo3978.47,54,10,random,1.0,1.0,1.0,1.0,1.0,1.0,47,54,1.0
progressive/rome_benchmark/grafo3978.47,54,10,spectral,1.0,1.0,1.0,1.0,1.0,1.0,47,54,1.0
progressive/rome_benchmark/grafo1110.20,3,1,degree,1.0,1.0,0.6666666666666666,3.0,0.75,0.375,20,22,0.2
progressive/rome_benchmark/grafo1110.20,3,1,closeness,0.19999999999999998,-0.5,0.6666666666666666,0,0,0.0,20,22,0.25
progressive/rome_benchmark/grafo1110.20,3,1,betweeness,1.0,1.0,0.6666666666666666,3.0,0.75,0.375,20,22,0.2
progressive/rome_benchmark/grafo1110.20,3,1,rmc,1.0,-0.5,0.6666666666666666,0,0,0.0,20,22,0.2
progressive/rome_benchmark/grafo1110.20,3,1,random,0.19999999999999998,-0.5,0.6666666666666666,0,0,0.0,20,22,0.25
progressive/rome_benchmark/grafo1110.20,3,1,spectral,0.19999999999999998,-0.5,0.6666666666666666,0,0,0.0,20,22,0.25
progressive/rome_benchmark/grafo1110.20,5,2,degree,0.4666666666666666,0.0,0.6666666666666666,4.0,1.0,0.5,20,22,0.3
progressive/rome_benchmark/grafo1110.20,5,2,closeness,0.6,-0.5,0.6666666666666666,0,0,0.0,20,22,0.3
progressive/rome_benchmark/grafo1110.20,5,2,betweeness,0.4666666666666666,0.0,0.6666666666666666,4.0,1.0,0.5,20,22,0.3
progressive/rome_benchmark/grafo1110.20,5,2,rmc,0.8666666666666666,-0.5,0.6666666666666666,0,0,0.0,20,22,0.3
progressive/rome_benchmark/grafo1110.20,5,2,random,0.4285714285714286,-0.5,0.6666666666666666,0,0,0.0,20,22,0.35
progressive/rome_benchmark/grafo1110.20,5,2,spectral,0.23809523809523814,1.0,0.6666666666666666,4.0,1.0,0.3,20,22,0.35
progressive/rome_benchmark/grafo1110.20,7,3,degree,0.3888888888888889,0.0,0.6666666666666666,4.0,1.0,0.5,20,22,0.45
progressive/rome_benchmark/grafo1110.20,7,3,closeness,0.8095238095238096,0.6666666666666666,0.6666666666666666,4.0,1.0,0.5,20,22,0.35
progressive/rome_benchmark/grafo1110.20,7,3,betweeness,0.3888888888888889,0.0,0.6666666666666666,4.0,1.0,0.5,20,22,0.45
progressive/rome_benchmark/grafo1110.20,7,3,rmc,0.6428571428571428,-0.5,0.6666666666666666,0,0,0.0,20,22,0.4
progressive/rome_benchmark/grafo1110.20,7,3,random,0.5714285714285714,1.0,0.6666666666666666,3.0,0.75,0.2,20,22,0.4
progressive/rome_benchmark/grafo1110.20,7,3,spectral,0.14285714285714285,1.0,0.6666666666666666,3.0,0.3333333333333333,0.2,20,22,0.4
progressive/rome_benchmark/grafo1110.20,9,4,degree,0.4444444444444444,0.3333333333333333,0.6666666666666666,4.0,0.41666666666666663,1.0,20,22,0.45
progressive/rome_benchmark/grafo1110.20,9,4,closeness,0.6888888888888888,0.6666666666666666,0.6666666666666666,4.0,1.0,0.5,20,22,0.5
progressive/rome_benchmark/grafo1110.20,9,4,betweeness,0.4909090909090909,0.6666666666666666,0.6666666666666666,4.0,1.0,0.5,20,22,0.55
progressive/rome_benchmark/grafo1110.20,9,4,rmc,0.6363636363636364,-0.5,0.6666666666666666,0,0,0.0,20,22,0.55
progressive/rome_benchmark/grafo1110.20,9,4,random,0.45054945054945056,-0.5,0.6666666666666666,0,0,0.0,20,22,0.7
progressive/rome_benchmark/grafo1110.20,9,4,spectral,0.7777777777777778,1.0,0.6666666666666666,1.0,1.0,0.5,20,22,0.45
progressive/rome_benchmark/grafo1110.20,11,5,degree,0.4848484848484848,0.3333333333333333,0.6666666666666666,4.0,0.41666666666666663,1.0,20,22,0.6
progressive/rome_benchmark/grafo1110.20,11,5,closeness,0.5757575757575757,0.6666666666666666,0.6666666666666666,4.0,1.0,0.5,20,22,0.6
progressive/rome_benchmark/grafo1110.20,11,5,betweeness,0.5454545454545454,0.3333333333333333,0.6666666666666666,3.5,0.375,0.875,20,22,0.6
progressive/rome_benchmark/grafo1110.20,11,5,rmc,0.6043956043956044,-0.5,0.6666666666666666,0,0,0.0,20,22,0.7
progressive/rome_benchmark/grafo1110.20,11,5,random,0.5128205128205127,0.0,0.6666666666666666,4.0,0.4444444444444444,0.5,20,22,0.65
progressive/rome_benchmark/grafo1110.20,11,5,spectral,0.5757575757575757,1.0,0.6666666666666666,1.0,1.0,0.5,20,22,0.6
progressive/rome_benchmark/grafo1110.20,14,6,degree,0.6153846153846153,0.4,0.6666666666666666,1.5,0.41666666666666663,1.0,20,22,0.65
progressive/rome_benchmark/grafo1110.20,14,6,closeness,0.5128205128205127,0.6447688564476886,0.6666666666666666,1.375,0.35416666666666663,0.875,20,22,0.65
progressive/rome_benchmark/grafo1110.20,14,6,betweeness,0.5128205128205127,0.6447688564476886,0.6666666666666666,1.375,0.35416666666666663,0.875,20,22,0.65
progressive/rome_benchmark/grafo1110.20,14,6,rmc,0.7333333333333334,-0.3333333333333332,0.6666666666666666,0.75,0.3333333333333333,0.375,20,22,0.75
progressive/rome_benchmark/grafo1110.20,14,6,random,0.7,1.0,0.6666666666666666,1.0,1.0,0.5,20,22,0.8
progressive/rome_benchmark/grafo1110.20,14,6,spectral,0.8181818181818181,0.7333333333333333,0.6666666666666666,1.5,0.41666666666666663,1.0,20,22,0.6
progressive/rome_benchmark/grafo1110.20,16,7,degree,0.6923076923076924,0.5934959349593496,0.6666666666666666,0.5833333333333334,0.35416666666666663,0.875,20,22,0.7
progressive/rome_benchmark/grafo1110.20,16,7,closeness,0.6190476190476191,0.8536585365853658,0.6666666666666666,0.5833333333333334,0.5833333333333334,0.875,20,22,0.75
progressive/rome_benchmark/grafo1110.20,16,7,betweeness,0.6190476190476191,0.8536585365853658,0.6666666666666666,0.5833333333333334,0.5833333333333334,0.875,20,22,0.75
progressive/rome_benchmark/grafo1110.20,16,7,rmc,0.75,0.0,0.6666666666666666,1.0,0.4444444444444444,0.5,20,22,0.8
progressive/rome_benchmark/grafo1110.20,16,7,random,0.6952380952380953,0.6885644768856448,0.6666666666666666,1.375,0.35416666666666663,0.875,20,22,0.75
progressive/rome_benchmark/grafo1110.20,16,7,spectral,0.9120879120879122,1.0,0.6666666666666666,0.6666666666666666,0.6666666666666666,1.0,20,22,0.7
progressive/rome_benchmark/grafo1110.20,18,8,degree,0.7833333333333333,0.8536585365853658,0.6666666666666666,0.5833333333333334,0.5833333333333334,0.875,20,22,0.8
progressive/rome_benchmark/grafo1110.20,18,8,closeness,0.7833333333333333,0.8536585365853658,0.6666666666666666,0.5833333333333334,0.5833333333333334,0.875,20,22,0.8
progressive/rome_benchmark/grafo1110.20,18,8,betweeness,0.7833333333333333,0.8536585365853658,0.6666666666666666,0.5833333333333334,0.5833333333333334,0.875,20,22,0.8
progressive/rome_benchmark/grafo1110.20,18,8,rmc,0.7124183006535948,1.0,0.6666666666666666,1.0,1.0,0.5,20,22,0.9
progressive/rome_benchmark/grafo1110.20,18,8,random,0.8235294117647057,0.7398373983739838,0.6666666666666666,0.5833333333333334,0.35416666666666663,0.875,20,22,0.85
progressive/rome_benchmark/grafo1110.20,18,8,spectral,0.9500000000000001,1.0,0.6666666666666666,0.6666666666666666,0.6666666666666666,1.0,20,22,0.8
progressive/rome_benchmark/grafo1110.20,20,9,degree,0.9215686274509804,1.0,0.6666666666666666,0.5833333333333334,0.5833333333333334,0.875,20,22,0.9
progressive/rome_benchmark/grafo1110.20,20,9,closeness,0.9215686274509804,1.0,0.6666666666666666,0.5833333333333334,0.5833333333333334,0.875,20,22,0.9
progressive/rome_benchmark/grafo1110.20,20,9,betweeness,0.9215686274509804,1.0,0.6666666666666666,0.5833333333333334,0.5833333333333334,0.875,20,22,0.9
progressive/rome_benchmark/grafo1110.20,20,9,rmc,0.9869281045751636,1.0,0.6666666666666666,0.5833333333333334,0.5833333333333334,0.875,20,22,0.9
progressive/rome_benchmark/grafo1110.20,20,9,random,0.9298245614035087,0.8333333333333334,0.6666666666666666,0.6666666666666666,0.41666666666666663,1.0,20,22,0.95
progressive/rome_benchmark/grafo1110.20,20,9,spectral,0.8823529411764707,1.0,0.6666666666666666,0.5555555555555556,0.5555555555555556,1.0,20,22,0.9
progressive/rome_benchmark/grafo1110.20,22,10,degree,1.0,1.0,0.6666666666666666,0.6666666666666666,0.6666666666666666,1.0,20,22,1.0
progressive/rome_benchmark/grafo1110.20,22,10,closeness,1.0,1.0,0.6666666666666666,0.6666666666666666,0.6666666666666666,1.0,20,22,1.0
progressive/rome_benchmark/grafo1110.20,22,10,betweeness,1.0,1.0,0.6666666666666666,0.6666666666666666,0.6666666666666666,1.0,20,22,1.0
progressive/rome_benchmark/grafo1110.20,22,10,rmc,1.0,1.0,0.6666666666666666,0.6666666666666666,0.6666666666666666,1.0,20,22,1.0
progressive/rome_benchmark/grafo1110.20,22,10,random,1.0,1.0,0.6666666666666666,0.6666666666666666,0.6666666666666666,1.0,20,22,1.0
progressive/rome_benchmark/grafo1110.20,22,10,spectral,1.0,1.0,0.6666666666666666,0.6666666666666666,0.6666666666666666,1.0,20,22,1.0
progressive/rome_benchmark/grafo10155.97,13,1,degree,0.6263736263736264,0.20000000000000007,0.1517857142857143,6.0,1.5,0.09375,97,129,0.14432989690721648
progressive/rome_benchmark/grafo10155.97,13,1,closeness,0.3235294117647059,0.0,0.1517857142857143,4.0,0.4444444444444444,0.03645833333333333,97,129,0.17525773195876287
progressive/rome_benchmark/grafo10155.97,13,1,betweeness,0.6483516483516484,0.0,0.1517857142857143,3.6666666666666665,0.4583333333333333,0.0,97,129,0.14432989690721648
progressive/rome_benchmark/grafo10155.97,13,1,rmc,0.39705882352941174,0.0,0.1517857142857143,3.5,0.35416666666666663,0.0,97,129,0.17525773195876287
progressive/rome_benchmark/grafo10155.97,13,1,random,0.3523809523809524,0.0,0.1517857142857143,3.0,0.126984126984127,0.017857142857142856,97,129,0.15463917525773196
progressive/rome_benchmark/grafo10155.97,13,1,spectral,0.4725274725274726,0.3333333333333334,0.1517857142857143,4.0,0.25,0.09375,97,129,0.14432989690721648
progressive/rome_benchmark/grafo10155.97,26,2,degree,0.5866666666666666,1.0,0.1517857142857143,1.875,0.75,0.15625,97,129,0.25773195876288657
progressive/rome_benchmark/grafo10155.97,26,2,closeness,0.3968253968253968,1.0,0.1517857142857143,1.875,0.20089285714285715,0.13293650793650794,97,129,0.28865979381443296
progressive/rome_benchmark/grafo10155.97,26,2,betweeness,0.5199999999999999,0.0,0.1517857142857143,3.0,0.1875,0.04285714285714286,97,129,0.25773195876288657
progressive/rome_benchmark/grafo10155.97,26,2,rmc,0.4274193548387097,0.0,0.1517857142857143,3.0,0.75,0.0,97,129,0.32989690721649484
progressive/rome_benchmark/grafo10155.97,26,2,random,0.513846153846154,1.0,0.1517857142857143,1.5,0.33333333333333337,0.07500000000000001,97,129,0.26804123711340205
progressive/rome_benchmark/grafo10155.97,26,2,spectral,0.3618233618233619,0.0,0.1517857142857143,1.375,0.5833333333333334,0.0,97,129,0.27835051546391754
progressive/rome_benchmark/grafo10155.97,39,3,degree,0.5619047619047619,1.0,0.1517857142857143,0.5,0.5,0.15625,97,129,0.3711340206185567
progressive/rome_benchmark/grafo10155.97,39,3,closeness,0.4844804318488529,0.20000000000000007,0.1517857142857143,0.7222222222222222,0.1763668430335097,0.1324404761904762,97,129,0.4020618556701031
progressive/rome_benchmark/grafo10155.97,39,3,betweeness,0.653781512605042,0.21230769230769236,0.1517857142857143,1.6,0.3055555555555556,0.1532738095238095,97,129,0.36082474226804123
progressive/rome_benchmark/grafo10155.97,39,3,rmc,0.5570321151716501,0.0,0.1517857142857143,0.75,0.4166666666666667,0.0,97,129,0.44329896907216493
progressive/rome_benchmark/grafo10155.97,39,3,random,0.5362731152204837,1.0,0.1517857142857143,0.375,0.0735930735930736,0.1261904761904762,97,129,0.3917525773195876
progressive/rome_benchmark/grafo10155.97,39,3,spectral,0.6095238095238096,0.0,0.1517857142857143,0.85,0.5333333333333333,0.017857142857142856,97,129,0.3711340206185567
progressive/rome_benchmark/grafo10155.97,52,4,degree,0.6241496598639455,1.0,0.1517857142857143,0.375,0.2916666666666667,0.17410714285714285,97,129,0.5051546391752577
progressive/rome_benchmark/grafo10155.97,52,4,closeness,0.5787755102040816,0.20000000000000007,0.1517857142857143,0.625,0.13571428571428573,0.11160714285714285,97,129,0.5154639175257731
progressive/rome_benchmark/grafo10155.97,52,4,betweeness,0.621256038647343,-0.025641025641025595,0.1517857142857143,0.4375,0.13571428571428573,0.17098214285714286,97,129,0.4742268041237113
progressive/rome_benchmark/grafo10155.97,52,4,rmc,0.6038961038961039,0.0,0.1517857142857143,0.75,0.3333333333333333,0.0,97,129,0.5773195876288659
progressive/rome_benchmark/grafo10155.97,52,4,random,0.6096618357487923,1.0,0.1517857142857143,0.3,0.07837301587301586,0.17410714285714285,97,129,0.4742268041237113
progressive/rome_benchmark/grafo10155.97,52,4,spectral,0.6595744680851064,1.0,0.1517857142857143,0.22499999999999998,0.11964285714285713,0.16666666666666666,97,129,0.4845360824742268
progressive/rome_benchmark/grafo10155.97,65,5,degree,0.6817042606516291,0.7647058823529411,0.1517857142857143,0.20408163265306123,0.10926870748299321,0.31785714285714284,97,129,0.5876288659793815
progressive/rome_benchmark/grafo10155.97,65,5,closeness,0.614207650273224,0.21311475409836073,0.1517857142857143,0.4583333333333333,0.33333333333333337,0.15625,97,129,0.6288659793814433
progressive/rome_benchmark/grafo10155.97,65,5,betweeness,0.6558441558441559,0.3066666666666667,0.1517857142857143,0.36666666666666664,0.18253968253968253,0.26785714285714285,97,129,0.5773195876288659
progressive/rome_benchmark/grafo10155.97,65,5,rmc,0.6186480186480187,0.0,0.1517857142857143,1.0,0.4444444444444444,0.0,97,129,0.6804123711340206
progressive/rome_benchmark/grafo10155.97,65,5,random,0.6754385964912282,1.0,0.1517857142857143,0.36,0.2833333333333333,0.21160714285714285,97,129,0.5876288659793815
progressive/rome_benchmark/grafo10155.97,65,5,spectral,0.6754385964912282,0.8,0.1517857142857143,0.34285714285714286,0.34285714285714286,0.10416666666666667,97,129,0.5876288659793815
progressive/rome_benchmark/grafo10155.97,78,6,degree,0.7062937062937062,1.0,0.1517857142857143,0.171875,0.1066468253968254,0.253125,97,129,0.6804123711340206
progressive/rome_benchmark/grafo10155.97,78,6,closeness,0.7023971053821801,0.8412698412698413,0.1517857142857143,0.2569444444444445,0.2113095238095238,0.2513888888888889,97,129,0.6907216494845361
progressive/rome_benchmark/grafo10155.97,78,6,betweeness,0.6935908691834942,0.8412698412698413,0.1517857142857143,0.2569444444444445,0.2113095238095238,0.2513888888888889,97,129,0.7010309278350515
progressive/rome_benchmark/grafo10155.97,78,6,rmc,0.6862284820031298,0.7800687285223368,0.1517857142857143,0.3,0.17063492063492064,0.25,97,129,0.7422680412371134
progressive/rome_benchmark/grafo10155.97,78,6,random,0.6845070422535212,-0.18518518518518512,0.1517857142857143,0.23333333333333334,0.18055555555555555,0.1875,97,129,0.7319587628865979
progressive/rome_benchmark/grafo10155.97,78,6,spectral,0.7057692307692309,0.8190980341044175,0.1517857142857143,0.16262755102040818,0.10161564625850339,0.2916666666666667,97,129,0.6701030927835051
progressive/rome_benchmark/grafo10155.97,91,7,degree,0.7460199925953351,0.941361736242341,0.1517857142857143,0.18375,0.08630952380952382,0.3375,97,129,0.7628865979381443
progressive/rome_benchmark/grafo10155.97,91,7,closeness,0.7799043062200957,0.8947368421052632,0.1517857142857143,0.17619047619047618,0.11279761904761905,0.30625,97,129,0.7938144329896907
progressive/rome_benchmark/grafo10155.97,91,7,betweeness,0.7887719298245615,1.0,0.1517857142857143,0.375,0.375,0.15833333333333333,97,129,0.7835051546391752
progressive/rome_benchmark/grafo10155.97,91,7,rmc,0.7990430622009569,-0.33333333333333326,0.1517857142857143,0.2333333333333333,0.15625,0.14285714285714285,97,129,0.7938144329896907
progressive/rome_benchmark/grafo10155.97,91,7,random,0.7978526471677156,1.0,0.1517857142857143,0.22916666666666666,0.22916666666666666,0.1375,97,129,0.7628865979381443
progressive/rome_benchmark/grafo10155.97,91,7,spectral,0.7363939281747501,0.9148307594035491,0.1517857142857143,0.1480654761904762,0.1480654761904762,0.4666666666666667,97,129,0.7628865979381443
progressive/rome_benchmark/grafo10155.97,104,8,degree,0.8367088607594936,0.8797258124380424,0.1517857142857143,0.13690476190476192,0.12291280148423006,0.39583333333333337,97,129,0.8247422680412371
progressive/rome_benchmark/grafo10155.97,104,8,closeness,0.834733893557423,0.8778057856199738,0.1517857142857143,0.2222222222222222,0.1859410430839002,0.2895833333333333,97,129,0.8762886597938144
progressive/rome_benchmark/grafo10155.97,104,8,betweeness,0.8448179271708683,0.8947368421052632,0.1517857142857143,0.21851851851851853,0.15674603174603172,0.26458333333333334,97,129,0.8762886597938144
progressive/rome_benchmark/grafo10155.97,104,8,rmc,0.9030412526347485,0.8893203306338952,0.1517857142857143,0.12037037037037036,0.10642857142857143,0.475,97,129,0.845360824742268
progressive/rome_benchmark/grafo10155.97,104,8,random,0.8393574297188755,1.0,0.1517857142857143,0.1845238095238095,0.15848214285714285,0.2583333333333333,97,129,0.865979381443299
progressive/rome_benchmark/grafo10155.97,104,8,spectral,0.8791139240506328,1.0,0.1517857142857143,0.12896825396825398,0.12896825396825398,0.59375,97,129,0.8247422680412371
progressive/rome_benchmark/grafo10155.97,117,9,degree,0.9208375893769153,1.0,0.1517857142857143,0.1619047619047619,0.1392857142857143,0.5708333333333333,97,129,0.9175257731958762
progressive/rome_benchmark/grafo10155.97,117,9,closeness,0.933089133089133,1.0,0.1517857142857143,0.18253968253968256,0.15773809523809523,0.7178571428571429,97,129,0.9381443298969072
progressive/rome_benchmark/grafo10155.97,117,9,betweeness,0.9477411477411477,1.0,0.1517857142857143,0.14464285714285713,0.11326530612244898,0.825,97,129,0.9381443298969072
progressive/rome_benchmark/grafo10155.97,117,9,rmc,0.9494382022471911,1.0,0.1517857142857143,0.13950892857142858,0.13950892857142858,0.5,97,129,0.9175257731958762
progressive/rome_benchmark/grafo10155.97,117,9,random,0.8769230769230768,0.9860397267930908,0.1517857142857143,0.135625,0.11123511904761905,0.825,97,129,0.9381443298969072
progressive/rome_benchmark/grafo10155.97,117,9,spectral,0.8871410736579276,1.0,0.1517857142857143,0.14910714285714285,0.14910714285714285,0.625,97,129,0.9278350515463918
progressive/rome_benchmark/grafo10155.97,129,10,degree,1.0,1.0,0.1517857142857143,0.1517857142857143,0.1517857142857143,1.0,97,129,1.0
progressive/rome_benchmark/grafo10155.97,129,10,closeness,1.0,1.0,0.1517857142857143,0.1517857142857143,0.1517857142857143,1.0,97,129,1.0
progressive/rome_benchmark/grafo10155.97,129,10,betweeness,1.0,1.0,0.1517857142857143,0.1517857142857143,0.1517857142857143,1.0,97,129,1.0
progressive/rome_benchmark/grafo10155.97,129,10,rmc,1.0,1.0,0.1517857142857143,0.1517857142857143,0.1517857142857143,1.0,97,129,1.0
progressive/rome_benchmark/grafo10155.97,129,10,random,1.0,1.0,0.1517857142857143,0.1517857142857143,0.1517857142857143,1.0,97,129,1.0
progressive/rome_benchmark/grafo10155.97,129,10,spectral,1.0,1.0,0.1517857142857143,0.1517857142857143,0.1517857142857143,1.0,97,129,1.0
progressive/rome_benchmark/grafo3841.57,8,1,degree,0.16666666666666666,-0.0714285714285714,0.35000000000000003,8.0,0.8888888888888888,0.2,57,77,0.15789473684210525
progressive/rome_benchmark/grafo3841.57,8,1,closeness,0.6923076923076922,-0.5,0.35000000000000003,0,0,0.0,57,77,0.22807017543859648
progressive/rome_benchmark/grafo3841.57,8,1,betweeness,0.5636363636363636,1.0,0.35000000000000003,3.0,3.0,0.1,57,77,0.19298245614035087
progressive/rome_benchmark/grafo3841.57,8,1,rmc,0.30769230769230765,1.0,0.35000000000000003,3.0,3.0,0.2,57,77,0.22807017543859648
progressive/rome_benchmark/grafo3841.57,8,1,random,0.3636363636363636,-0.5,0.35000000000000003,0,0,0.0,57,77,0.21052631578947367
progressive/rome_benchmark/grafo3841.57,8,1,spectral,0.5111111111111111,1.0,0.35000000000000003,4.0,4.0,0.15,57,77,0.17543859649122806
progressive/rome_benchmark/grafo3841.57,16,2,degree,0.7523809523809525,0.5030435841246652,0.35000000000000003,6.5,0.6458333333333333,0.3333333333333333,57,77,0.2631578947368421
progressive/rome_benchmark/grafo3841.57,16,2,closeness,0.46245059288537554,-0.5,0.35000000000000003,0,0,0.0,57,77,0.40350877192982454
progressive/rome_benchmark/grafo3841.57,16,2,betweeness,0.5904761904761905,-0.5,0.35000000000000003,0,0,0.0,57,77,0.3684210526315789
progressive/rome_benchmark/grafo3841.57,16,2,rmc,0.5844155844155845,1.0,0.35000000000000003,3.0,3.0,0.2,57,77,0.38596491228070173
progressive/rome_benchmark/grafo3841.57,16,2,random,0.39869281045751637,0.0,0.35000000000000003,6.0,0.16666666666666666,0.16666666666666669,57,77,0.3157894736842105
progressive/rome_benchmark/grafo3841.57,16,2,spectral,0.65,0.9139784946236559,0.35000000000000003,1.5833333333333333,0.3095238095238095,0.31,57,77,0.2807017543859649
progressive/rome_benchmark/grafo3841.57,24,3,degree,0.4861660079051383,0.37584369449378324,0.35000000000000003,5.666666666666667,0.22569444444444442,0.44666666666666666,57,77,0.40350877192982454
progressive/rome_benchmark/grafo3841.57,24,3,closeness,0.5862068965517242,-0.5,0.35000000000000003,0,0,0.0,57,77,0.5263157894736842
progressive/rome_benchmark/grafo3841.57,24,3,betweeness,0.522167487684729,-0.5,0.35000000000000003,0,0,0.0,57,77,0.5087719298245614
progressive/rome_benchmark/grafo3841.57,24,3,rmc,0.5517241379310344,1.0,0.35000000000000003,1.6666666666666667,0.7916666666666666,0.2,57,77,0.5087719298245614
progressive/rome_benchmark/grafo3841.57,24,3,random,0.5026455026455026,0.0,0.35000000000000003,1.125,0.14583333333333334,0.04,57,77,0.49122807017543857
progressive/rome_benchmark/grafo3841.57,24,3,spectral,0.536231884057971,0.8898071625344351,0.35000000000000003,1.625,0.3194444444444445,0.35,57,77,0.42105263157894735
progressive/rome_benchmark/grafo3841.57,31,4,degree,0.5669515669515671,0.5820312500000001,0.35000000000000003,2.6666666666666665,0.3703703703703703,0.4866666666666667,57,77,0.47368421052631576
progressive/rome_benchmark/grafo3841.57,31,4,closeness,0.571969696969697,0.33333333333333337,0.35000000000000003,1.0,1.0,0.1,57,77,0.5789473684210527
progressive/rome_benchmark/grafo3841.57,31,4,betweeness,0.5725806451612904,0.0,0.35000000000000003,1.25,1.25,0.13333333333333333,57,77,0.5614035087719298
progressive/rome_benchmark/grafo3841.57,31,4,rmc,0.553030303030303,0.19246298788694483,0.35000000000000003,3.25,0.2638888888888889,0.3666666666666667,57,77,0.5789473684210527
progressive/rome_benchmark/grafo3841.57,31,4,random,0.41287878787878785,0.21428571428571427,0.35000000000000003,4.75,0.16666666666666666,0.2,57,77,0.5789473684210527
progressive/rome_benchmark/grafo3841.57,31,4,spectral,0.5172413793103448,0.26047875863374015,0.35000000000000003,1.0416666666666667,0.425,0.55,57,77,0.5087719298245614
progressive/rome_benchmark/grafo3841.57,39,5,degree,0.6221033868092692,0.4456676136363637,0.35000000000000003,2.375,0.23958333333333331,0.4866666666666667,57,77,0.5964912280701754
progressive/rome_benchmark/grafo3841.57,39,5,closeness,0.6158730158730159,0.8000000000000002,0.35000000000000003,0.75,0.4375,0.16666666666666669,57,77,0.631578947368421
progressive/rome_benchmark/grafo3841.57,39,5,betweeness,0.634920634920635,0.4000000000000001,0.35000000000000003,1.5,0.6666666666666666,0.16666666666666669,57,77,0.631578947368421
progressive/rome_benchmark/grafo3841.57,39,5,rmc,0.5817923186344239,0.8641304347826086,0.35000000000000003,1.21875,0.484375,0.3666666666666667,57,77,0.6666666666666666
progressive/rome_benchmark/grafo3841.57,39,5,random,0.6158730158730159,0.4525547445255475,0.35000000000000003,0.5416666666666666,0.36666666666666664,0.2866666666666667,57,77,0.631578947368421
progressive/rome_benchmark/grafo3841.57,39,5,spectral,0.5935828877005349,0.5128824294263955,0.35000000000000003,1.7875,0.4416666666666666,0.71,57,77,0.5964912280701754
progressive/rome_benchmark/grafo3841.57,47,6,degree,0.6546546546546547,0.38278931750741835,0.35000000000000003,1.0555555555555556,0.2380952380952381,0.41166666666666674,57,77,0.6491228070175439
progressive/rome_benchmark/grafo3841.57,47,6,closeness,0.6871794871794872,0.8000000000000002,0.35000000000000003,0.75,0.3,0.16666666666666669,57,77,0.7017543859649122
progressive/rome_benchmark/grafo3841.57,47,6,betweeness,0.6871794871794872,0.4000000000000001,0.35000000000000003,0.75,0.3,0.16666666666666669,57,77,0.7017543859649122
progressive/rome_benchmark/grafo3841.57,47,6,rmc,0.6933797909407666,0.8447712418300654,0.35000000000000003,0.7708333333333334,0.7708333333333334,0.5266666666666666,57,77,0.7368421052631579
progressive/rome_benchmark/grafo3841.57,47,6,random,0.6666666666666667,0.22673796791443845,0.35000000000000003,1.125,0.638888888888889,0.3166666666666667,57,77,0.7017543859649122
progressive/rome_benchmark/grafo3841.57,47,6,spectral,0.7496443812233287,0.6520163117353874,0.35000000000000003,2.25,1.0555555555555556,0.5599999999999999,57,77,0.6666666666666666
progressive/rome_benchmark/grafo3841.57,54,7,degree,0.7166085946573751,0.7122781065088757,0.35000000000000003,2.1666666666666665,0.4222222222222222,0.45,57,77,0.7368421052631579
progressive/rome_benchmark/grafo3841.57,54,7,closeness,0.7268292682926829,0.6196636481241914,0.35000000000000003,0.8125,0.30208333333333337,0.29500000000000004,57,77,0.7192982456140351
progressive/rome_benchmark/grafo3841.57,54,7,betweeness,0.7268292682926829,0.6196636481241914,0.35000000000000003,0.8125,0.30208333333333337,0.29500000000000004,57,77,0.7192982456140351
progressive/rome_benchmark/grafo3841.57,54,7,rmc,0.8183831672203765,0.7235364396654719,0.35000000000000003,1.1500000000000001,0.6625,0.7266666666666668,57,77,0.7543859649122807
progressive/rome_benchmark/grafo3841.57,54,7,random,0.6734299516908213,0.877653392059705,0.35000000000000003,0.42400000000000004,0.2714285714285714,0.7266666666666668,57,77,0.8070175438596491
progressive/rome_benchmark/grafo3841.57,54,7,spectral,0.7746806039488966,0.6671084018022793,0.35000000000000003,1.0833333333333333,0.3819444444444445,0.635,57,77,0.7368421052631579
progressive/rome_benchmark/grafo3841.57,62,8,degree,0.773913043478261,0.6035120996114663,0.35000000000000003,0.4222222222222222,0.16666666666666666,0.62,57,77,0.8070175438596491
progressive/rome_benchmark/grafo3841.57,62,8,closeness,0.7797101449275363,0.8692765957446809,0.35000000000000003,0.4583333333333333,0.35,0.67,57,77,0.8070175438596491
progressive/rome_benchmark/grafo3841.57,62,8,betweeness,0.7797101449275363,0.8692765957446809,0.35000000000000003,0.4583333333333333,0.35,0.67,57,77,0.8070175438596491
progressive/rome_benchmark/grafo3841.57,62,8,rmc,0.8383673469387755,0.8046816502387469,0.35000000000000003,0.6979166666666667,0.4916666666666666,0.76,57,77,0.8771929824561403
progressive/rome_benchmark/grafo3841.57,62,8,random,0.7893877551020408,0.810322580645161,0.35000000000000003,0.5,0.5,0.39166666666666666,57,77,0.8771929824561403
progressive/rome_benchmark/grafo3841.57,62,8,spectral,0.7659574468085107,0.8369585310247087,0.35000000000000003,0.4666666666666666,0.27380952380952384,0.6416666666666666,57,77,0.8421052631578947
progressive/rome_benchmark/grafo3841.57,70,9,degree,0.8595918367346939,0.9981446586461805,0.35000000000000003,0.22142857142857145,0.22142857142857145,0.67,57,77,0.8771929824561403
progressive/rome_benchmark/grafo3841.57,70,9,closeness,0.9403921568627451,1.0,0.35000000000000003,0.37222222222222223,0.37222222222222223,0.75,57,77,0.8947368421052632
progressive/rome_benchmark/grafo3841.57,70,9,betweeness,0.9403921568627451,1.0,0.35000000000000003,0.37222222222222223,0.37222222222222223,0.75,57,77,0.8947368421052632
progressive/rome_benchmark/grafo3841.57,70,9,rmc,0.9390420899854862,1.0,0.35000000000000003,0.23125,0.23125,0.725,57,77,0.9298245614035088
progressive/rome_benchmark/grafo3841.57,70,9,random,0.8616352201257861,1.0,0.35000000000000003,0.5583333333333333,0.4416666666666666,0.8,57,77,0.9473684210526315
progressive/rome_benchmark/grafo3841.57,70,9,spectral,0.8642533936651583,1.0,0.35000000000000003,0.28174603174603174,0.23611111111111108,0.8666666666666666,57,77,0.9122807017543859
progressive/rome_benchmark/grafo3841.57,77,10,degree,1.0,1.0,0.35000000000000003,0.35000000000000003,0.35000000000000003,1.0,57,77,1.0
progressive/rome_benchmark/grafo3841.57,77,10,closeness,1.0,1.0,0.35000000000000003,0.35000000000000003,0.35000000000000003,1.0,57,77,1.0
progressive/rome_benchmark/grafo3841.57,77,10,betweeness,1.0,1.0,0.35000000000000003,0.35000000000000003,0.35000000000000003,1.0,57,77,1.0
progressive/rome_benchmark/grafo3841.57,77,10,rmc,1.0,1.0,0.35000000000000003,0.35000000000000003,0.35000000000000003,1.0,57,77,1.0
progressive/rome_benchmark/grafo3841.57,77,10,random,1.0,1.0,0.35000000000000003,0.35000000000000003,0.35000000000000003,1.0,57,77,1.0
progressive/rome_benchmark/grafo3841.57,77,10,spectral,1.0,1.0,0.35000000000000003,0.35000000000000003,0.35000000000000003,1.0,57,77,1.0
progressive/rome_benchmark/grafo5761.38,5,1,degree,0.9999999999999999,1.0,0.9333333333333332,5.0,1.25,0.14285714285714285,38,46,0.15789473684210525
progressive/rome_benchmark/grafo5761.38,5,1,closeness,0.8666666666666666,-0.5,0.9333333333333332,0,0,0.0,38,46,0.15789473684210525
progressive/rome_benchmark/grafo5761.38,5,1,betweeness,0.8666666666666666,-0.5,0.9333333333333332,0,0,0.0,38,46,0.15789473684210525
progressive/rome_benchmark/grafo5761.38,5,1,rmc,0.23809523809523814,-0.5,0.9333333333333332,0,0,0.0,38,46,0.18421052631578946
progressive/rome_benchmark/grafo5761.38,5,1,random,0.9999999999999999,1.0,0.9333333333333332,5.0,1.25,0.13333333333333333,38,46,0.15789473684210525
progressive/rome_benchmark/grafo5761.38,5,1,spectral,0.6190476190476191,-0.5,0.9333333333333332,0,0,0.0,38,46,0.18421052631578946
progressive/rome_benchmark/grafo5761.38,10,2,degree,0.9393939393939392,1.0,0.9333333333333332,5.0,0.8333333333333334,0.26666666666666666,38,46,0.3157894736842105
progressive/rome_benchmark/grafo5761.38,10,2,closeness,0.4102564102564102,-0.5,0.9333333333333332,0,0,0.0,38,46,0.34210526315789475
progressive/rome_benchmark/grafo5761.38,10,2,betweeness,0.4102564102564102,-0.5,0.9333333333333332,0,0,0.0,38,46,0.34210526315789475
progressive/rome_benchmark/grafo5761.38,10,2,rmc,0.46153846153846145,1.0,0.9333333333333332,3.0,0.75,0.15,38,46,0.34210526315789475
progressive/rome_benchmark/grafo5761.38,10,2,random,0.7090909090909091,0.8,0.9333333333333332,6.0,1.5,0.16666666666666669,38,46,0.2894736842105263
progressive/rome_benchmark/grafo5761.38,10,2,spectral,0.7090909090909091,0.7142857142857143,0.9333333333333332,7.0,1.75,0.2,38,46,0.2894736842105263
progressive/rome_benchmark/grafo5761.38,14,3,degree,0.8241758241758242,0.5468229346202459,0.9333333333333332,6.5,1.0833333333333333,0.3666666666666667,38,46,0.3684210526315789
progressive/rome_benchmark/grafo5761.38,14,3,closeness,0.6,0.4,0.9333333333333332,5.0,1.25,0.14285714285714285,38,46,0.42105263157894735
progressive/rome_benchmark/grafo5761.38,14,3,betweeness,0.6,0.4,0.9333333333333332,5.0,1.25,0.14285714285714285,38,46,0.42105263157894735
progressive/rome_benchmark/grafo5761.38,14,3,rmc,0.5294117647058822,1.0,0.9333333333333332,3.5,1.375,0.22999999999999998,38,46,0.4473684210526316
progressive/rome_benchmark/grafo5761.38,14,3,random,0.5499999999999999,0.22639780018331807,0.9333333333333332,4.5,0.47916666666666663,0.29285714285714287,38,46,0.42105263157894735
progressive/rome_benchmark/grafo5761.38,14,3,spectral,0.37142857142857144,0.5238095238095238,0.9333333333333332,7.0,1.75,0.2,38,46,0.39473684210526316
progressive/rome_benchmark/grafo5761.38,19,4,degree,0.6631578947368422,0.5812938067333103,0.9333333333333332,6.5,1.0833333333333333,0.3666666666666667,38,46,0.5263157894736842
progressive/rome_benchmark/grafo5761.38,19,4,closeness,0.6947368421052632,0.7185063602790316,0.9333333333333332,3.8333333333333335,0.7222222222222222,0.35,38,46,0.5263157894736842
progressive/rome_benchmark/grafo5761.38,19,4,betweeness,0.6947368421052632,0.7185063602790316,0.9333333333333332,3.8333333333333335,0.7222222222222222,0.35,38,46,0.5263157894736842
progressive/rome_benchmark/grafo5761.38,19,4,rmc,0.7894736842105262,1.0,0.9333333333333332,2.6666666666666665,1.25,0.27,38,46,0.5
progressive/rome_benchmark/grafo5761.38,19,4,random,0.6380952380952382,0.10432171301736523,0.9333333333333332,4.25,0.475,0.5,38,46,0.5526315789473685
progressive/rome_benchmark/grafo5761.38,19,4,spectral,0.631578947368421,0.5257845983685885,0.9333333333333332,4.333333333333333,0.8888888888888888,0.26666666666666666,38,46,0.5263157894736842
progressive/rome_benchmark/grafo5761.38,23,5,degree,0.6883116883116883,0.6057557070215298,0.9333333333333332,6.0,1.277777777777778,0.4866666666666667,38,46,0.5789473684210527
progressive/rome_benchmark/grafo5761.38,23,5,closeness,0.7662337662337663,0.8978549540347294,0.9333333333333332,5.333333333333333,0.6666666666666666,0.5166666666666667,38,46,0.5789473684210527
progressive/rome_benchmark/grafo5761.38,23,5,betweeness,0.7662337662337663,0.8978549540347294,0.9333333333333332,5.333333333333333,0.6666666666666666,0.5166666666666667,38,46,0.5789473684210527
progressive/rome_benchmark/grafo5761.38,23,5,rmc,0.6883116883116883,1.0,0.9333333333333332,2.6666666666666665,2.6666666666666665,0.27,38,46,0.5789473684210527
progressive/rome_benchmark/grafo5761.38,23,5,random,0.5217391304347826,0.2812049770792404,0.9333333333333332,5.5,0.6041666666666666,0.35,38,46,0.631578947368421
progressive/rome_benchmark/grafo5761.38,23,5,spectral,0.7142857142857142,0.852234861541997,0.9333333333333332,5.333333333333333,1.0555555555555556,0.3666666666666667,38,46,0.5789473684210527
progressive/rome_benchmark/grafo5761.38,28,6,degree,0.717391304347826,0.4122861265718409,0.9333333333333332,4.7,1.1333333333333333,0.7866666666666667,38,46,0.631578947368421
progressive/rome_benchmark/grafo5761.38,28,6,closeness,0.7230769230769231,1.0,0.9333333333333332,4.375,0.59375,0.5166666666666667,38,46,0.6842105263157895
progressive/rome_benchmark/grafo5761.38,28,6,betweeness,0.7230769230769231,1.0,0.9333333333333332,4.375,0.59375,0.5166666666666667,38,46,0.6842105263157895
progressive/rome_benchmark/grafo5761.38,28,6,rmc,0.6369230769230769,0.43820224719101125,0.9333333333333332,4.333333333333333,1.6666666666666667,0.4866666666666667,38,46,0.6842105263157895
progressive/rome_benchmark/grafo5761.38,28,6,random,0.6827586206896552,0.6842105263157895,0.9333333333333332,1.375,0.75,0.35,38,46,0.7894736842105263
progressive/rome_benchmark/grafo5761.38,28,6,spectral,0.6738461538461539,1.0,0.9333333333333332,2.375,1.0833333333333333,0.3666666666666667,38,46,0.6842105263157895
progressive/rome_benchmark/grafo5761.38,33,7,degree,0.7094017094017095,0.20016491445062878,0.9333333333333332,4.7,1.1333333333333333,0.7866666666666667,38,46,0.7105263157894737
progressive/rome_benchmark/grafo5761.38,33,7,closeness,0.7832512315270934,1.0,0.9333333333333332,4.125,0.9583333333333334,0.6333333333333333,38,46,0.7631578947368421
progressive/rome_benchmark/grafo5761.38,33,7,betweeness,0.7832512315270934,1.0,0.9333333333333332,4.125,0.9583333333333334,0.6333333333333333,38,46,0.7631578947368421
progressive/rome_benchmark/grafo5761.38,33,7,rmc,0.6430107526881721,0.6240601503759399,0.9333333333333332,3.1666666666666665,1.0833333333333333,0.4066666666666666,38,46,0.8157894736842105
progressive/rome_benchmark/grafo5761.38,33,7,random,0.717741935483871,0.7100591715976331,0.9333333333333332,3.375,1.3125,0.5566666666666666,38,46,0.8421052631578947
progressive/rome_benchmark/grafo5761.38,33,7,spectral,0.8518518518518519,1.0,0.9333333333333332,1.125,0.38888888888888884,0.6666666666666667,38,46,0.7368421052631579
progressive/rome_benchmark/grafo5761.38,37,8,degree,0.8322580645161292,0.4712207463630613,0.9333333333333332,4.3,1.0,0.8666666666666668,38,46,0.8157894736842105
progressive/rome_benchmark/grafo5761.38,37,8,closeness,0.8790322580645162,1.0,0.9333333333333332,1.125,0.75,0.6666666666666667,38,46,0.8421052631578947
progressive/rome_benchmark/grafo5761.38,37,8,betweeness,0.8790322580645162,1.0,0.9333333333333332,1.125,0.75,0.6666666666666667,38,46,0.8421052631578947
progressive/rome_benchmark/grafo5761.38,37,8,rmc,0.7647058823529413,0.535483870967742,0.9333333333333332,1.0,1.0,0.54,38,46,0.8947368421052632
progressive/rome_benchmark/grafo5761.38,37,8,random,0.75,0.08429902294932973,0.9333333333333332,2.1875,0.6875,0.6166666666666667,38,46,0.868421052631579
progressive/rome_benchmark/grafo5761.38,37,8,spectral,0.8967741935483872,1.0,0.9333333333333332,0.5700000000000001,0.43333333333333335,0.7666666666666667,38,46,0.8157894736842105
progressive/rome_benchmark/grafo5761.38,42,9,degree,0.9358288770053477,0.5012722646310432,0.9333333333333332,1.75,0.9333333333333332,0.9166666666666667,38,46,0.8947368421052632
progressive/rome_benchmark/grafo5761.38,42,9,closeness,0.9529411764705882,1.0,0.9333333333333332,0.505,0.505,0.5666666666666667,38,46,0.9210526315789473
progressive/rome_benchmark/grafo5761.38,42,9,betweeness,0.9529411764705882,1.0,0.9333333333333332,0.505,0.505,0.5666666666666667,38,46,0.9210526315789473
progressive/rome_benchmark/grafo5761.38,42,9,rmc,0.8984126984126984,0.7757009345794392,0.9333333333333332,0.8333333333333334,0.8333333333333334,0.680952380952381,38,46,0.9473684210526315
progressive/rome_benchmark/grafo5761.38,42,9,random,0.9394957983193278,1.0,0.9333333333333332,1.75,0.9333333333333332,1.0,38,46,0.9210526315789473
progressive/rome_benchmark/grafo5761.38,42,9,spectral,0.8930481283422461,1.0,0.9333333333333332,0.9333333333333332,0.9333333333333332,0.9166666666666667,38,46,0.8947368421052632
progressive/rome_benchmark/grafo5761.38,46,10,degree,1.0,1.0,0.9333333333333332,0.9333333333333332,0.9333333333333332,1.0,38,46,1.0
progressive/rome_benchmark/grafo5761.38,46,10,closeness,1.0,1.0,0.9333333333333332,0.9333333333333332,0.9333333333333332,1.0,38,46,1.0
progressive/rome_benchmark/grafo5761.38,46,10,betweeness,1.0,1.0,0.9333333333333332,0.9333333333333332,0.9333333333333332,1.0,38,46,1.0
progressive/rome_benchmark/grafo5761.38,46,10,rmc,1.0,1.0,0.9333333333333332,0.9333333333333332,0.9333333333333332,1.0,38,46,1.0
progressive/rome_benchmark/grafo5761.38,46,10,random,1.0,1.0,0.9333333333333332,0.9333333333333332,0.9333333333333332,1.0,38,46,1.0
progressive/rome_benchmark/grafo5761.38,46,10,spectral,1.0,1.0,0.9333333333333332,0.9333333333333332,0.9333333333333332,1.0,38,46,1.0